{
  "type": "FeatureCollection",
  "features": [
    {
      "type": "Feature",
      "geometry": {
        "type": "Polygon",
        "coordinates": [
          [
            [
              120.72234303890747,
              33.26700478717949
            ],
            [
              120.5005449270589,
              33.28038404749997
            ],
            [
              120.2758745670574,
              33.28410067096502
            ],
            [
              120.02408974226157,
              33.27878707943134
            ],
            [
              119.75777965527367,
              33.264708942568575
            ],
            [
              119.49370965441194,
              33.24391660659853
            ],
            [
              119.21212413,
              33.21563901538461
            ],
            [
              119.12050808853533,
              33.18375318556121
            ],
            [
              119.02665423247953,
              33.16143060615167
            ],
            [
              118.92479765934955,
              33.146844642497435
            ],
            [
              118.80876034714004,
              33.13993411182916
            ],
            [
              118.70957932750954,
              33.14037699629574
            ],
            [
              118.60306591209603,
              33.14569186458843
            ],
            [
              118.10881343717475,
              33.19376861441662
            ],
            [
              117.9957008281981,
              33.20082179721612
            ],
            [
              117.88996864,
              33.202797656410254
            ],
            [
              117.86357330567449,
              33.1504228716082
            ],
            [
              117.82241318615932,
              33.10525920050313
            ],
            [
              117.76355615724492,
              33.06407681387737
            ],
            [
              117.69115613380805,
              33.02950881479403
            ],
            [
              117.60098723474623,
              32.99895724296903
            ],
            [
              117.49288747707942,
              32.9725012065459
            ],
            [
              117.36017374934094,
              32.94874285026464
            ],
            [
              117.20304656,
              32.92758423504273
            ],
            [
              117.16989822525235,
              32.85068252962703
            ],
            [
              117.12873775101109,
              32.7860156172794
            ],
            [
              117.07898715182331,
              32.73580649131403
            ],
            [
              117.0246670629488,
              32.70317244189927
            ],
            [
              116.97117707807345,
              32.68592703787757
            ],
            [
              116.91036854506105,
              32.67824846156866
            ],
            [
              116.84246958639193,
              32.67925917561001
            ],
            [
              116.74810845,
              32.68914005042735
            ],
            [
              116.40254486,
              32.5478842059829
            ],
            [
              115.78654094000001,
              33.023017399145296
            ],
            [
              115.7397014593054,
              33.06765021596205
            ],
            [
              115.68674219566459,
              33.11078857779755
            ],
            [
              115.60592073525268,
              33.16714834760586
            ],
            [
              115.5158659449088,
              33.221253332482064
            ],
            [
              115.35216205189725,
              33.305434058379134
            ],
            [
              115.15399548625001,
              33.39321420395299
            ],
            [
              114.32916594,
              33.71645515042735
            ],
            [
              114.21623540013181,
              33.68275766973679
            ],
            [
              114.1008021925822,
              33.66038632255085
            ],
            [
              113.97121871012455,
              33.647271959731526
            ],
            [
              113.83315801378923,
              33.64457207076298
            ],
            [
              113.69895377455305,
              33.65068329157344
            ],
            [
              113.55053297153735,
              33.664933907237476
            ],
            [
              113.3815424930701,
              33.68763939023296
            ],
            [
              112.87384273206804,
              33.76532524571244
            ],
            [
              112.71475934596313,
              33.78319229355743
            ],
            [
              112.56892257932844,
              33.79301816812177
            ],
            [
              111.3971689773346,
              33.79454349397476
            ],
            [
              110.98196609469716,
              33.789003148362
            ],
            [
              110.614770560924,
              33.77874022832195
            ],
            [
              110.28234497753388,
              33.76373940706587
            ],
            [
              109.97155960833567,
              33.74367862628125
            ],
            [
              109.67592587898561,
              33.718179495939495
            ],
            [
              109.39542791687204,
              33.68728723802364
            ],
            [
              109.12999287305821,
              33.65120940001486
            ],
            [
              108.87326666915908,
              33.60918441190839
            ],
            [
              108.6499546456763,
              33.56628412002005
            ],
            [
              108.349421385,
              33.4981507042735
            ],
            [
              108.334396864,
              33.4981507042735
            ],
            [
              108.3071919327721,
              33.2896972221197
            ],
            [
              108.28608206711488,
              33.07501450841589
            ],
            [
              108.2728851224264,
              32.87363617872683
            ],
            [
              108.26769631196912,
              32.68417509554122
            ],
            [
              108.2708774598157,
              32.51810088543961
            ],
            [
              108.28201930637373,
              32.374011459708036
            ],
            [
              108.30145468551527,
              32.24858347719437
            ],
            [
              108.32763773913199,
              32.14847382910217
            ],
            [
              108.37740359069046,
              32.0172013123222
            ],
            [
              108.4470673946622,
              31.870581398322958
            ],
            [
              108.53838185185768,
              31.704967035763282
            ],
            [
              108.64944189270227,
              31.52411760074886
            ],
            [
              108.7802654306033,
              31.327972174874432
            ],
            [
              108.93147040852152,
              31.116035740901342
            ],
            [
              109.0996315956395,
              30.893703217106122
            ],
            [
              109.265914939,
              30.685875846153845
            ],
            [
              109.3024600769511,
              30.60191574893009
            ],
            [
              109.32943011606308,
              30.513497160692076
            ],
            [
              109.34806131731058,
              30.416038268893807
            ],
            [
              109.35716526617378,
              30.31508078815657
            ],
            [
              109.35753289419605,
              30.216893286759312
            ],
            [
              109.35037407107126,
              30.116884260773947
            ],
            [
              109.33520289200631,
              30.010051801041122
            ],
            [
              109.31278705875714,
              29.902658853850323
            ],
            [
              109.28200907117406,
              29.78983740974327
            ],
            [
              109.24453671988908,
              29.67811067082254
            ],
            [
              109.20105357103239,
              29.56835850576553
            ],
            [
              109.14967509336131,
              29.456206608884955
            ],
            [
              109.09321465626728,
              29.348220292883624
            ],
            [
              109.02947711329281,
              29.240669424301636
            ],
            [
              108.96194038832995,
              29.139979282713274
            ],
            [
              108.89151430789789,
              29.047320973328162
            ],
            [
              108.81910869851586,
              28.963865601355913
            ],
            [
              108.74898352037022,
              28.893864541373674
            ],
            [
              108.67533586176077,
              28.831778174201027
            ],
            [
              108.60550102487692,
              28.784201591950435
            ],
            [
              108.627006979,
              28.757706999999996
            ],
            [
              108.65574355718927,
              28.63768060989807
            ],
            [
              108.67863275526807,
              28.51511128347085
            ],
            [
              108.69943553705356,
              28.338196233480723
            ],
            [
              108.7047949010777,
              28.16365928984589
            ],
            [
              108.69590209408797,
              28.00751428114874
            ],
            [
              108.67351458678841,
              27.852748086937332
            ],
            [
              108.637314839342,
              27.699523576836068
            ],
            [
              108.588898424,
              27.552564102564098
            ],
            [
              120.60239130434783,
              27.552564102564098
            ],
            [
              120.60239130434783,
              27.60586956521739
            ],
            [
              120.6308695652174,
              27.60586956521739
            ],
            [
              120.6308695652174,
              27.634347826086955
            ],
            [
              120.65934782608696,
              27.634347826086955
            ],
            [
              120.68782608695652,
              27.691304347826083
            ],
            [
              120.68782608695652,
              27.719782608695652
            ],
            [
              120.65934782608696,
              27.719782608695652
            ],
            [
              120.65934782608696,
              27.748260869565215
            ],
            [
              120.6308695652174,
              27.776739130434784
            ],
            [
              120.65934782608696,
              27.776739130434784
            ],
            [
              120.71630434782608,
              27.719782608695652
            ],
            [
              120.77326086956522,
              27.776739130434784
            ],
            [
              120.80173913043478,
              27.833695652173912
            ],
            [
              120.80173913043478,
              27.862173913043478
            ],
            [
              120.8586956521739,
              27.862173913043478
            ],
            [
              120.8586956521739,
              27.97608695652174
            ],
            [
              120.83021739130434,
              27.97608695652174
            ],
            [
              120.74478260869566,
              28.004565217391303
            ],
            [
              120.71630434782608,
              28.033043478260872
            ],
            [
              120.60239130434783,
              28.033043478260872
            ],
            [
              120.57391304347826,
              28.061521739130434
            ],
            [
              120.57391304347826,
              28.118478260869566
            ],
            [
              120.60239130434783,
              28.061521739130434
            ],
            [
              120.74478260869566,
              28.061521739130434
            ],
            [
              120.74478260869566,
              28.033043478260872
            ],
            [
              120.77326086956522,
              28.033043478260872
            ],
            [
              120.80173913043478,
              28.004565217391303
            ],
            [
              120.97260869565217,
              28.004565217391303
            ],
            [
              120.97260869565217,
              28.033043478260872
            ],
            [
              121.00108695652173,
              28.033043478260872
            ],
            [
              121.00108695652173,
              28.118478260869566
            ],
            [
              121.05804347826087,
              28.175434782608697
            ],
            [
              121.08652173913043,
              28.175434782608697
            ],
            [
              121.08652173913043,
              28.20391304347826
            ],
            [
              121.11500000000001,
              28.20391304347826
            ],
            [
              121.11500000000001,
              28.26086956521739
            ],
            [
              121.14347826086957,
              28.289347826086953
            ],
            [
              121.02956521739131,
              28.289347826086953
            ],
            [
              121.02956521739131,
              28.317826086956522
            ],
            [
              121.14347826086957,
              28.317826086956522
            ],
            [
              121.14347826086957,
              28.37478260869565
            ],
            [
              121.17195652173913,
              28.37478260869565
            ],
            [
              121.17195652173913,
              28.403260869565216
            ],
            [
              121.2004347826087,
              28.37478260869565
            ],
            [
              121.2004347826087,
              28.346304347826088
            ],
            [
              121.25739130434783,
              28.289347826086953
            ],
            [
              121.22891304347826,
              28.26086956521739
            ],
            [
              121.25739130434783,
              28.232391304347825
            ],
            [
              121.2858695652174,
              28.232391304347825
            ],
            [
              121.2858695652174,
              28.20391304347826
            ],
            [
              121.31434782608696,
              28.20391304347826
            ],
            [
              121.31434782608696,
              28.175434782608697
            ],
            [
              121.37130434782608,
              28.175434782608697
            ],
            [
              121.37130434782608,
              28.20391304347826
            ],
            [
              121.34282608695652,
              28.20391304347826
            ],
            [
              121.37130434782608,
              28.232391304347825
            ],
            [
              121.37130434782608,
              28.26086956521739
            ],
            [
              121.42826086956522,
              28.26086956521739
            ],
            [
              121.42826086956522,
              28.289347826086953
            ],
            [
              121.39978260869566,
              28.289347826086953
            ],
            [
              121.39978260869566,
              28.317826086956522
            ],
            [
              121.42826086956522,
              28.317826086956522
            ],
            [
              121.45673913043478,
              28.346304347826088
            ],
            [
              121.54217391304348,
              28.346304347826088
            ],
            [
              121.57065217391305,
              28.317826086956522
            ],
            [
              121.57065217391305,
              28.289347826086953
            ],
            [
              121.59913043478261,
              28.26086956521739
            ],
            [
              121.59913043478261,
              28.289347826086953
            ],
            [
              121.62760869565217,
              28.289347826086953
            ],
            [
              121.65608695652173,
              28.346304347826088
            ],
            [
              121.65608695652173,
              28.37478260869565
            ],
            [
              121.62760869565217,
              28.37478260869565
            ],
            [
              121.62760869565217,
              28.403260869565216
            ],
            [
              121.59913043478261,
              28.431739130434785
            ],
            [
              121.59913043478261,
              28.460217391304347
            ],
            [
              121.57065217391305,
              28.460217391304347
            ],
            [
              121.59913043478261,
              28.488695652173913
            ],
            [
              121.57065217391305,
              28.51717391304348
            ],
            [
              121.57065217391305,
              28.545652173913044
            ],
            [
              121.54217391304348,
              28.57413043478261
            ],
            [
              121.54217391304348,
              28.631086956521738
            ],
            [
              121.51369565217391,
              28.631086956521738
            ],
            [
              121.51369565217391,
              28.68804347826087
            ],
            [
              121.48521739130435,
              28.68804347826087
            ],
            [
              121.45673913043478,
              28.716521739130435
            ],
            [
              121.51369565217391,
              28.716521739130435
            ],
            [
              121.59913043478261,
              28.745
            ],
            [
              121.62760869565217,
              28.745
            ],
            [
              121.62760869565217,
              28.830434782608695
            ],
            [
              121.65608695652173,
              28.830434782608695
            ],
            [
              121.65608695652173,
              28.85891304347826
            ],
            [
              121.62760869565217,
              28.85891304347826
            ],
            [
              121.62760869565217,
              28.887391304347826
            ],
            [
              121.59913043478261,
              28.915869565217392
            ],
            [
              121.54217391304348,
              28.915869565217392
            ],
            [
              121.51369565217391,
              28.944347826086954
            ],
            [
              121.48521739130435,
              28.944347826086954
            ],
            [
              121.48521739130435,
              28.972826086956523
            ],
            [
              121.54217391304348,
              28.972826086956523
            ],
            [
              121.54217391304348,
              28.944347826086954
            ],
            [
              121.59913043478261,
              28.944347826086954
            ],
            [
              121.59913043478261,
              28.972826086956523
            ],
            [
              121.62760869565217,
              28.944347826086954
            ],
            [
              121.68456521739131,
              28.944347826086954
            ],
            [
              121.71304347826087,
              28.972826086956523
            ],
            [
              121.65608695652173,
              28.972826086956523
            ],
            [
              121.65608695652173,
              29.02978260869565
            ],
            [
              121.68456521739131,
              29.02978260869565
            ],
            [
              121.68456521739131,
              29.058260869565217
            ],
            [
              121.59913043478261,
              29.058260869565217
            ],
            [
              121.62760869565217,
              29.086739130434786
            ],
            [
              121.62760869565217,
              29.14369565217391
            ],
            [
              121.54217391304348,
              29.14369565217391
            ],
            [
              121.48521739130435,
              29.11521739130435
            ],
            [
              121.39978260869566,
              29.11521739130435
            ],
            [
              121.42826086956522,
              29.14369565217391
            ],
            [
              121.45673913043478,
              29.14369565217391
            ],
            [
              121.45673913043478,
              29.172173913043476
            ],
            [
              121.45673913043478,
              29.200652173913042
            ],
            [
              121.51369565217391,
              29.200652173913042
            ],
            [
              121.51369565217391,
              29.229130434782608
            ],
            [
              121.54217391304348,
              29.257608695652173
            ],
            [
              121.54217391304348,
              29.286086956521736
            ],
            [
              121.57065217391305,
              29.286086956521736
            ],
            [
              121.57065217391305,
              29.314565217391305
            ],
            [
              121.59913043478261,
              29.314565217391305
            ],
            [
              121.59913043478261,
              29.257608695652173
            ],
            [
              121.62760869565217,
              29.229130434782608
            ],
            [
              121.65608695652173,
              29.229130434782608
            ],
            [
              121.65608695652173,
              29.200652173913042
            ],
            [
              121.74152173913043,
              29.200652173913042
            ],
            [
              121.74152173913043,
              29.229130434782608
            ],
            [
              121.77000000000001,
              29.257608695652173
            ],
            [
              121.77000000000001,
              29.400000000000002
            ],
            [
              121.79847826086957,
              29.400000000000002
            ],
            [
              121.79847826086957,
              29.172173913043476
            ],
            [
              121.77000000000001,
              29.14369565217391
            ],
            [
              121.82695652173913,
              29.14369565217391
            ],
            [
              121.82695652173913,
              29.11521739130435
            ],
            [
              121.8554347826087,
              29.11521739130435
            ],
            [
              121.8554347826087,
              29.172173913043476
            ],
            [
              121.82695652173913,
              29.172173913043476
            ],
            [
              121.88391304347826,
              29.200652173913042
            ],
            [
              121.94086956521738,
              29.200652173913042
            ],
            [
              121.94086956521738,
              29.229130434782608
            ],
            [
              121.96934782608696,
              29.229130434782608
            ],
            [
              121.94086956521738,
              29.257608695652173
            ],
            [
              121.96934782608696,
              29.286086956521736
            ],
            [
              121.91239130434784,
              29.286086956521736
            ],
            [
              121.91239130434784,
              29.343043478260867
            ],
            [
              121.94086956521738,
              29.343043478260867
            ],
            [
              121.91239130434784,
              29.371521739130433
            ],
            [
              121.91239130434784,
              29.428478260869568
            ],
            [
              121.94086956521738,
              29.45695652173913
            ],
            [
              121.94086956521738,
              29.428478260869568
            ],
            [
              121.96934782608696,
              29.428478260869568
            ],
            [
              121.96934782608696,
              29.45695652173913
            ],
            [
              121.94086956521738,
              29.485434782608692
            ],
            [
              121.94086956521738,
              29.51391304347826
            ],
            [
              121.91239130434784,
              29.51391304347826
            ],
            [
              121.91239130434784,
              29.542391304347824
            ],
            [
              121.94086956521738,
              29.542391304347824
            ],
            [
              121.94086956521738,
              29.570869565217393
            ],
            [
              121.96934782608696,
              29.570869565217393
            ],
            [
              121.96934782608696,
              29.627826086956524
            ],
            [
              121.94086956521738,
              29.627826086956524
            ],
            [
              121.94086956521738,
              29.656304347826087
            ],
            [
              121.91239130434784,
              29.656304347826087
            ],
            [
              121.88391304347826,
              29.627826086956524
            ],
            [
              121.8554347826087,
              29.656304347826087
            ],
            [
              121.8554347826087,
              29.627826086956524
            ],
            [
              121.79847826086957,
              29.627826086956524
            ],
            [
              121.74152173913043,
              29.570869565217393
            ],
            [
              121.82695652173913,
              29.570869565217393
            ],
            [
              121.8554347826087,
              29.542391304347824
            ],
            [
              121.82695652173913,
              29.542391304347824
            ],
            [
              121.79847826086957,
              29.51391304347826
            ],
            [
              121.79847826086957,
              29.485434782608692
            ],
            [
              121.77000000000001,
              29.485434782608692
            ],
            [
              121.77000000000001,
              29.542391304347824
            ],
            [
              121.68456521739131,
              29.542391304347824
            ],
            [
              121.65608695652173,
              29.51391304347826
            ],
            [
              121.59913043478261,
              29.51391304347826
            ],
            [
              121.54217391304348,
              29.45695652173913
            ],
            [
              121.54217391304348,
              29.428478260869568
            ],
            [
              121.51369565217391,
              29.428478260869568
            ],
            [
              121.48521739130435,
              29.400000000000002
            ],
            [
              121.48521739130435,
              29.428478260869568
            ],
            [
              121.51369565217391,
              29.45695652173913
            ],
            [
              121.48521739130435,
              29.485434782608692
            ],
            [
              121.48521739130435,
              29.45695652173913
            ],
            [
              121.45673913043478,
              29.428478260869568
            ],
            [
              121.45673913043478,
              29.45695652173913
            ],
            [
              121.42826086956522,
              29.485434782608692
            ],
            [
              121.45673913043478,
              29.51391304347826
            ],
            [
              121.45673913043478,
              29.542391304347824
            ],
            [
              121.48521739130435,
              29.542391304347824
            ],
            [
              121.48521739130435,
              29.570869565217393
            ],
            [
              121.51369565217391,
              29.570869565217393
            ],
            [
              121.51369565217391,
              29.542391304347824
            ],
            [
              121.54217391304348,
              29.51391304347826
            ],
            [
              121.57065217391305,
              29.570869565217393
            ],
            [
              121.68456521739131,
              29.570869565217393
            ],
            [
              121.82695652173913,
              29.713260869565218
            ],
            [
              121.8554347826087,
              29.713260869565218
            ],
            [
              121.8554347826087,
              29.741739130434784
            ],
            [
              121.88391304347826,
              29.77021739130435
            ],
            [
              121.91239130434784,
              29.77021739130435
            ],
            [
              121.91239130434784,
              29.79869565217391
            ],
            [
              121.94086956521738,
              29.79869565217391
            ],
            [
              121.96934782608696,
              29.827173913043477
            ],
            [
              122.02630434782608,
              29.855652173913043
            ],
            [
              122.05478260869566,
              29.855652173913043
            ],
            [
              122.11173913043478,
              29.88413043478261
            ],
            [
              122.14021739130435,
              29.912608695652175
            ],
            [
              121.99782608695652,
              29.912608695652175
            ],
            [
              121.99782608695652,
              29.941086956521737
            ],
            [
              121.96934782608696,
              29.969565217391306
            ],
            [
              121.94086956521738,
              29.969565217391306
            ],
            [
              121.94086956521738,
              29.912608695652175
            ],
            [
              121.91239130434784,
              29.941086956521737
            ],
            [
              121.88391304347826,
              29.941086956521737
            ],
            [
              121.8554347826087,
              29.969565217391306
            ],
            [
              121.79847826086957,
              29.969565217391306
            ],
            [
              121.77000000000001,
              29.99804347826087
            ],
            [
              121.74152173913043,
              29.99804347826087
            ],
            [
              121.71304347826087,
              29.99804347826087
            ],
            [
              121.68456521739131,
              30.026521739130434
            ],
            [
              121.65608695652173,
              30.026521739130434
            ],
            [
              121.65608695652173,
              30.055
            ],
            [
              121.62760869565217,
              30.083478260869565
            ],
            [
              121.59913043478261,
              30.140434782608693
            ],
            [
              121.54217391304348,
              30.168913043478263
            ],
            [
              121.51369565217391,
              30.22586956521739
            ],
            [
              121.45673913043478,
              30.282826086956522
            ],
            [
              121.42826086956522,
              30.311304347826088
            ],
            [
              121.31434782608696,
              30.368260869565216
            ],
            [
              121.17195652173913,
              30.368260869565216
            ],
            [
              121.11500000000001,
              30.311304347826088
            ],
            [
              121.0390579710145,
              30.254347826086956
            ],
            [
              121.00108695652173,
              30.22586956521739
            ],
            [
              120.97260869565217,
              30.22586956521739
            ],
            [
              120.94413043478261,
              30.197391304347825
            ],
            [
              120.83021739130434,
              30.197391304347825
            ],
            [
              120.80173913043478,
              30.22586956521739
            ],
            [
              120.74478260869566,
              30.254347826086956
            ],
            [
              120.71630434782608,
              30.254347826086956
            ],
            [
              120.68782608695652,
              30.282826086956522
            ],
            [
              120.65934782608696,
              30.368260869565216
            ],
            [
              120.6308695652174,
              30.39673913043478
            ],
            [
              120.46000000000001,
              30.39673913043478
            ],
            [
              120.43152173913043,
              30.311304347826088
            ],
            [
              120.40304347826087,
              30.311304347826088
            ],
            [
              120.40304347826087,
              30.39673913043478
            ],
            [
              120.43152173913043,
              30.39673913043478
            ],
            [
              120.48847826086957,
              30.425217391304347
            ],
            [
              120.68782608695652,
              30.425217391304347
            ],
            [
              120.74478260869566,
              30.368260869565216
            ],
            [
              120.74478260869566,
              30.33978260869565
            ],
            [
              120.77326086956522,
              30.311304347826088
            ],
            [
              120.83021739130434,
              30.311304347826088
            ],
            [
              120.8586956521739,
              30.33978260869565
            ],
            [
              120.88717391304348,
              30.39673913043478
            ],
            [
              120.91565217391305,
              30.39673913043478
            ],
            [
              120.88717391304348,
              30.425217391304347
            ],
            [
              120.91565217391305,
              30.425217391304347
            ],
            [
              120.94413043478261,
              30.453695652173913
            ],
            [
              120.91565217391305,
              30.482173913043475
            ],
            [
              120.94413043478261,
              30.482173913043475
            ],
            [
              120.94413043478261,
              30.510652173913044
            ],
            [
              120.97260869565217,
              30.567608695652176
            ],
            [
              121.00108695652173,
              30.567608695652176
            ],
            [
              121.02956521739131,
              30.596086956521738
            ],
            [
              121.11500000000001,
              30.596086956521738
            ],
            [
              121.11500000000001,
              30.624565217391307
            ],
            [
              121.14347826086957,
              30.624565217391307
            ],
            [
              121.14347826086957,
              30.65304347826087
            ],
            [
              121.17195652173913,
              30.65304347826087
            ],
            [
              121.2004347826087,
              30.681521739130435
            ],
            [
              121.22891304347826,
              30.681521739130435
            ],
            [
              121.25739130434783,
              30.71
            ],
            [
              121.34282608695652,
              30.71
            ],
            [
              121.34282608695652,
              30.738478260869563
            ],
            [
              121.39978260869566,
              30.795434782608694
            ],
            [
              121.45673913043478,
              30.795434782608694
            ],
            [
              121.48521739130435,
              30.82391304347826
            ],
            [
              121.54217391304348,
              30.82391304347826
            ],
            [
              121.62760869565217,
              30.852391304347826
            ],
            [
              121.74152173913043,
              30.852391304347826
            ],
            [
              121.79847826086957,
              30.88086956521739
            ],
            [
              121.96934782608696,
              30.88086956521739
            ],
            [
              121.96934782608696,
              30.937826086956523
            ],
            [
              121.88391304347826,
              31.108695652173914
            ],
            [
              121.77000000000001,
              31.222608695652173
            ],
            [
              121.71304347826087,
              31.30804347826087
            ],
            [
              121.65608695652173,
              31.336521739130433
            ],
            [
              121.62760869565217,
              31.365000000000002
            ],
            [
              121.54217391304348,
              31.393478260869564
            ],
            [
              121.45673913043478,
              31.450434782608696
            ],
            [
              121.42826086956522,
              31.478913043478258
            ],
            [
              121.37130434782608,
              31.507391304347827
            ],
            [
              121.34282608695652,
              31.507391304347827
            ],
            [
              121.31434782608696,
              31.53586956521739
            ],
            [
              121.25739130434783,
              31.62130434782609
            ],
            [
              121.2004347826087,
              31.649782608695652
            ],
            [
              121.14347826086957,
              31.706739130434784
            ],
            [
              121.05804347826087,
              31.735217391304346
            ],
            [
              121.00108695652173,
              31.763695652173915
            ],
            [
              120.94413043478261,
              31.763695652173915
            ],
            [
              120.88717391304348,
              31.792173913043477
            ],
            [
              120.83021739130434,
              31.792173913043477
            ],
            [
              120.74478260869566,
              31.820652173913043
            ],
            [
              120.71630434782608,
              31.84913043478261
            ],
            [
              120.71630434782608,
              31.877608695652174
            ],
            [
              120.74478260869566,
              31.84913043478261
            ],
            [
              120.80173913043478,
              31.820652173913043
            ],
            [
              120.83021739130434,
              31.84913043478261
            ],
            [
              120.80173913043478,
              31.877608695652174
            ],
            [
              120.74478260869566,
              31.991521739130434
            ],
            [
              120.68782608695652,
              32.019999999999996
            ],
            [
              120.60239130434783,
              32.019999999999996
            ],
            [
              120.51695652173913,
              32.048478260869565
            ],
            [
              120.46000000000001,
              32.048478260869565
            ],
            [
              120.46000000000001,
              31.991521739130434
            ],
            [
              120.43152173913043,
              31.991521739130434
            ],
            [
              120.34608695652175,
              31.96304347826087
            ],
            [
              120.23217391304348,
              31.934565217391302
            ],
            [
              120.11826086956522,
              31.934565217391302
            ],
            [
              120.03282608695653,
              31.96304347826087
            ],
            [
              120.00434782608696,
              31.96304347826087
            ],
            [
              119.94739130434783,
              32.019999999999996
            ],
            [
              119.94739130434783,
              32.048478260869565
            ],
            [
              119.91891304347826,
              32.076956521739135
            ],
            [
              119.86195652173913,
              32.1054347826087
            ],
            [
              119.8904347826087,
              32.1054347826087
            ],
            [
              119.8904347826087,
              32.13391304347826
            ],
            [
              119.86195652173913,
              32.16239130434782
            ],
            [
              119.83347826086957,
              32.276304347826084
            ],
            [
              119.805,
              32.30478260869565
            ],
            [
              119.74804347826087,
              32.30478260869565
            ],
            [
              119.7195652173913,
              32.276304347826084
            ],
            [
              119.77652173913043,
              32.21934782608696
            ],
            [
              119.7195652173913,
              32.21934782608696
            ],
            [
              119.7195652173913,
              32.24782608695652
            ],
            [
              119.66260869565217,
              32.24782608695652
            ],
            [
              119.66260869565217,
              32.30478260869565
            ],
            [
              119.69108695652174,
              32.30478260869565
            ],
            [
              119.69108695652174,
              32.333260869565216
            ],
            [
              119.805,
              32.333260869565216
            ],
            [
              119.83347826086957,
              32.30478260869565
            ],
            [
              119.86195652173913,
              32.30478260869565
            ],
            [
              119.86195652173913,
              32.276304347826084
            ],
            [
              119.8904347826087,
              32.21934782608696
            ],
            [
              119.91891304347826,
              32.24782608695652
            ],
            [
              119.91891304347826,
              32.13391304347826
            ],
            [
              120.00434782608696,
              32.019999999999996
            ],
            [
              120.03282608695653,
              32.019999999999996
            ],
            [
              120.08978260869566,
              31.96304347826087
            ],
            [
              120.26065217391304,
              31.96304347826087
            ],
            [
              120.2891304347826,
              31.991521739130434
            ],
            [
              120.37456521739131,
              32.048478260869565
            ],
            [
              120.48847826086957,
              32.1054347826087
            ],
            [
              120.6308695652174,
              32.1054347826087
            ],
            [
              120.74478260869566,
              32.048478260869565
            ],
            [
              120.80173913043478,
              32.048478260869565
            ],
            [
              120.8586956521739,
              32.019999999999996
            ],
            [
              120.91565217391305,
              31.934565217391302
            ],
            [
              120.91565217391305,
              31.90608695652174
            ],
            [
              120.94413043478261,
              31.90608695652174
            ],
            [
              120.94413043478261,
              31.84913043478261
            ],
            [
              120.97260869565217,
              31.820652173913043
            ],
            [
              121.00108695652173,
              31.84913043478261
            ],
            [
              121.02956521739131,
              31.84913043478261
            ],
            [
              121.05804347826087,
              31.820652173913043
            ],
            [
              121.11500000000001,
              31.820652173913043
            ],
            [
              121.2858695652174,
              31.90608695652174
            ],
            [
              121.31434782608696,
              31.90608695652174
            ],
            [
              121.48521739130435,
              31.820652173913043
            ],
            [
              121.51369565217391,
              31.820652173913043
            ],
            [
              121.51369565217391,
              31.792173913043477
            ],
            [
              121.57065217391305,
              31.792173913043477
            ],
            [
              121.59913043478261,
              31.763695652173915
            ],
            [
              121.65608695652173,
              31.763695652173915
            ],
            [
              121.68456521739131,
              31.735217391304346
            ],
            [
              121.74152173913043,
              31.735217391304346
            ],
            [
              121.82695652173913,
              31.706739130434784
            ],
            [
              121.88391304347826,
              31.706739130434784
            ],
            [
              121.91239130434784,
              31.735217391304346
            ],
            [
              121.94086956521738,
              31.735217391304346
            ],
            [
              121.91239130434784,
              31.763695652173915
            ],
            [
              121.91239130434784,
              31.792173913043477
            ],
            [
              121.88391304347826,
              31.84913043478261
            ],
            [
              121.88391304347826,
              31.877608695652174
            ],
            [
              121.8554347826087,
              31.934565217391302
            ],
            [
              121.82695652173913,
              31.934565217391302
            ],
            [
              121.82695652173913,
              31.96304347826087
            ],
            [
              121.74152173913043,
              32.048478260869565
            ],
            [
              121.68456521739131,
              32.048478260869565
            ],
            [
              121.65608695652173,
              32.076956521739135
            ],
            [
              121.54217391304348,
              32.13391304347826
            ],
            [
              121.45673913043478,
              32.13391304347826
            ],
            [
              121.42826086956522,
              32.16239130434782
            ],
            [
              121.42826086956522,
              32.19086956521739
            ],
            [
              121.39978260869566,
              32.19086956521739
            ],
            [
              121.37130434782608,
              32.24782608695652
            ],
            [
              121.39978260869566,
              32.276304347826084
            ],
            [
              121.42826086956522,
              32.276304347826084
            ],
            [
              121.39978260869566,
              32.361739130434785
            ],
            [
              121.39978260869566,
              32.39021739130435
            ],
            [
              121.34282608695652,
              32.41869565217391
            ],
            [
              121.2858695652174,
              32.47565217391304
            ],
            [
              121.22891304347826,
              32.50413043478261
            ],
            [
              121.14347826086957,
              32.50413043478261
            ],
            [
              121.11500000000001,
              32.53260869565217
            ],
            [
              121.11500000000001,
              32.50413043478261
            ],
            [
              121.08652173913043,
              32.53260869565217
            ],
            [
              121.08652173913043,
              32.56108695652174
            ],
            [
              121.05804347826087,
              32.56108695652174
            ],
            [
              121.02956521739131,
              32.5895652173913
            ],
            [
              120.97260869565217,
              32.61804347826087
            ],
            [
              120.94413043478261,
              32.61804347826087
            ],
            [
              120.91565217391305,
              32.646521739130435
            ],
            [
              120.91565217391305,
              32.675
            ],
            [
              120.8586956521739,
              32.675
            ],
            [
              120.83021739130434,
              32.703478260869566
            ],
            [
              120.83021739130434,
              32.73195652173913
            ],
            [
              120.8586956521739,
              32.73195652173913
            ],
            [
              120.8586956521739,
              32.7604347826087
            ],
            [
              120.91565217391305,
              32.81739130434782
            ],
            [
              120.91565217391305,
              32.874347826086954
            ],
            [
              120.88717391304348,
              32.98826086956522
            ],
            [
              120.88717391304348,
              33.04521739130435
            ],
            [
              120.83021739130434,
              33.04521739130435
            ],
            [
              120.83021739130434,
              33.10217391304348
            ],
            [
              120.80173913043478,
              33.13065217391304
            ],
            [
              120.80173913043478,
              33.15913043478261
            ],
            [
              120.77326086956522,
              33.18760869565217
            ],
            [
              120.71630434782608,
              33.216086956521735
            ],
            [
              120.74478260869566,
              33.216086956521735
            ],
            [
              120.74478260869566,
              33.244565217391305
            ],
            [
              120.72234303890747,
              33.26700478717949
            ]
          ],
          [
            [
              121.59913043478261,
              29.058260869565217
            ],
            [
              121.54217391304348,
              29.058260869565217
            ],
            [
              121.54217391304348,
              29.086739130434786
            ],
            [
              121.57065217391305,
              29.086739130434786
            ],
            [
              121.59913043478261,
              29.058260869565217
            ]
          ],
          [
            [
              121.45673913043478,
              29.172173913043476
            ],
            [
              121.39978260869566,
              29.172173913043476
            ],
            [
              121.42826086956522,
              29.200652173913042
            ],
            [
              121.45673913043478,
              29.172173913043476
            ]
          ],
          [
            [
              121.74152173913043,
              29.969565217391306
            ],
            [
              121.71304347826087,
              29.969565217391306
            ],
            [
              121.74152173913043,
              29.99804347826087
            ],
            [
              121.74152173913043,
              29.969565217391306
            ]
          ],
          [
            [
              120.74478260869566,
              30.254347826086956
            ],
            [
              120.65934782608696,
              30.168913043478263
            ],
            [
              120.65934782608696,
              30.140434782608693
            ],
            [
              120.68782608695652,
              30.11195652173913
            ],
            [
              120.65934782608696,
              30.11195652173913
            ],
            [
              120.6308695652174,
              30.140434782608693
            ],
            [
              120.6308695652174,
              30.168913043478263
            ],
            [
              120.68782608695652,
              30.22586956521739
            ],
            [
              120.74478260869566,
              30.254347826086956
            ]
          ],
          [
            [
              120.68782608695652,
              30.11195652173913
            ],
            [
              120.74478260869566,
              30.11195652173913
            ],
            [
              120.71630434782608,
              30.083478260869565
            ],
            [
              120.68782608695652,
              30.11195652173913
            ]
          ],
          [
            [
              120.40304347826087,
              30.282826086956522
            ],
            [
              120.37456521739131,
              30.254347826086956
            ],
            [
              120.31760869565217,
              30.254347826086956
            ],
            [
              120.31760869565217,
              30.282826086956522
            ],
            [
              120.26065217391304,
              30.282826086956522
            ],
            [
              120.2036956521739,
              30.22586956521739
            ],
            [
              120.14673913043478,
              30.22586956521739
            ],
            [
              120.2036956521739,
              30.254347826086956
            ],
            [
              120.23217391304348,
              30.311304347826088
            ],
            [
              120.31760869565217,
              30.311304347826088
            ],
            [
              120.34608695652175,
              30.282826086956522
            ],
            [
              120.37456521739131,
              30.282826086956522
            ],
            [
              120.40304347826087,
              30.311304347826088
            ],
            [
              120.40304347826087,
              30.282826086956522
            ]
          ],
          [
            [
              119.86195652173913,
              32.1054347826087
            ],
            [
              119.77652173913043,
              32.13391304347826
            ],
            [
              119.83347826086957,
              32.13391304347826
            ],
            [
              119.86195652173913,
              32.1054347826087
            ]
          ],
          [
            [
              119.805,
              32.21934782608696
            ],
            [
              119.805,
              32.16239130434782
            ],
            [
              119.77652173913043,
              32.16239130434782
            ],
            [
              119.77652173913043,
              32.21934782608696
            ],
            [
              119.805,
              32.21934782608696
            ]
          ],
          [
            [
              119.66260869565217,
              32.21934782608696
            ],
            [
              119.6341304347826,
              32.21934782608696
            ],
            [
              119.66260869565217,
              32.24782608695652
            ],
            [
              119.66260869565217,
              32.21934782608696
            ]
          ],
          [
            [
              119.66260869565217,
              32.333260869565216
            ],
            [
              119.66260869565217,
              32.361739130434785
            ],
            [
              119.69108695652174,
              32.333260869565216
            ],
            [
              119.66260869565217,
              32.333260869565216
            ]
          ],
          [
            [
              119.60565217391304,
              32.361739130434785
            ],
            [
              119.6341304347826,
              32.39021739130435
            ],
            [
              119.66260869565217,
              32.361739130434785
            ],
            [
              119.60565217391304,
              32.361739130434785
            ]
          ],
          [
            [
              120.80173913043478,
              30.083478260869565
            ],
            [
              120.77326086956522,
              30.083478260869565
            ],
            [
              120.77326086956522,
              30.11195652173913
            ],
            [
              120.80173913043478,
              30.083478260869565
            ]
          ],
          [
            [
              121.62760869565217,
              29.314565217391305
            ],
            [
              121.65608695652173,
              29.314565217391305
            ],
            [
              121.65608695652173,
              29.286086956521736
            ],
            [
              121.62760869565217,
              29.286086956521736
            ],
            [
              121.62760869565217,
              29.314565217391305
            ]
          ],
          [
            [
              121.14347826086957,
              28.85891304347826
            ],
            [
              121.17195652173913,
              28.85891304347826
            ],
            [
              121.17195652173913,
              28.830434782608695
            ],
            [
              121.14347826086957,
              28.85891304347826
            ]
          ],
          [
            [
              121.22891304347826,
              28.773478260869567
            ],
            [
              121.2858695652174,
              28.773478260869567
            ],
            [
              121.31434782608696,
              28.745
            ],
            [
              121.34282608695652,
              28.745
            ],
            [
              121.34282608695652,
              28.716521739130435
            ],
            [
              121.31434782608696,
              28.716521739130435
            ],
            [
              121.25739130434783,
              28.68804347826087
            ],
            [
              121.25739130434783,
              28.716521739130435
            ],
            [
              121.2858695652174,
              28.716521739130435
            ],
            [
              121.2858695652174,
              28.745
            ],
            [
              121.22891304347826,
              28.773478260869567
            ]
          ],
          [
            [
              121.37130434782608,
              28.68804347826087
            ],
            [
              121.37130434782608,
              28.716521739130435
            ],
            [
              121.42826086956522,
              28.716521739130435
            ],
            [
              121.39978260869566,
              28.702282608695654
            ],
            [
              121.37130434782608,
              28.68804347826087
            ]
          ]
        ]
      },
      "properties": {
        "id": "jin-327-partial-reconstruction",
        "entityId": "jin",
        "regionIds": [
          "china-core"
        ],
        "validity": {
          "start": {
            "earliest": "0327-01-01",
            "latest": "0327-01-01"
          },
          "endExclusive": {
            "earliest": "0328-01-01",
            "latest": "0328-01-01"
          },
          "precision": "year",
          "label": "约327年原图所示部分东晋疆域 · 争议复原；非全年实控"
        },
        "temporalSupport": "snapshot",
        "snapshotYear": 327,
        "relation": "reconstruction",
        "spatialPrecision": "disputed",
        "interpretationId": "zunkir-eastern-jin-dated",
        "evidence": [
          {
            "sourceId": "commons-eastern-jin-327",
            "locator": "path2987; path2989; path3075；Jin orientaux标签；原图年份标题",
            "note": "原图部分图幅的争议复原轮廓，非全年实控审定；所列书目尚未逐页独立核对。383年只取战前红线，反击后棕线无明确年份，排除。"
          },
          {
            "sourceId": "commons-eastern-china-relief",
            "locator": "SVG 920×1006；scale(1,1.17)；三图共享2000×1335嵌入底图；data/registration/eastern-jin-dated.json",
            "note": "按作者声明的等距圆柱投影及同源放大裁切转换，非城市点拟合。Geobox页面N/S颠倒；以独立湖泊检查确认方向。"
          },
          {
            "sourceId": "natural-earth-registration-lakes",
            "locator": "sources/natural-earth/eastern-relief-check-lakes.geojson；青海湖、太湖、洪泽湖、鄱阳湖",
            "note": "四个现代湖泊重心仅作独立坐标检查，均未参与拟合。不是历史政治边界。"
          }
        ],
        "review": {
          "status": "verified",
          "reviewerKind": "agent",
          "reviewer": "Codex（来源轮廓与坐标转换复核，非历史专家审定）",
          "checkedAt": "2026-10-06",
          "evidence": [
            {
              "sourceId": "commons-eastern-jin-327",
              "locator": "path2987; path2989; path3075；Jin orientaux标签；原图年份标题",
              "note": "原图部分图幅的争议复原轮廓，非全年实控审定；所列书目尚未逐页独立核对。383年只取战前红线，反击后棕线无明确年份，排除。"
            },
            {
              "sourceId": "commons-eastern-china-relief",
              "locator": "SVG 920×1006；scale(1,1.17)；三图共享2000×1335嵌入底图；data/registration/eastern-jin-dated.json",
              "note": "按作者声明的等距圆柱投影及同源放大裁切转换，非城市点拟合。Geobox页面N/S颠倒；以独立湖泊检查确认方向。"
            },
            {
              "sourceId": "natural-earth-registration-lakes",
              "locator": "sources/natural-earth/eastern-relief-check-lakes.geojson；青海湖、太湖、洪泽湖、鄱阳湖",
              "note": "四个现代湖泊重心仅作独立坐标检查，均未参与拟合。不是历史政治边界。"
            }
          ]
        },
        "compilation": {
          "method": "原始SVG边界曲线采样；按作者声明的等距圆柱投影和117%南北伸长还原；同源底图岸线裁切连续大陆；不外推其他年份。",
          "sourceScale": null,
          "controlPoints": [],
          "errorNote": "四个独立湖泊检查最大残差3.21公里，只验证所查自然地理点，不是全图或历史边界精度。原图城市标点有明显偏位，未用于配准或地点。原图历史轮廓仍待专业复核。",
          "extent": "partial-source",
          "extentNote": "东晋仅录入原图部分图幅；约27.55°N以南及图外疆域待补，截断处不作国界。",
          "boundaryGeometry": {
            "type": "MultiLineString",
            "coordinates": [
              [
                [
                  120.72234303890747,
                  33.26700478717949
                ],
                [
                  120.5005449270589,
                  33.28038404749997
                ],
                [
                  120.2758745670574,
                  33.28410067096502
                ],
                [
                  120.02408974226157,
                  33.27878707943134
                ],
                [
                  119.75777965527367,
                  33.264708942568575
                ],
                [
                  119.49370965441194,
                  33.24391660659853
                ],
                [
                  119.21212413,
                  33.21563901538461
                ],
                [
                  119.12050808853533,
                  33.18375318556121
                ],
                [
                  119.02665423247953,
                  33.16143060615167
                ],
                [
                  118.92479765934955,
                  33.146844642497435
                ],
                [
                  118.80876034714004,
                  33.13993411182916
                ],
                [
                  118.70957932750954,
                  33.14037699629574
                ],
                [
                  118.60306591209603,
                  33.14569186458843
                ],
                [
                  118.10881343717475,
                  33.19376861441662
                ],
                [
                  117.9957008281981,
                  33.20082179721612
                ],
                [
                  117.88996864,
                  33.202797656410254
                ],
                [
                  117.86357330567449,
                  33.1504228716082
                ],
                [
                  117.82241318615932,
                  33.10525920050313
                ],
                [
                  117.76355615724492,
                  33.06407681387737
                ],
                [
                  117.69115613380805,
                  33.02950881479403
                ],
                [
                  117.60098723474623,
                  32.99895724296903
                ],
                [
                  117.49288747707942,
                  32.9725012065459
                ],
                [
                  117.36017374934094,
                  32.94874285026464
                ],
                [
                  117.20304656,
                  32.92758423504273
                ],
                [
                  117.16989822525235,
                  32.85068252962703
                ],
                [
                  117.12873775101109,
                  32.7860156172794
                ],
                [
                  117.07898715182331,
                  32.73580649131403
                ],
                [
                  117.0246670629488,
                  32.70317244189927
                ],
                [
                  116.97117707807345,
                  32.68592703787757
                ],
                [
                  116.91036854506105,
                  32.67824846156866
                ],
                [
                  116.84246958639193,
                  32.67925917561001
                ],
                [
                  116.74810845,
                  32.68914005042735
                ],
                [
                  116.40254486,
                  32.5478842059829
                ],
                [
                  115.78654094000001,
                  33.023017399145296
                ],
                [
                  115.7397014593054,
                  33.06765021596205
                ],
                [
                  115.68674219566459,
                  33.11078857779755
                ],
                [
                  115.60592073525268,
                  33.16714834760586
                ],
                [
                  115.5158659449088,
                  33.221253332482064
                ],
                [
                  115.35216205189725,
                  33.305434058379134
                ],
                [
                  115.15399548625001,
                  33.39321420395299
                ],
                [
                  114.32916594,
                  33.71645515042735
                ],
                [
                  114.21623540013181,
                  33.68275766973679
                ],
                [
                  114.1008021925822,
                  33.66038632255085
                ],
                [
                  113.97121871012455,
                  33.647271959731526
                ],
                [
                  113.83315801378923,
                  33.64457207076298
                ],
                [
                  113.69895377455305,
                  33.65068329157344
                ],
                [
                  113.55053297153735,
                  33.664933907237476
                ],
                [
                  113.3815424930701,
                  33.68763939023296
                ],
                [
                  112.87384273206804,
                  33.76532524571244
                ],
                [
                  112.71475934596313,
                  33.78319229355743
                ],
                [
                  112.56892257932844,
                  33.79301816812177
                ],
                [
                  111.3971689773346,
                  33.79454349397476
                ],
                [
                  110.98196609469716,
                  33.789003148362
                ],
                [
                  110.614770560924,
                  33.77874022832195
                ],
                [
                  110.28234497753388,
                  33.76373940706587
                ],
                [
                  109.97155960833567,
                  33.74367862628125
                ],
                [
                  109.67592587898561,
                  33.718179495939495
                ],
                [
                  109.39542791687204,
                  33.68728723802364
                ],
                [
                  109.12999287305821,
                  33.65120940001486
                ],
                [
                  108.87326666915908,
                  33.60918441190839
                ],
                [
                  108.6499546456763,
                  33.56628412002005
                ],
                [
                  108.349421385,
                  33.4981507042735
                ],
                [
                  108.334396864,
                  33.4981507042735
                ],
                [
                  108.3071919327721,
                  33.2896972221197
                ],
                [
                  108.28608206711488,
                  33.07501450841589
                ],
                [
                  108.2728851224264,
                  32.87363617872683
                ],
                [
                  108.26769631196912,
                  32.68417509554122
                ],
                [
                  108.2708774598157,
                  32.51810088543961
                ],
                [
                  108.28201930637373,
                  32.374011459708036
                ],
                [
                  108.30145468551527,
                  32.24858347719437
                ],
                [
                  108.32763773913199,
                  32.14847382910217
                ],
                [
                  108.37740359069046,
                  32.0172013123222
                ],
                [
                  108.4470673946622,
                  31.870581398322958
                ],
                [
                  108.53838185185768,
                  31.704967035763282
                ],
                [
                  108.64944189270227,
                  31.52411760074886
                ],
                [
                  108.7802654306033,
                  31.327972174874432
                ],
                [
                  108.93147040852152,
                  31.116035740901342
                ],
                [
                  109.0996315956395,
                  30.893703217106122
                ],
                [
                  109.265914939,
                  30.685875846153845
                ],
                [
                  109.3024600769511,
                  30.60191574893009
                ],
                [
                  109.32943011606308,
                  30.513497160692076
                ],
                [
                  109.34806131731058,
                  30.416038268893807
                ],
                [
                  109.35716526617378,
                  30.31508078815657
                ],
                [
                  109.35753289419605,
                  30.216893286759312
                ],
                [
                  109.35037407107126,
                  30.116884260773947
                ],
                [
                  109.33520289200631,
                  30.010051801041122
                ],
                [
                  109.31278705875714,
                  29.902658853850323
                ],
                [
                  109.28200907117406,
                  29.78983740974327
                ],
                [
                  109.24453671988908,
                  29.67811067082254
                ],
                [
                  109.20105357103239,
                  29.56835850576553
                ],
                [
                  109.14967509336131,
                  29.456206608884955
                ],
                [
                  109.09321465626728,
                  29.348220292883624
                ],
                [
                  109.02947711329281,
                  29.240669424301636
                ],
                [
                  108.96194038832995,
                  29.139979282713274
                ],
                [
                  108.89151430789789,
                  29.047320973328162
                ],
                [
                  108.81910869851586,
                  28.963865601355913
                ],
                [
                  108.74898352037022,
                  28.893864541373674
                ],
                [
                  108.67533586176077,
                  28.831778174201027
                ],
                [
                  108.60550102487692,
                  28.784201591950435
                ],
                [
                  108.627006979,
                  28.757706999999996
                ],
                [
                  108.65574355718927,
                  28.63768060989807
                ],
                [
                  108.67863275526807,
                  28.51511128347085
                ],
                [
                  108.69943553705356,
                  28.338196233480723
                ],
                [
                  108.7047949010777,
                  28.16365928984589
                ],
                [
                  108.69590209408797,
                  28.00751428114874
                ],
                [
                  108.67351458678841,
                  27.852748086937332
                ],
                [
                  108.637314839342,
                  27.699523576836068
                ],
                [
                  108.58893531160649,
                  27.552676068376066
                ]
              ],
              [
                [
                  120.60239130434783,
                  27.552676068376066
                ],
                [
                  120.60239130434783,
                  27.60586956521739
                ],
                [
                  120.6308695652174,
                  27.60586956521739
                ],
                [
                  120.6308695652174,
                  27.634347826086955
                ],
                [
                  120.65934782608696,
                  27.634347826086955
                ],
                [
                  120.68782608695652,
                  27.691304347826083
                ],
                [
                  120.68782608695652,
                  27.719782608695652
                ],
                [
                  120.65934782608696,
                  27.719782608695652
                ],
                [
                  120.65934782608696,
                  27.748260869565215
                ],
                [
                  120.6308695652174,
                  27.776739130434784
                ],
                [
                  120.65934782608696,
                  27.776739130434784
                ],
                [
                  120.71630434782608,
                  27.719782608695652
                ],
                [
                  120.77326086956522,
                  27.776739130434784
                ],
                [
                  120.80173913043478,
                  27.833695652173912
                ],
                [
                  120.80173913043478,
                  27.862173913043478
                ],
                [
                  120.8586956521739,
                  27.862173913043478
                ],
                [
                  120.8586956521739,
                  27.97608695652174
                ],
                [
                  120.83021739130434,
                  27.97608695652174
                ],
                [
                  120.74478260869566,
                  28.004565217391303
                ],
                [
                  120.71630434782608,
                  28.033043478260872
                ],
                [
                  120.60239130434783,
                  28.033043478260872
                ],
                [
                  120.57391304347826,
                  28.061521739130434
                ],
                [
                  120.57391304347826,
                  28.118478260869566
                ],
                [
                  120.60239130434783,
                  28.061521739130434
                ],
                [
                  120.74478260869566,
                  28.061521739130434
                ],
                [
                  120.74478260869566,
                  28.033043478260872
                ],
                [
                  120.77326086956522,
                  28.033043478260872
                ],
                [
                  120.80173913043478,
                  28.004565217391303
                ],
                [
                  120.97260869565217,
                  28.004565217391303
                ],
                [
                  120.97260869565217,
                  28.033043478260872
                ],
                [
                  121.00108695652173,
                  28.033043478260872
                ],
                [
                  121.00108695652173,
                  28.118478260869566
                ],
                [
                  121.05804347826087,
                  28.175434782608697
                ],
                [
                  121.08652173913043,
                  28.175434782608697
                ],
                [
                  121.08652173913043,
                  28.20391304347826
                ],
                [
                  121.11500000000001,
                  28.20391304347826
                ],
                [
                  121.11500000000001,
                  28.26086956521739
                ],
                [
                  121.14347826086957,
                  28.289347826086953
                ],
                [
                  121.02956521739131,
                  28.289347826086953
                ],
                [
                  121.02956521739131,
                  28.317826086956522
                ],
                [
                  121.14347826086957,
                  28.317826086956522
                ],
                [
                  121.14347826086957,
                  28.37478260869565
                ],
                [
                  121.17195652173913,
                  28.37478260869565
                ],
                [
                  121.17195652173913,
                  28.403260869565216
                ],
                [
                  121.2004347826087,
                  28.37478260869565
                ],
                [
                  121.2004347826087,
                  28.346304347826088
                ],
                [
                  121.25739130434783,
                  28.289347826086953
                ],
                [
                  121.22891304347826,
                  28.26086956521739
                ],
                [
                  121.25739130434783,
                  28.232391304347825
                ],
                [
                  121.2858695652174,
                  28.232391304347825
                ],
                [
                  121.2858695652174,
                  28.20391304347826
                ],
                [
                  121.31434782608696,
                  28.20391304347826
                ],
                [
                  121.31434782608696,
                  28.175434782608697
                ],
                [
                  121.37130434782608,
                  28.175434782608697
                ],
                [
                  121.37130434782608,
                  28.20391304347826
                ],
                [
                  121.34282608695652,
                  28.20391304347826
                ],
                [
                  121.37130434782608,
                  28.232391304347825
                ],
                [
                  121.37130434782608,
                  28.26086956521739
                ],
                [
                  121.42826086956522,
                  28.26086956521739
                ],
                [
                  121.42826086956522,
                  28.289347826086953
                ],
                [
                  121.39978260869566,
                  28.289347826086953
                ],
                [
                  121.39978260869566,
                  28.317826086956522
                ],
                [
                  121.42826086956522,
                  28.317826086956522
                ],
                [
                  121.45673913043478,
                  28.346304347826088
                ],
                [
                  121.54217391304348,
                  28.346304347826088
                ],
                [
                  121.57065217391305,
                  28.317826086956522
                ],
                [
                  121.57065217391305,
                  28.289347826086953
                ],
                [
                  121.59913043478261,
                  28.26086956521739
                ],
                [
                  121.59913043478261,
                  28.289347826086953
                ],
                [
                  121.62760869565217,
                  28.289347826086953
                ],
                [
                  121.65608695652173,
                  28.346304347826088
                ],
                [
                  121.65608695652173,
                  28.37478260869565
                ],
                [
                  121.62760869565217,
                  28.37478260869565
                ],
                [
                  121.62760869565217,
                  28.403260869565216
                ],
                [
                  121.59913043478261,
                  28.431739130434785
                ],
                [
                  121.59913043478261,
                  28.460217391304347
                ],
                [
                  121.57065217391305,
                  28.460217391304347
                ],
                [
                  121.59913043478261,
                  28.488695652173913
                ],
                [
                  121.57065217391305,
                  28.51717391304348
                ],
                [
                  121.57065217391305,
                  28.545652173913044
                ],
                [
                  121.54217391304348,
                  28.57413043478261
                ],
                [
                  121.54217391304348,
                  28.631086956521738
                ],
                [
                  121.51369565217391,
                  28.631086956521738
                ],
                [
                  121.51369565217391,
                  28.68804347826087
                ],
                [
                  121.48521739130435,
                  28.68804347826087
                ],
                [
                  121.45673913043478,
                  28.716521739130435
                ],
                [
                  121.51369565217391,
                  28.716521739130435
                ],
                [
                  121.59913043478261,
                  28.745
                ],
                [
                  121.62760869565217,
                  28.745
                ],
                [
                  121.62760869565217,
                  28.830434782608695
                ],
                [
                  121.65608695652173,
                  28.830434782608695
                ],
                [
                  121.65608695652173,
                  28.85891304347826
                ],
                [
                  121.62760869565217,
                  28.85891304347826
                ],
                [
                  121.62760869565217,
                  28.887391304347826
                ],
                [
                  121.59913043478261,
                  28.915869565217392
                ],
                [
                  121.54217391304348,
                  28.915869565217392
                ],
                [
                  121.51369565217391,
                  28.944347826086954
                ],
                [
                  121.48521739130435,
                  28.944347826086954
                ],
                [
                  121.48521739130435,
                  28.972826086956523
                ],
                [
                  121.54217391304348,
                  28.972826086956523
                ],
                [
                  121.54217391304348,
                  28.944347826086954
                ],
                [
                  121.59913043478261,
                  28.944347826086954
                ],
                [
                  121.59913043478261,
                  28.972826086956523
                ],
                [
                  121.62760869565217,
                  28.944347826086954
                ],
                [
                  121.68456521739131,
                  28.944347826086954
                ],
                [
                  121.71304347826087,
                  28.972826086956523
                ],
                [
                  121.65608695652173,
                  28.972826086956523
                ],
                [
                  121.65608695652173,
                  29.02978260869565
                ],
                [
                  121.68456521739131,
                  29.02978260869565
                ],
                [
                  121.68456521739131,
                  29.058260869565217
                ],
                [
                  121.59913043478261,
                  29.058260869565217
                ]
              ],
              [
                [
                  121.59913043478261,
                  29.058260869565217
                ],
                [
                  121.62760869565217,
                  29.086739130434786
                ],
                [
                  121.62760869565217,
                  29.14369565217391
                ],
                [
                  121.54217391304348,
                  29.14369565217391
                ],
                [
                  121.48521739130435,
                  29.11521739130435
                ],
                [
                  121.39978260869566,
                  29.11521739130435
                ],
                [
                  121.42826086956522,
                  29.14369565217391
                ],
                [
                  121.45673913043478,
                  29.14369565217391
                ],
                [
                  121.45673913043478,
                  29.172173913043476
                ]
              ],
              [
                [
                  121.45673913043478,
                  29.172173913043476
                ],
                [
                  121.45673913043478,
                  29.200652173913042
                ],
                [
                  121.51369565217391,
                  29.200652173913042
                ],
                [
                  121.51369565217391,
                  29.229130434782608
                ],
                [
                  121.54217391304348,
                  29.257608695652173
                ],
                [
                  121.54217391304348,
                  29.286086956521736
                ],
                [
                  121.57065217391305,
                  29.286086956521736
                ],
                [
                  121.57065217391305,
                  29.314565217391305
                ],
                [
                  121.59913043478261,
                  29.314565217391305
                ],
                [
                  121.59913043478261,
                  29.257608695652173
                ],
                [
                  121.62760869565217,
                  29.229130434782608
                ],
                [
                  121.65608695652173,
                  29.229130434782608
                ],
                [
                  121.65608695652173,
                  29.200652173913042
                ],
                [
                  121.74152173913043,
                  29.200652173913042
                ],
                [
                  121.74152173913043,
                  29.229130434782608
                ],
                [
                  121.77000000000001,
                  29.257608695652173
                ],
                [
                  121.77000000000001,
                  29.400000000000002
                ],
                [
                  121.79847826086957,
                  29.400000000000002
                ],
                [
                  121.79847826086957,
                  29.172173913043476
                ],
                [
                  121.77000000000001,
                  29.14369565217391
                ],
                [
                  121.82695652173913,
                  29.14369565217391
                ],
                [
                  121.82695652173913,
                  29.11521739130435
                ],
                [
                  121.8554347826087,
                  29.11521739130435
                ],
                [
                  121.8554347826087,
                  29.172173913043476
                ],
                [
                  121.82695652173913,
                  29.172173913043476
                ],
                [
                  121.88391304347826,
                  29.200652173913042
                ],
                [
                  121.94086956521738,
                  29.200652173913042
                ],
                [
                  121.94086956521738,
                  29.229130434782608
                ],
                [
                  121.96934782608696,
                  29.229130434782608
                ],
                [
                  121.94086956521738,
                  29.257608695652173
                ],
                [
                  121.96934782608696,
                  29.286086956521736
                ],
                [
                  121.91239130434784,
                  29.286086956521736
                ],
                [
                  121.91239130434784,
                  29.343043478260867
                ],
                [
                  121.94086956521738,
                  29.343043478260867
                ],
                [
                  121.91239130434784,
                  29.371521739130433
                ],
                [
                  121.91239130434784,
                  29.428478260869568
                ],
                [
                  121.94086956521738,
                  29.45695652173913
                ],
                [
                  121.94086956521738,
                  29.428478260869568
                ],
                [
                  121.96934782608696,
                  29.428478260869568
                ],
                [
                  121.96934782608696,
                  29.45695652173913
                ],
                [
                  121.94086956521738,
                  29.485434782608692
                ],
                [
                  121.94086956521738,
                  29.51391304347826
                ],
                [
                  121.91239130434784,
                  29.51391304347826
                ],
                [
                  121.91239130434784,
                  29.542391304347824
                ],
                [
                  121.94086956521738,
                  29.542391304347824
                ],
                [
                  121.94086956521738,
                  29.570869565217393
                ],
                [
                  121.96934782608696,
                  29.570869565217393
                ],
                [
                  121.96934782608696,
                  29.627826086956524
                ],
                [
                  121.94086956521738,
                  29.627826086956524
                ],
                [
                  121.94086956521738,
                  29.656304347826087
                ],
                [
                  121.91239130434784,
                  29.656304347826087
                ],
                [
                  121.88391304347826,
                  29.627826086956524
                ],
                [
                  121.8554347826087,
                  29.656304347826087
                ],
                [
                  121.8554347826087,
                  29.627826086956524
                ],
                [
                  121.79847826086957,
                  29.627826086956524
                ],
                [
                  121.74152173913043,
                  29.570869565217393
                ],
                [
                  121.82695652173913,
                  29.570869565217393
                ],
                [
                  121.8554347826087,
                  29.542391304347824
                ],
                [
                  121.82695652173913,
                  29.542391304347824
                ],
                [
                  121.79847826086957,
                  29.51391304347826
                ],
                [
                  121.79847826086957,
                  29.485434782608692
                ],
                [
                  121.77000000000001,
                  29.485434782608692
                ],
                [
                  121.77000000000001,
                  29.542391304347824
                ],
                [
                  121.68456521739131,
                  29.542391304347824
                ],
                [
                  121.65608695652173,
                  29.51391304347826
                ],
                [
                  121.59913043478261,
                  29.51391304347826
                ],
                [
                  121.54217391304348,
                  29.45695652173913
                ],
                [
                  121.54217391304348,
                  29.428478260869568
                ],
                [
                  121.51369565217391,
                  29.428478260869568
                ],
                [
                  121.48521739130435,
                  29.400000000000002
                ],
                [
                  121.48521739130435,
                  29.428478260869568
                ],
                [
                  121.51369565217391,
                  29.45695652173913
                ],
                [
                  121.48521739130435,
                  29.485434782608692
                ],
                [
                  121.48521739130435,
                  29.45695652173913
                ],
                [
                  121.45673913043478,
                  29.428478260869568
                ],
                [
                  121.45673913043478,
                  29.45695652173913
                ],
                [
                  121.42826086956522,
                  29.485434782608692
                ],
                [
                  121.45673913043478,
                  29.51391304347826
                ],
                [
                  121.45673913043478,
                  29.542391304347824
                ],
                [
                  121.48521739130435,
                  29.542391304347824
                ],
                [
                  121.48521739130435,
                  29.570869565217393
                ],
                [
                  121.51369565217391,
                  29.570869565217393
                ],
                [
                  121.51369565217391,
                  29.542391304347824
                ],
                [
                  121.54217391304348,
                  29.51391304347826
                ],
                [
                  121.57065217391305,
                  29.570869565217393
                ],
                [
                  121.68456521739131,
                  29.570869565217393
                ],
                [
                  121.82695652173913,
                  29.713260869565218
                ],
                [
                  121.8554347826087,
                  29.713260869565218
                ],
                [
                  121.8554347826087,
                  29.741739130434784
                ],
                [
                  121.88391304347826,
                  29.77021739130435
                ],
                [
                  121.91239130434784,
                  29.77021739130435
                ],
                [
                  121.91239130434784,
                  29.79869565217391
                ],
                [
                  121.94086956521738,
                  29.79869565217391
                ],
                [
                  121.96934782608696,
                  29.827173913043477
                ],
                [
                  122.02630434782608,
                  29.855652173913043
                ],
                [
                  122.05478260869566,
                  29.855652173913043
                ],
                [
                  122.11173913043478,
                  29.88413043478261
                ],
                [
                  122.14021739130435,
                  29.912608695652175
                ],
                [
                  121.99782608695652,
                  29.912608695652175
                ],
                [
                  121.99782608695652,
                  29.941086956521737
                ],
                [
                  121.96934782608696,
                  29.969565217391306
                ],
                [
                  121.94086956521738,
                  29.969565217391306
                ],
                [
                  121.94086956521738,
                  29.912608695652175
                ],
                [
                  121.91239130434784,
                  29.941086956521737
                ],
                [
                  121.88391304347826,
                  29.941086956521737
                ],
                [
                  121.8554347826087,
                  29.969565217391306
                ],
                [
                  121.79847826086957,
                  29.969565217391306
                ],
                [
                  121.77000000000001,
                  29.99804347826087
                ],
                [
                  121.74152173913043,
                  29.99804347826087
                ]
              ],
              [
                [
                  121.74152173913043,
                  29.99804347826087
                ],
                [
                  121.71304347826087,
                  29.99804347826087
                ],
                [
                  121.68456521739131,
                  30.026521739130434
                ],
                [
                  121.65608695652173,
                  30.026521739130434
                ],
                [
                  121.65608695652173,
                  30.055
                ],
                [
                  121.62760869565217,
                  30.083478260869565
                ],
                [
                  121.59913043478261,
                  30.140434782608693
                ],
                [
                  121.54217391304348,
                  30.168913043478263
                ],
                [
                  121.51369565217391,
                  30.22586956521739
                ],
                [
                  121.45673913043478,
                  30.282826086956522
                ],
                [
                  121.42826086956522,
                  30.311304347826088
                ],
                [
                  121.31434782608696,
                  30.368260869565216
                ],
                [
                  121.17195652173913,
                  30.368260869565216
                ],
                [
                  121.11500000000001,
                  30.311304347826088
                ],
                [
                  121.0390579710145,
                  30.254347826086956
                ],
                [
                  121.00108695652173,
                  30.22586956521739
                ],
                [
                  120.97260869565217,
                  30.22586956521739
                ],
                [
                  120.94413043478261,
                  30.197391304347825
                ],
                [
                  120.83021739130434,
                  30.197391304347825
                ],
                [
                  120.80173913043478,
                  30.22586956521739
                ],
                [
                  120.74478260869566,
                  30.254347826086956
                ]
              ],
              [
                [
                  120.74478260869566,
                  30.254347826086956
                ],
                [
                  120.71630434782608,
                  30.254347826086956
                ],
                [
                  120.68782608695652,
                  30.282826086956522
                ],
                [
                  120.65934782608696,
                  30.368260869565216
                ],
                [
                  120.6308695652174,
                  30.39673913043478
                ],
                [
                  120.46000000000001,
                  30.39673913043478
                ],
                [
                  120.43152173913043,
                  30.311304347826088
                ],
                [
                  120.40304347826087,
                  30.311304347826088
                ]
              ],
              [
                [
                  120.40304347826087,
                  30.311304347826088
                ],
                [
                  120.40304347826087,
                  30.39673913043478
                ],
                [
                  120.43152173913043,
                  30.39673913043478
                ],
                [
                  120.48847826086957,
                  30.425217391304347
                ],
                [
                  120.68782608695652,
                  30.425217391304347
                ],
                [
                  120.74478260869566,
                  30.368260869565216
                ],
                [
                  120.74478260869566,
                  30.33978260869565
                ],
                [
                  120.77326086956522,
                  30.311304347826088
                ],
                [
                  120.83021739130434,
                  30.311304347826088
                ],
                [
                  120.8586956521739,
                  30.33978260869565
                ],
                [
                  120.88717391304348,
                  30.39673913043478
                ],
                [
                  120.91565217391305,
                  30.39673913043478
                ],
                [
                  120.88717391304348,
                  30.425217391304347
                ],
                [
                  120.91565217391305,
                  30.425217391304347
                ],
                [
                  120.94413043478261,
                  30.453695652173913
                ],
                [
                  120.91565217391305,
                  30.482173913043475
                ],
                [
                  120.94413043478261,
                  30.482173913043475
                ],
                [
                  120.94413043478261,
                  30.510652173913044
                ],
                [
                  120.97260869565217,
                  30.567608695652176
                ],
                [
                  121.00108695652173,
                  30.567608695652176
                ],
                [
                  121.02956521739131,
                  30.596086956521738
                ],
                [
                  121.11500000000001,
                  30.596086956521738
                ],
                [
                  121.11500000000001,
                  30.624565217391307
                ],
                [
                  121.14347826086957,
                  30.624565217391307
                ],
                [
                  121.14347826086957,
                  30.65304347826087
                ],
                [
                  121.17195652173913,
                  30.65304347826087
                ],
                [
                  121.2004347826087,
                  30.681521739130435
                ],
                [
                  121.22891304347826,
                  30.681521739130435
                ],
                [
                  121.25739130434783,
                  30.71
                ],
                [
                  121.34282608695652,
                  30.71
                ],
                [
                  121.34282608695652,
                  30.738478260869563
                ],
                [
                  121.39978260869566,
                  30.795434782608694
                ],
                [
                  121.45673913043478,
                  30.795434782608694
                ],
                [
                  121.48521739130435,
                  30.82391304347826
                ],
                [
                  121.54217391304348,
                  30.82391304347826
                ],
                [
                  121.62760869565217,
                  30.852391304347826
                ],
                [
                  121.74152173913043,
                  30.852391304347826
                ],
                [
                  121.79847826086957,
                  30.88086956521739
                ],
                [
                  121.96934782608696,
                  30.88086956521739
                ],
                [
                  121.96934782608696,
                  30.937826086956523
                ],
                [
                  121.88391304347826,
                  31.108695652173914
                ],
                [
                  121.77000000000001,
                  31.222608695652173
                ],
                [
                  121.71304347826087,
                  31.30804347826087
                ],
                [
                  121.65608695652173,
                  31.336521739130433
                ],
                [
                  121.62760869565217,
                  31.365000000000002
                ],
                [
                  121.54217391304348,
                  31.393478260869564
                ],
                [
                  121.45673913043478,
                  31.450434782608696
                ],
                [
                  121.42826086956522,
                  31.478913043478258
                ],
                [
                  121.37130434782608,
                  31.507391304347827
                ],
                [
                  121.34282608695652,
                  31.507391304347827
                ],
                [
                  121.31434782608696,
                  31.53586956521739
                ],
                [
                  121.25739130434783,
                  31.62130434782609
                ],
                [
                  121.2004347826087,
                  31.649782608695652
                ],
                [
                  121.14347826086957,
                  31.706739130434784
                ],
                [
                  121.05804347826087,
                  31.735217391304346
                ],
                [
                  121.00108695652173,
                  31.763695652173915
                ],
                [
                  120.94413043478261,
                  31.763695652173915
                ],
                [
                  120.88717391304348,
                  31.792173913043477
                ],
                [
                  120.83021739130434,
                  31.792173913043477
                ],
                [
                  120.74478260869566,
                  31.820652173913043
                ],
                [
                  120.71630434782608,
                  31.84913043478261
                ],
                [
                  120.71630434782608,
                  31.877608695652174
                ],
                [
                  120.74478260869566,
                  31.84913043478261
                ],
                [
                  120.80173913043478,
                  31.820652173913043
                ],
                [
                  120.83021739130434,
                  31.84913043478261
                ],
                [
                  120.80173913043478,
                  31.877608695652174
                ],
                [
                  120.74478260869566,
                  31.991521739130434
                ],
                [
                  120.68782608695652,
                  32.019999999999996
                ],
                [
                  120.60239130434783,
                  32.019999999999996
                ],
                [
                  120.51695652173913,
                  32.048478260869565
                ],
                [
                  120.46000000000001,
                  32.048478260869565
                ],
                [
                  120.46000000000001,
                  31.991521739130434
                ],
                [
                  120.43152173913043,
                  31.991521739130434
                ],
                [
                  120.34608695652175,
                  31.96304347826087
                ],
                [
                  120.23217391304348,
                  31.934565217391302
                ],
                [
                  120.11826086956522,
                  31.934565217391302
                ],
                [
                  120.03282608695653,
                  31.96304347826087
                ],
                [
                  120.00434782608696,
                  31.96304347826087
                ],
                [
                  119.94739130434783,
                  32.019999999999996
                ],
                [
                  119.94739130434783,
                  32.048478260869565
                ],
                [
                  119.91891304347826,
                  32.076956521739135
                ],
                [
                  119.86195652173913,
                  32.1054347826087
                ]
              ],
              [
                [
                  119.86195652173913,
                  32.1054347826087
                ],
                [
                  119.8904347826087,
                  32.1054347826087
                ],
                [
                  119.8904347826087,
                  32.13391304347826
                ],
                [
                  119.86195652173913,
                  32.16239130434782
                ],
                [
                  119.83347826086957,
                  32.276304347826084
                ],
                [
                  119.805,
                  32.30478260869565
                ],
                [
                  119.74804347826087,
                  32.30478260869565
                ],
                [
                  119.7195652173913,
                  32.276304347826084
                ],
                [
                  119.77652173913043,
                  32.21934782608696
                ]
              ],
              [
                [
                  119.77652173913043,
                  32.21934782608696
                ],
                [
                  119.7195652173913,
                  32.21934782608696
                ],
                [
                  119.7195652173913,
                  32.24782608695652
                ],
                [
                  119.66260869565217,
                  32.24782608695652
                ]
              ],
              [
                [
                  119.66260869565217,
                  32.24782608695652
                ],
                [
                  119.66260869565217,
                  32.30478260869565
                ],
                [
                  119.69108695652174,
                  32.30478260869565
                ],
                [
                  119.69108695652174,
                  32.333260869565216
                ]
              ],
              [
                [
                  119.69108695652174,
                  32.333260869565216
                ],
                [
                  119.805,
                  32.333260869565216
                ],
                [
                  119.83347826086957,
                  32.30478260869565
                ],
                [
                  119.86195652173913,
                  32.30478260869565
                ],
                [
                  119.86195652173913,
                  32.276304347826084
                ],
                [
                  119.8904347826087,
                  32.21934782608696
                ],
                [
                  119.91891304347826,
                  32.24782608695652
                ],
                [
                  119.91891304347826,
                  32.13391304347826
                ],
                [
                  120.00434782608696,
                  32.019999999999996
                ],
                [
                  120.03282608695653,
                  32.019999999999996
                ],
                [
                  120.08978260869566,
                  31.96304347826087
                ],
                [
                  120.26065217391304,
                  31.96304347826087
                ],
                [
                  120.2891304347826,
                  31.991521739130434
                ],
                [
                  120.37456521739131,
                  32.048478260869565
                ],
                [
                  120.48847826086957,
                  32.1054347826087
                ],
                [
                  120.6308695652174,
                  32.1054347826087
                ],
                [
                  120.74478260869566,
                  32.048478260869565
                ],
                [
                  120.80173913043478,
                  32.048478260869565
                ],
                [
                  120.8586956521739,
                  32.019999999999996
                ],
                [
                  120.91565217391305,
                  31.934565217391302
                ],
                [
                  120.91565217391305,
                  31.90608695652174
                ],
                [
                  120.94413043478261,
                  31.90608695652174
                ],
                [
                  120.94413043478261,
                  31.84913043478261
                ],
                [
                  120.97260869565217,
                  31.820652173913043
                ],
                [
                  121.00108695652173,
                  31.84913043478261
                ],
                [
                  121.02956521739131,
                  31.84913043478261
                ],
                [
                  121.05804347826087,
                  31.820652173913043
                ],
                [
                  121.11500000000001,
                  31.820652173913043
                ],
                [
                  121.2858695652174,
                  31.90608695652174
                ],
                [
                  121.31434782608696,
                  31.90608695652174
                ],
                [
                  121.48521739130435,
                  31.820652173913043
                ],
                [
                  121.51369565217391,
                  31.820652173913043
                ],
                [
                  121.51369565217391,
                  31.792173913043477
                ],
                [
                  121.57065217391305,
                  31.792173913043477
                ],
                [
                  121.59913043478261,
                  31.763695652173915
                ],
                [
                  121.65608695652173,
                  31.763695652173915
                ],
                [
                  121.68456521739131,
                  31.735217391304346
                ],
                [
                  121.74152173913043,
                  31.735217391304346
                ],
                [
                  121.82695652173913,
                  31.706739130434784
                ],
                [
                  121.88391304347826,
                  31.706739130434784
                ],
                [
                  121.91239130434784,
                  31.735217391304346
                ],
                [
                  121.94086956521738,
                  31.735217391304346
                ],
                [
                  121.91239130434784,
                  31.763695652173915
                ],
                [
                  121.91239130434784,
                  31.792173913043477
                ],
                [
                  121.88391304347826,
                  31.84913043478261
                ],
                [
                  121.88391304347826,
                  31.877608695652174
                ],
                [
                  121.8554347826087,
                  31.934565217391302
                ],
                [
                  121.82695652173913,
                  31.934565217391302
                ],
                [
                  121.82695652173913,
                  31.96304347826087
                ],
                [
                  121.74152173913043,
                  32.048478260869565
                ],
                [
                  121.68456521739131,
                  32.048478260869565
                ],
                [
                  121.65608695652173,
                  32.076956521739135
                ],
                [
                  121.54217391304348,
                  32.13391304347826
                ],
                [
                  121.45673913043478,
                  32.13391304347826
                ],
                [
                  121.42826086956522,
                  32.16239130434782
                ],
                [
                  121.42826086956522,
                  32.19086956521739
                ],
                [
                  121.39978260869566,
                  32.19086956521739
                ],
                [
                  121.37130434782608,
                  32.24782608695652
                ],
                [
                  121.39978260869566,
                  32.276304347826084
                ],
                [
                  121.42826086956522,
                  32.276304347826084
                ],
                [
                  121.39978260869566,
                  32.361739130434785
                ],
                [
                  121.39978260869566,
                  32.39021739130435
                ],
                [
                  121.34282608695652,
                  32.41869565217391
                ],
                [
                  121.2858695652174,
                  32.47565217391304
                ],
                [
                  121.22891304347826,
                  32.50413043478261
                ],
                [
                  121.14347826086957,
                  32.50413043478261
                ],
                [
                  121.11500000000001,
                  32.53260869565217
                ],
                [
                  121.11500000000001,
                  32.50413043478261
                ],
                [
                  121.08652173913043,
                  32.53260869565217
                ],
                [
                  121.08652173913043,
                  32.56108695652174
                ],
                [
                  121.05804347826087,
                  32.56108695652174
                ],
                [
                  121.02956521739131,
                  32.5895652173913
                ],
                [
                  120.97260869565217,
                  32.61804347826087
                ],
                [
                  120.94413043478261,
                  32.61804347826087
                ],
                [
                  120.91565217391305,
                  32.646521739130435
                ],
                [
                  120.91565217391305,
                  32.675
                ],
                [
                  120.8586956521739,
                  32.675
                ],
                [
                  120.83021739130434,
                  32.703478260869566
                ],
                [
                  120.83021739130434,
                  32.73195652173913
                ],
                [
                  120.8586956521739,
                  32.73195652173913
                ],
                [
                  120.8586956521739,
                  32.7604347826087
                ],
                [
                  120.91565217391305,
                  32.81739130434782
                ],
                [
                  120.91565217391305,
                  32.874347826086954
                ],
                [
                  120.88717391304348,
                  32.98826086956522
                ],
                [
                  120.88717391304348,
                  33.04521739130435
                ],
                [
                  120.83021739130434,
                  33.04521739130435
                ],
                [
                  120.83021739130434,
                  33.10217391304348
                ],
                [
                  120.80173913043478,
                  33.13065217391304
                ],
                [
                  120.80173913043478,
                  33.15913043478261
                ],
                [
                  120.77326086956522,
                  33.18760869565217
                ],
                [
                  120.71630434782608,
                  33.216086956521735
                ],
                [
                  120.74478260869566,
                  33.216086956521735
                ],
                [
                  120.74478260869566,
                  33.244565217391305
                ],
                [
                  120.72234303890747,
                  33.26700478717949
                ]
              ],
              [
                [
                  121.59913043478261,
                  29.058260869565217
                ],
                [
                  121.54217391304348,
                  29.058260869565217
                ],
                [
                  121.54217391304348,
                  29.086739130434786
                ],
                [
                  121.57065217391305,
                  29.086739130434786
                ],
                [
                  121.59913043478261,
                  29.058260869565217
                ]
              ],
              [
                [
                  121.45673913043478,
                  29.172173913043476
                ],
                [
                  121.39978260869566,
                  29.172173913043476
                ],
                [
                  121.42826086956522,
                  29.200652173913042
                ],
                [
                  121.45673913043478,
                  29.172173913043476
                ]
              ],
              [
                [
                  121.74152173913043,
                  29.969565217391306
                ],
                [
                  121.71304347826087,
                  29.969565217391306
                ],
                [
                  121.74152173913043,
                  29.99804347826087
                ]
              ],
              [
                [
                  121.74152173913043,
                  29.99804347826087
                ],
                [
                  121.74152173913043,
                  29.969565217391306
                ]
              ],
              [
                [
                  120.74478260869566,
                  30.254347826086956
                ],
                [
                  120.65934782608696,
                  30.168913043478263
                ],
                [
                  120.65934782608696,
                  30.140434782608693
                ],
                [
                  120.68782608695652,
                  30.11195652173913
                ]
              ],
              [
                [
                  120.68782608695652,
                  30.11195652173913
                ],
                [
                  120.65934782608696,
                  30.11195652173913
                ],
                [
                  120.6308695652174,
                  30.140434782608693
                ],
                [
                  120.6308695652174,
                  30.168913043478263
                ],
                [
                  120.68782608695652,
                  30.22586956521739
                ],
                [
                  120.74478260869566,
                  30.254347826086956
                ]
              ],
              [
                [
                  120.68782608695652,
                  30.11195652173913
                ],
                [
                  120.74478260869566,
                  30.11195652173913
                ],
                [
                  120.71630434782608,
                  30.083478260869565
                ],
                [
                  120.68782608695652,
                  30.11195652173913
                ]
              ],
              [
                [
                  120.40304347826087,
                  30.282826086956522
                ],
                [
                  120.37456521739131,
                  30.254347826086956
                ],
                [
                  120.31760869565217,
                  30.254347826086956
                ],
                [
                  120.31760869565217,
                  30.282826086956522
                ],
                [
                  120.26065217391304,
                  30.282826086956522
                ],
                [
                  120.2036956521739,
                  30.22586956521739
                ],
                [
                  120.14673913043478,
                  30.22586956521739
                ],
                [
                  120.2036956521739,
                  30.254347826086956
                ],
                [
                  120.23217391304348,
                  30.311304347826088
                ],
                [
                  120.31760869565217,
                  30.311304347826088
                ],
                [
                  120.34608695652175,
                  30.282826086956522
                ],
                [
                  120.37456521739131,
                  30.282826086956522
                ],
                [
                  120.40304347826087,
                  30.311304347826088
                ]
              ],
              [
                [
                  120.40304347826087,
                  30.311304347826088
                ],
                [
                  120.40304347826087,
                  30.282826086956522
                ]
              ],
              [
                [
                  119.86195652173913,
                  32.1054347826087
                ],
                [
                  119.77652173913043,
                  32.13391304347826
                ],
                [
                  119.83347826086957,
                  32.13391304347826
                ],
                [
                  119.86195652173913,
                  32.1054347826087
                ]
              ],
              [
                [
                  119.805,
                  32.21934782608696
                ],
                [
                  119.805,
                  32.16239130434782
                ],
                [
                  119.77652173913043,
                  32.16239130434782
                ],
                [
                  119.77652173913043,
                  32.21934782608696
                ]
              ],
              [
                [
                  119.77652173913043,
                  32.21934782608696
                ],
                [
                  119.805,
                  32.21934782608696
                ]
              ],
              [
                [
                  119.66260869565217,
                  32.21934782608696
                ],
                [
                  119.6341304347826,
                  32.21934782608696
                ],
                [
                  119.66260869565217,
                  32.24782608695652
                ]
              ],
              [
                [
                  119.66260869565217,
                  32.24782608695652
                ],
                [
                  119.66260869565217,
                  32.21934782608696
                ]
              ],
              [
                [
                  119.66260869565217,
                  32.333260869565216
                ],
                [
                  119.66260869565217,
                  32.361739130434785
                ]
              ],
              [
                [
                  119.66260869565217,
                  32.361739130434785
                ],
                [
                  119.69108695652174,
                  32.333260869565216
                ]
              ],
              [
                [
                  119.69108695652174,
                  32.333260869565216
                ],
                [
                  119.66260869565217,
                  32.333260869565216
                ]
              ],
              [
                [
                  119.60565217391304,
                  32.361739130434785
                ],
                [
                  119.6341304347826,
                  32.39021739130435
                ],
                [
                  119.66260869565217,
                  32.361739130434785
                ]
              ],
              [
                [
                  119.66260869565217,
                  32.361739130434785
                ],
                [
                  119.60565217391304,
                  32.361739130434785
                ]
              ],
              [
                [
                  120.80173913043478,
                  30.083478260869565
                ],
                [
                  120.77326086956522,
                  30.083478260869565
                ],
                [
                  120.77326086956522,
                  30.11195652173913
                ],
                [
                  120.80173913043478,
                  30.083478260869565
                ]
              ],
              [
                [
                  121.62760869565217,
                  29.314565217391305
                ],
                [
                  121.65608695652173,
                  29.314565217391305
                ],
                [
                  121.65608695652173,
                  29.286086956521736
                ],
                [
                  121.62760869565217,
                  29.286086956521736
                ],
                [
                  121.62760869565217,
                  29.314565217391305
                ]
              ],
              [
                [
                  121.14347826086957,
                  28.85891304347826
                ],
                [
                  121.17195652173913,
                  28.85891304347826
                ],
                [
                  121.17195652173913,
                  28.830434782608695
                ],
                [
                  121.14347826086957,
                  28.85891304347826
                ]
              ],
              [
                [
                  121.22891304347826,
                  28.773478260869567
                ],
                [
                  121.2858695652174,
                  28.773478260869567
                ],
                [
                  121.31434782608696,
                  28.745
                ],
                [
                  121.34282608695652,
                  28.745
                ],
                [
                  121.34282608695652,
                  28.716521739130435
                ],
                [
                  121.31434782608696,
                  28.716521739130435
                ],
                [
                  121.25739130434783,
                  28.68804347826087
                ],
                [
                  121.25739130434783,
                  28.716521739130435
                ],
                [
                  121.2858695652174,
                  28.716521739130435
                ],
                [
                  121.2858695652174,
                  28.745
                ],
                [
                  121.22891304347826,
                  28.773478260869567
                ]
              ],
              [
                [
                  121.37130434782608,
                  28.68804347826087
                ],
                [
                  121.37130434782608,
                  28.716521739130435
                ],
                [
                  121.42826086956522,
                  28.716521739130435
                ],
                [
                  121.39978260869566,
                  28.702282608695654
                ],
                [
                  121.37130434782608,
                  28.68804347826087
                ]
              ]
            ]
          }
        }
      }
    },
    {
      "type": "Feature",
      "geometry": {
        "type": "Polygon",
        "coordinates": [
          [
            [
              120.62490820228388,
              33.31119751293893
            ],
            [
              120.37864777442734,
              33.262120732806444
            ],
            [
              120.14213877724157,
              33.22104052267383
            ],
            [
              119.90813052732673,
              33.1867065565809
            ],
            [
              119.67755661960835,
              33.1593135420182
            ],
            [
              119.47504329158481,
              33.1405074584421
            ],
            [
              119.26100348410486,
              33.12553377652691
            ],
            [
              118.59997377907457,
              33.09557678026952
            ],
            [
              118.36280286686406,
              33.081009718257384
            ],
            [
              118.10217850963393,
              33.05607078859805
            ],
            [
              117.85557558100362,
              33.02143526673327
            ],
            [
              117.55181652785916,
              32.96299520544526
            ],
            [
              117.3225107,
              32.9078600017094
            ],
            [
              117.2105921675911,
              32.884547381454084
            ],
            [
              117.08635555296847,
              32.85221677480894
            ],
            [
              116.81992717931936,
              32.77067346651859
            ],
            [
              116.23746085798315,
              32.575393956867494
            ],
            [
              115.98554057994298,
              32.49457117112908
            ],
            [
              115.7369091202948,
              32.422261907252924
            ],
            [
              115.52293116166858,
              32.36955022159085
            ],
            [
              115.40483556818963,
              32.345875236736305
            ],
            [
              115.29733899388827,
              32.3288124751703
            ],
            [
              115.19482832859968,
              32.317633800285705
            ],
            [
              115.10322869531309,
              32.31306557834841
            ],
            [
              115.01730399584245,
              32.314874723477594
            ],
            [
              114.94215172735753,
              32.32289421178884
            ],
            [
              114.87305169734624,
              32.33750571349885
            ],
            [
              114.81420916,
              32.35759741282051
            ],
            [
              114.67977126035844,
              32.30115333692673
            ],
            [
              114.50547237428077,
              32.212142780658375
            ],
            [
              114.2943440420986,
              32.092611397530355
            ],
            [
              113.76380557205931,
              31.777171789676864
            ],
            [
              113.51107813343596,
              31.63188442481942
            ],
            [
              113.26053324394258,
              31.498042546296855
            ],
            [
              113.04170486819618,
              31.394470968857352
            ],
            [
              112.87275492317227,
              31.327151540183433
            ],
            [
              112.7192363675103,
              31.279788990510806
            ],
            [
              112.58700965542816,
              31.254142696840596
            ],
            [
              112.44080490759792,
              31.244791237166957
            ],
            [
              112.37457984237118,
              31.22898534977243
            ],
            [
              112.28314256318521,
              31.200659805009074
            ],
            [
              111.98627483029381,
              31.09173157516521
            ],
            [
              111.34751543632913,
              30.835021037918445
            ],
            [
              111.20789601199999,
              30.783038658119658
            ],
            [
              111.19279331203728,
              30.798513151303332
            ],
            [
              111.15398915509165,
              30.820423933916196
            ],
            [
              111.02262822209967,
              30.874571431282888
            ],
            [
              110.85112226487038,
              30.930089984303798
            ],
            [
              110.6661933925165,
              30.978681837093728
            ],
            [
              110.49347937156752,
              31.015179837071194
            ],
            [
              110.31590217795531,
              31.043982670581933
            ],
            [
              110.14619641720049,
              31.06283992537565
            ],
            [
              109.98072130266482,
              31.0722720760687
            ],
            [
              109.86183814704943,
              31.072935536654914
            ],
            [
              109.7434059838105,
              31.0678413152037
            ],
            [
              109.63407263732165,
              31.057350093683333
            ],
            [
              109.52665263902945,
              31.040808743261532
            ],
            [
              109.4071714105389,
              31.013855344454118
            ],
            [
              109.19680170573898,
              30.95293206856817
            ],
            [
              108.90403409479923,
              30.883995660796742
            ],
            [
              108.78023811903765,
              30.851272416865505
            ],
            [
              108.67577755470498,
              30.817043626461718
            ],
            [
              108.59108642504825,
              30.781104077659986
            ],
            [
              108.52070618098203,
              30.741368087922368
            ],
            [
              108.46090640123195,
              30.694576568852703
            ],
            [
              108.41350045623184,
              30.639547985580993
            ],
            [
              108.31347925371166,
              30.480992124411756
            ],
            [
              108.23543509561769,
              30.366407633106114
            ],
            [
              108.11669323443743,
              30.214079656574285
            ],
            [
              108.04347956569127,
              30.134346551159744
            ],
            [
              107.97351462482212,
              30.0682633116669
            ],
            [
              107.90363324908108,
              30.011871882824575
            ],
            [
              107.82967214722572,
              29.962268845633485
            ],
            [
              107.76645985266693,
              29.92774909130835
            ],
            [
              107.70554486742216,
              29.90105491525963
            ],
            [
              107.64209515484708,
              29.879816731045054
            ],
            [
              107.5760405057541,
              29.864513813258874
            ],
            [
              107.4837941676113,
              29.85417093538559
            ],
            [
              107.32861264939291,
              29.855111160305036
            ],
            [
              107.2278766780403,
              29.84982198220353
            ],
            [
              107.13159792225218,
              29.837170875960563
            ],
            [
              107.03444068536415,
              29.815375919633006
            ],
            [
              106.9029596514032,
              29.76973884904595
            ],
            [
              106.64725423068758,
              29.65021865448801
            ],
            [
              106.50887073250502,
              29.5974359210107
            ],
            [
              106.46970452688448,
              29.574615024734985
            ],
            [
              106.4261315780202,
              29.538733338426937
            ],
            [
              106.18477790887732,
              29.280791905283518
            ],
            [
              106.10213980591156,
              29.205875299918343
            ],
            [
              106.01578475925272,
              29.138525168554605
            ],
            [
              105.91572924774674,
              29.072495038172484
            ],
            [
              105.80734242211496,
              29.012952439318084
            ],
            [
              105.69177052926007,
              28.96060562605671
            ],
            [
              105.561355459,
              28.91271694871795
            ],
            [
              105.3990405595771,
              28.975520708984504
            ],
            [
              104.67635509600603,
              29.23115559766422
            ],
            [
              104.29771587884522,
              29.37450869636902
            ],
            [
              103.89781578625505,
              29.540608800298095
            ],
            [
              103.72063948067175,
              29.621281515817277
            ],
            [
              103.55696145911668,
              29.70127972067248
            ],
            [
              103.39635034612205,
              29.786653782885608
            ],
            [
              103.25914165387533,
              29.867121712183803
            ],
            [
              103.1396602313462,
              29.94546307376344
            ],
            [
              103.03386503088748,
              30.0247511048544
            ],
            [
              102.94723193605425,
              30.10124722332379
            ],
            [
              102.87937364768678,
              30.174660043431132
            ],
            [
              102.82747944208117,
              30.248264285623137
            ],
            [
              102.79424189137228,
              30.318318679153023
            ],
            [
              102.72836216996625,
              30.09228348575246
            ],
            [
              102.6389198765848,
              29.827369771909048
            ],
            [
              102.52581533579435,
              29.523813173058183
            ],
            [
              102.38898780526357,
              29.18180565211268
            ],
            [
              102.22748251017211,
              28.799641455764274
            ],
            [
              102.0481629150904,
              28.39357623910603
            ],
            [
              101.84930936347915,
              27.959844663180682
            ],
            [
              101.655747266,
              27.552564102564098
            ],
            [
              120.60239130434783,
              27.552564102564098
            ],
            [
              120.60239130434783,
              27.60586956521739
            ],
            [
              120.6308695652174,
              27.60586956521739
            ],
            [
              120.6308695652174,
              27.634347826086955
            ],
            [
              120.65934782608696,
              27.634347826086955
            ],
            [
              120.68782608695652,
              27.691304347826083
            ],
            [
              120.68782608695652,
              27.719782608695652
            ],
            [
              120.65934782608696,
              27.719782608695652
            ],
            [
              120.65934782608696,
              27.748260869565215
            ],
            [
              120.6308695652174,
              27.776739130434784
            ],
            [
              120.65934782608696,
              27.776739130434784
            ],
            [
              120.71630434782608,
              27.719782608695652
            ],
            [
              120.77326086956522,
              27.776739130434784
            ],
            [
              120.80173913043478,
              27.833695652173912
            ],
            [
              120.80173913043478,
              27.862173913043478
            ],
            [
              120.8586956521739,
              27.862173913043478
            ],
            [
              120.8586956521739,
              27.97608695652174
            ],
            [
              120.83021739130434,
              27.97608695652174
            ],
            [
              120.74478260869566,
              28.004565217391303
            ],
            [
              120.71630434782608,
              28.033043478260872
            ],
            [
              120.60239130434783,
              28.033043478260872
            ],
            [
              120.57391304347826,
              28.061521739130434
            ],
            [
              120.57391304347826,
              28.118478260869566
            ],
            [
              120.60239130434783,
              28.061521739130434
            ],
            [
              120.74478260869566,
              28.061521739130434
            ],
            [
              120.74478260869566,
              28.033043478260872
            ],
            [
              120.77326086956522,
              28.033043478260872
            ],
            [
              120.80173913043478,
              28.004565217391303
            ],
            [
              120.97260869565217,
              28.004565217391303
            ],
            [
              120.97260869565217,
              28.033043478260872
            ],
            [
              121.00108695652173,
              28.033043478260872
            ],
            [
              121.00108695652173,
              28.118478260869566
            ],
            [
              121.05804347826087,
              28.175434782608697
            ],
            [
              121.08652173913043,
              28.175434782608697
            ],
            [
              121.08652173913043,
              28.20391304347826
            ],
            [
              121.11500000000001,
              28.20391304347826
            ],
            [
              121.11500000000001,
              28.26086956521739
            ],
            [
              121.14347826086957,
              28.289347826086953
            ],
            [
              121.02956521739131,
              28.289347826086953
            ],
            [
              121.02956521739131,
              28.317826086956522
            ],
            [
              121.14347826086957,
              28.317826086956522
            ],
            [
              121.14347826086957,
              28.37478260869565
            ],
            [
              121.17195652173913,
              28.37478260869565
            ],
            [
              121.17195652173913,
              28.403260869565216
            ],
            [
              121.2004347826087,
              28.37478260869565
            ],
            [
              121.2004347826087,
              28.346304347826088
            ],
            [
              121.25739130434783,
              28.289347826086953
            ],
            [
              121.22891304347826,
              28.26086956521739
            ],
            [
              121.25739130434783,
              28.232391304347825
            ],
            [
              121.2858695652174,
              28.232391304347825
            ],
            [
              121.2858695652174,
              28.20391304347826
            ],
            [
              121.31434782608696,
              28.20391304347826
            ],
            [
              121.31434782608696,
              28.175434782608697
            ],
            [
              121.37130434782608,
              28.175434782608697
            ],
            [
              121.37130434782608,
              28.20391304347826
            ],
            [
              121.34282608695652,
              28.20391304347826
            ],
            [
              121.37130434782608,
              28.232391304347825
            ],
            [
              121.37130434782608,
              28.26086956521739
            ],
            [
              121.42826086956522,
              28.26086956521739
            ],
            [
              121.42826086956522,
              28.289347826086953
            ],
            [
              121.39978260869566,
              28.289347826086953
            ],
            [
              121.39978260869566,
              28.317826086956522
            ],
            [
              121.42826086956522,
              28.317826086956522
            ],
            [
              121.45673913043478,
              28.346304347826088
            ],
            [
              121.54217391304348,
              28.346304347826088
            ],
            [
              121.57065217391305,
              28.317826086956522
            ],
            [
              121.57065217391305,
              28.289347826086953
            ],
            [
              121.59913043478261,
              28.26086956521739
            ],
            [
              121.59913043478261,
              28.289347826086953
            ],
            [
              121.62760869565217,
              28.289347826086953
            ],
            [
              121.65608695652173,
              28.346304347826088
            ],
            [
              121.65608695652173,
              28.37478260869565
            ],
            [
              121.62760869565217,
              28.37478260869565
            ],
            [
              121.62760869565217,
              28.403260869565216
            ],
            [
              121.59913043478261,
              28.431739130434785
            ],
            [
              121.59913043478261,
              28.460217391304347
            ],
            [
              121.57065217391305,
              28.460217391304347
            ],
            [
              121.59913043478261,
              28.488695652173913
            ],
            [
              121.57065217391305,
              28.51717391304348
            ],
            [
              121.57065217391305,
              28.545652173913044
            ],
            [
              121.54217391304348,
              28.57413043478261
            ],
            [
              121.54217391304348,
              28.631086956521738
            ],
            [
              121.51369565217391,
              28.631086956521738
            ],
            [
              121.51369565217391,
              28.68804347826087
            ],
            [
              121.48521739130435,
              28.68804347826087
            ],
            [
              121.45673913043478,
              28.716521739130435
            ],
            [
              121.51369565217391,
              28.716521739130435
            ],
            [
              121.59913043478261,
              28.745
            ],
            [
              121.62760869565217,
              28.745
            ],
            [
              121.62760869565217,
              28.830434782608695
            ],
            [
              121.65608695652173,
              28.830434782608695
            ],
            [
              121.65608695652173,
              28.85891304347826
            ],
            [
              121.62760869565217,
              28.85891304347826
            ],
            [
              121.62760869565217,
              28.887391304347826
            ],
            [
              121.59913043478261,
              28.915869565217392
            ],
            [
              121.54217391304348,
              28.915869565217392
            ],
            [
              121.51369565217391,
              28.944347826086954
            ],
            [
              121.48521739130435,
              28.944347826086954
            ],
            [
              121.48521739130435,
              28.972826086956523
            ],
            [
              121.54217391304348,
              28.972826086956523
            ],
            [
              121.54217391304348,
              28.944347826086954
            ],
            [
              121.59913043478261,
              28.944347826086954
            ],
            [
              121.59913043478261,
              28.972826086956523
            ],
            [
              121.62760869565217,
              28.944347826086954
            ],
            [
              121.68456521739131,
              28.944347826086954
            ],
            [
              121.71304347826087,
              28.972826086956523
            ],
            [
              121.65608695652173,
              28.972826086956523
            ],
            [
              121.65608695652173,
              29.02978260869565
            ],
            [
              121.68456521739131,
              29.02978260869565
            ],
            [
              121.68456521739131,
              29.058260869565217
            ],
            [
              121.59913043478261,
              29.058260869565217
            ],
            [
              121.62760869565217,
              29.086739130434786
            ],
            [
              121.62760869565217,
              29.14369565217391
            ],
            [
              121.54217391304348,
              29.14369565217391
            ],
            [
              121.48521739130435,
              29.11521739130435
            ],
            [
              121.39978260869566,
              29.11521739130435
            ],
            [
              121.42826086956522,
              29.14369565217391
            ],
            [
              121.45673913043478,
              29.14369565217391
            ],
            [
              121.45673913043478,
              29.172173913043476
            ],
            [
              121.45673913043478,
              29.200652173913042
            ],
            [
              121.51369565217391,
              29.200652173913042
            ],
            [
              121.51369565217391,
              29.229130434782608
            ],
            [
              121.54217391304348,
              29.257608695652173
            ],
            [
              121.54217391304348,
              29.286086956521736
            ],
            [
              121.57065217391305,
              29.286086956521736
            ],
            [
              121.57065217391305,
              29.314565217391305
            ],
            [
              121.59913043478261,
              29.314565217391305
            ],
            [
              121.59913043478261,
              29.257608695652173
            ],
            [
              121.62760869565217,
              29.229130434782608
            ],
            [
              121.65608695652173,
              29.229130434782608
            ],
            [
              121.65608695652173,
              29.200652173913042
            ],
            [
              121.74152173913043,
              29.200652173913042
            ],
            [
              121.74152173913043,
              29.229130434782608
            ],
            [
              121.77000000000001,
              29.257608695652173
            ],
            [
              121.77000000000001,
              29.400000000000002
            ],
            [
              121.79847826086957,
              29.400000000000002
            ],
            [
              121.79847826086957,
              29.172173913043476
            ],
            [
              121.77000000000001,
              29.14369565217391
            ],
            [
              121.82695652173913,
              29.14369565217391
            ],
            [
              121.82695652173913,
              29.11521739130435
            ],
            [
              121.8554347826087,
              29.11521739130435
            ],
            [
              121.8554347826087,
              29.172173913043476
            ],
            [
              121.82695652173913,
              29.172173913043476
            ],
            [
              121.88391304347826,
              29.200652173913042
            ],
            [
              121.94086956521738,
              29.200652173913042
            ],
            [
              121.94086956521738,
              29.229130434782608
            ],
            [
              121.96934782608696,
              29.229130434782608
            ],
            [
              121.94086956521738,
              29.257608695652173
            ],
            [
              121.96934782608696,
              29.286086956521736
            ],
            [
              121.91239130434784,
              29.286086956521736
            ],
            [
              121.91239130434784,
              29.343043478260867
            ],
            [
              121.94086956521738,
              29.343043478260867
            ],
            [
              121.91239130434784,
              29.371521739130433
            ],
            [
              121.91239130434784,
              29.428478260869568
            ],
            [
              121.94086956521738,
              29.45695652173913
            ],
            [
              121.94086956521738,
              29.428478260869568
            ],
            [
              121.96934782608696,
              29.428478260869568
            ],
            [
              121.96934782608696,
              29.45695652173913
            ],
            [
              121.94086956521738,
              29.485434782608692
            ],
            [
              121.94086956521738,
              29.51391304347826
            ],
            [
              121.91239130434784,
              29.51391304347826
            ],
            [
              121.91239130434784,
              29.542391304347824
            ],
            [
              121.94086956521738,
              29.542391304347824
            ],
            [
              121.94086956521738,
              29.570869565217393
            ],
            [
              121.96934782608696,
              29.570869565217393
            ],
            [
              121.96934782608696,
              29.627826086956524
            ],
            [
              121.94086956521738,
              29.627826086956524
            ],
            [
              121.94086956521738,
              29.656304347826087
            ],
            [
              121.91239130434784,
              29.656304347826087
            ],
            [
              121.88391304347826,
              29.627826086956524
            ],
            [
              121.8554347826087,
              29.656304347826087
            ],
            [
              121.8554347826087,
              29.627826086956524
            ],
            [
              121.79847826086957,
              29.627826086956524
            ],
            [
              121.74152173913043,
              29.570869565217393
            ],
            [
              121.82695652173913,
              29.570869565217393
            ],
            [
              121.8554347826087,
              29.542391304347824
            ],
            [
              121.82695652173913,
              29.542391304347824
            ],
            [
              121.79847826086957,
              29.51391304347826
            ],
            [
              121.79847826086957,
              29.485434782608692
            ],
            [
              121.77000000000001,
              29.485434782608692
            ],
            [
              121.77000000000001,
              29.542391304347824
            ],
            [
              121.68456521739131,
              29.542391304347824
            ],
            [
              121.65608695652173,
              29.51391304347826
            ],
            [
              121.59913043478261,
              29.51391304347826
            ],
            [
              121.54217391304348,
              29.45695652173913
            ],
            [
              121.54217391304348,
              29.428478260869568
            ],
            [
              121.51369565217391,
              29.428478260869568
            ],
            [
              121.48521739130435,
              29.400000000000002
            ],
            [
              121.48521739130435,
              29.428478260869568
            ],
            [
              121.51369565217391,
              29.45695652173913
            ],
            [
              121.48521739130435,
              29.485434782608692
            ],
            [
              121.48521739130435,
              29.45695652173913
            ],
            [
              121.45673913043478,
              29.428478260869568
            ],
            [
              121.45673913043478,
              29.45695652173913
            ],
            [
              121.42826086956522,
              29.485434782608692
            ],
            [
              121.45673913043478,
              29.51391304347826
            ],
            [
              121.45673913043478,
              29.542391304347824
            ],
            [
              121.48521739130435,
              29.542391304347824
            ],
            [
              121.48521739130435,
              29.570869565217393
            ],
            [
              121.51369565217391,
              29.570869565217393
            ],
            [
              121.51369565217391,
              29.542391304347824
            ],
            [
              121.54217391304348,
              29.51391304347826
            ],
            [
              121.57065217391305,
              29.570869565217393
            ],
            [
              121.68456521739131,
              29.570869565217393
            ],
            [
              121.82695652173913,
              29.713260869565218
            ],
            [
              121.8554347826087,
              29.713260869565218
            ],
            [
              121.8554347826087,
              29.741739130434784
            ],
            [
              121.88391304347826,
              29.77021739130435
            ],
            [
              121.91239130434784,
              29.77021739130435
            ],
            [
              121.91239130434784,
              29.79869565217391
            ],
            [
              121.94086956521738,
              29.79869565217391
            ],
            [
              121.96934782608696,
              29.827173913043477
            ],
            [
              122.02630434782608,
              29.855652173913043
            ],
            [
              122.05478260869566,
              29.855652173913043
            ],
            [
              122.11173913043478,
              29.88413043478261
            ],
            [
              122.14021739130435,
              29.912608695652175
            ],
            [
              121.99782608695652,
              29.912608695652175
            ],
            [
              121.99782608695652,
              29.941086956521737
            ],
            [
              121.96934782608696,
              29.969565217391306
            ],
            [
              121.94086956521738,
              29.969565217391306
            ],
            [
              121.94086956521738,
              29.912608695652175
            ],
            [
              121.91239130434784,
              29.941086956521737
            ],
            [
              121.88391304347826,
              29.941086956521737
            ],
            [
              121.8554347826087,
              29.969565217391306
            ],
            [
              121.79847826086957,
              29.969565217391306
            ],
            [
              121.77000000000001,
              29.99804347826087
            ],
            [
              121.74152173913043,
              29.99804347826087
            ],
            [
              121.71304347826087,
              29.99804347826087
            ],
            [
              121.68456521739131,
              30.026521739130434
            ],
            [
              121.65608695652173,
              30.026521739130434
            ],
            [
              121.65608695652173,
              30.055
            ],
            [
              121.62760869565217,
              30.083478260869565
            ],
            [
              121.59913043478261,
              30.140434782608693
            ],
            [
              121.54217391304348,
              30.168913043478263
            ],
            [
              121.51369565217391,
              30.22586956521739
            ],
            [
              121.45673913043478,
              30.282826086956522
            ],
            [
              121.42826086956522,
              30.311304347826088
            ],
            [
              121.31434782608696,
              30.368260869565216
            ],
            [
              121.17195652173913,
              30.368260869565216
            ],
            [
              121.11500000000001,
              30.311304347826088
            ],
            [
              121.0390579710145,
              30.254347826086956
            ],
            [
              121.00108695652173,
              30.22586956521739
            ],
            [
              120.97260869565217,
              30.22586956521739
            ],
            [
              120.94413043478261,
              30.197391304347825
            ],
            [
              120.83021739130434,
              30.197391304347825
            ],
            [
              120.80173913043478,
              30.22586956521739
            ],
            [
              120.74478260869566,
              30.254347826086956
            ],
            [
              120.71630434782608,
              30.254347826086956
            ],
            [
              120.68782608695652,
              30.282826086956522
            ],
            [
              120.65934782608696,
              30.368260869565216
            ],
            [
              120.6308695652174,
              30.39673913043478
            ],
            [
              120.46000000000001,
              30.39673913043478
            ],
            [
              120.43152173913043,
              30.311304347826088
            ],
            [
              120.40304347826087,
              30.311304347826088
            ],
            [
              120.40304347826087,
              30.39673913043478
            ],
            [
              120.43152173913043,
              30.39673913043478
            ],
            [
              120.48847826086957,
              30.425217391304347
            ],
            [
              120.68782608695652,
              30.425217391304347
            ],
            [
              120.74478260869566,
              30.368260869565216
            ],
            [
              120.74478260869566,
              30.33978260869565
            ],
            [
              120.77326086956522,
              30.311304347826088
            ],
            [
              120.83021739130434,
              30.311304347826088
            ],
            [
              120.8586956521739,
              30.33978260869565
            ],
            [
              120.88717391304348,
              30.39673913043478
            ],
            [
              120.91565217391305,
              30.39673913043478
            ],
            [
              120.88717391304348,
              30.425217391304347
            ],
            [
              120.91565217391305,
              30.425217391304347
            ],
            [
              120.94413043478261,
              30.453695652173913
            ],
            [
              120.91565217391305,
              30.482173913043475
            ],
            [
              120.94413043478261,
              30.482173913043475
            ],
            [
              120.94413043478261,
              30.510652173913044
            ],
            [
              120.97260869565217,
              30.567608695652176
            ],
            [
              121.00108695652173,
              30.567608695652176
            ],
            [
              121.02956521739131,
              30.596086956521738
            ],
            [
              121.11500000000001,
              30.596086956521738
            ],
            [
              121.11500000000001,
              30.624565217391307
            ],
            [
              121.14347826086957,
              30.624565217391307
            ],
            [
              121.14347826086957,
              30.65304347826087
            ],
            [
              121.17195652173913,
              30.65304347826087
            ],
            [
              121.2004347826087,
              30.681521739130435
            ],
            [
              121.22891304347826,
              30.681521739130435
            ],
            [
              121.25739130434783,
              30.71
            ],
            [
              121.34282608695652,
              30.71
            ],
            [
              121.34282608695652,
              30.738478260869563
            ],
            [
              121.39978260869566,
              30.795434782608694
            ],
            [
              121.45673913043478,
              30.795434782608694
            ],
            [
              121.48521739130435,
              30.82391304347826
            ],
            [
              121.54217391304348,
              30.82391304347826
            ],
            [
              121.62760869565217,
              30.852391304347826
            ],
            [
              121.74152173913043,
              30.852391304347826
            ],
            [
              121.79847826086957,
              30.88086956521739
            ],
            [
              121.96934782608696,
              30.88086956521739
            ],
            [
              121.96934782608696,
              30.937826086956523
            ],
            [
              121.88391304347826,
              31.108695652173914
            ],
            [
              121.77000000000001,
              31.222608695652173
            ],
            [
              121.71304347826087,
              31.30804347826087
            ],
            [
              121.65608695652173,
              31.336521739130433
            ],
            [
              121.62760869565217,
              31.365000000000002
            ],
            [
              121.54217391304348,
              31.393478260869564
            ],
            [
              121.45673913043478,
              31.450434782608696
            ],
            [
              121.42826086956522,
              31.478913043478258
            ],
            [
              121.37130434782608,
              31.507391304347827
            ],
            [
              121.34282608695652,
              31.507391304347827
            ],
            [
              121.31434782608696,
              31.53586956521739
            ],
            [
              121.25739130434783,
              31.62130434782609
            ],
            [
              121.2004347826087,
              31.649782608695652
            ],
            [
              121.14347826086957,
              31.706739130434784
            ],
            [
              121.05804347826087,
              31.735217391304346
            ],
            [
              121.00108695652173,
              31.763695652173915
            ],
            [
              120.94413043478261,
              31.763695652173915
            ],
            [
              120.88717391304348,
              31.792173913043477
            ],
            [
              120.83021739130434,
              31.792173913043477
            ],
            [
              120.74478260869566,
              31.820652173913043
            ],
            [
              120.71630434782608,
              31.84913043478261
            ],
            [
              120.71630434782608,
              31.877608695652174
            ],
            [
              120.74478260869566,
              31.84913043478261
            ],
            [
              120.80173913043478,
              31.820652173913043
            ],
            [
              120.83021739130434,
              31.84913043478261
            ],
            [
              120.80173913043478,
              31.877608695652174
            ],
            [
              120.74478260869566,
              31.991521739130434
            ],
            [
              120.68782608695652,
              32.019999999999996
            ],
            [
              120.60239130434783,
              32.019999999999996
            ],
            [
              120.51695652173913,
              32.048478260869565
            ],
            [
              120.46000000000001,
              32.048478260869565
            ],
            [
              120.46000000000001,
              31.991521739130434
            ],
            [
              120.43152173913043,
              31.991521739130434
            ],
            [
              120.34608695652175,
              31.96304347826087
            ],
            [
              120.23217391304348,
              31.934565217391302
            ],
            [
              120.11826086956522,
              31.934565217391302
            ],
            [
              120.03282608695653,
              31.96304347826087
            ],
            [
              120.00434782608696,
              31.96304347826087
            ],
            [
              119.94739130434783,
              32.019999999999996
            ],
            [
              119.94739130434783,
              32.048478260869565
            ],
            [
              119.91891304347826,
              32.076956521739135
            ],
            [
              119.86195652173913,
              32.1054347826087
            ],
            [
              119.8904347826087,
              32.1054347826087
            ],
            [
              119.8904347826087,
              32.13391304347826
            ],
            [
              119.86195652173913,
              32.16239130434782
            ],
            [
              119.83347826086957,
              32.276304347826084
            ],
            [
              119.805,
              32.30478260869565
            ],
            [
              119.74804347826087,
              32.30478260869565
            ],
            [
              119.7195652173913,
              32.276304347826084
            ],
            [
              119.77652173913043,
              32.21934782608696
            ],
            [
              119.7195652173913,
              32.21934782608696
            ],
            [
              119.7195652173913,
              32.24782608695652
            ],
            [
              119.66260869565217,
              32.24782608695652
            ],
            [
              119.66260869565217,
              32.30478260869565
            ],
            [
              119.69108695652174,
              32.30478260869565
            ],
            [
              119.69108695652174,
              32.333260869565216
            ],
            [
              119.805,
              32.333260869565216
            ],
            [
              119.83347826086957,
              32.30478260869565
            ],
            [
              119.86195652173913,
              32.30478260869565
            ],
            [
              119.86195652173913,
              32.276304347826084
            ],
            [
              119.8904347826087,
              32.21934782608696
            ],
            [
              119.91891304347826,
              32.24782608695652
            ],
            [
              119.91891304347826,
              32.13391304347826
            ],
            [
              120.00434782608696,
              32.019999999999996
            ],
            [
              120.03282608695653,
              32.019999999999996
            ],
            [
              120.08978260869566,
              31.96304347826087
            ],
            [
              120.26065217391304,
              31.96304347826087
            ],
            [
              120.2891304347826,
              31.991521739130434
            ],
            [
              120.37456521739131,
              32.048478260869565
            ],
            [
              120.48847826086957,
              32.1054347826087
            ],
            [
              120.6308695652174,
              32.1054347826087
            ],
            [
              120.74478260869566,
              32.048478260869565
            ],
            [
              120.80173913043478,
              32.048478260869565
            ],
            [
              120.8586956521739,
              32.019999999999996
            ],
            [
              120.91565217391305,
              31.934565217391302
            ],
            [
              120.91565217391305,
              31.90608695652174
            ],
            [
              120.94413043478261,
              31.90608695652174
            ],
            [
              120.94413043478261,
              31.84913043478261
            ],
            [
              120.97260869565217,
              31.820652173913043
            ],
            [
              121.00108695652173,
              31.84913043478261
            ],
            [
              121.02956521739131,
              31.84913043478261
            ],
            [
              121.05804347826087,
              31.820652173913043
            ],
            [
              121.11500000000001,
              31.820652173913043
            ],
            [
              121.2858695652174,
              31.90608695652174
            ],
            [
              121.31434782608696,
              31.90608695652174
            ],
            [
              121.48521739130435,
              31.820652173913043
            ],
            [
              121.51369565217391,
              31.820652173913043
            ],
            [
              121.51369565217391,
              31.792173913043477
            ],
            [
              121.57065217391305,
              31.792173913043477
            ],
            [
              121.59913043478261,
              31.763695652173915
            ],
            [
              121.65608695652173,
              31.763695652173915
            ],
            [
              121.68456521739131,
              31.735217391304346
            ],
            [
              121.74152173913043,
              31.735217391304346
            ],
            [
              121.82695652173913,
              31.706739130434784
            ],
            [
              121.88391304347826,
              31.706739130434784
            ],
            [
              121.91239130434784,
              31.735217391304346
            ],
            [
              121.94086956521738,
              31.735217391304346
            ],
            [
              121.91239130434784,
              31.763695652173915
            ],
            [
              121.91239130434784,
              31.792173913043477
            ],
            [
              121.88391304347826,
              31.84913043478261
            ],
            [
              121.88391304347826,
              31.877608695652174
            ],
            [
              121.8554347826087,
              31.934565217391302
            ],
            [
              121.82695652173913,
              31.934565217391302
            ],
            [
              121.82695652173913,
              31.96304347826087
            ],
            [
              121.74152173913043,
              32.048478260869565
            ],
            [
              121.68456521739131,
              32.048478260869565
            ],
            [
              121.65608695652173,
              32.076956521739135
            ],
            [
              121.54217391304348,
              32.13391304347826
            ],
            [
              121.45673913043478,
              32.13391304347826
            ],
            [
              121.42826086956522,
              32.16239130434782
            ],
            [
              121.42826086956522,
              32.19086956521739
            ],
            [
              121.39978260869566,
              32.19086956521739
            ],
            [
              121.37130434782608,
              32.24782608695652
            ],
            [
              121.39978260869566,
              32.276304347826084
            ],
            [
              121.42826086956522,
              32.276304347826084
            ],
            [
              121.39978260869566,
              32.361739130434785
            ],
            [
              121.39978260869566,
              32.39021739130435
            ],
            [
              121.34282608695652,
              32.41869565217391
            ],
            [
              121.2858695652174,
              32.47565217391304
            ],
            [
              121.22891304347826,
              32.50413043478261
            ],
            [
              121.14347826086957,
              32.50413043478261
            ],
            [
              121.11500000000001,
              32.53260869565217
            ],
            [
              121.11500000000001,
              32.50413043478261
            ],
            [
              121.08652173913043,
              32.53260869565217
            ],
            [
              121.08652173913043,
              32.56108695652174
            ],
            [
              121.05804347826087,
              32.56108695652174
            ],
            [
              121.02956521739131,
              32.5895652173913
            ],
            [
              120.97260869565217,
              32.61804347826087
            ],
            [
              120.94413043478261,
              32.61804347826087
            ],
            [
              120.91565217391305,
              32.646521739130435
            ],
            [
              120.91565217391305,
              32.675
            ],
            [
              120.8586956521739,
              32.675
            ],
            [
              120.83021739130434,
              32.703478260869566
            ],
            [
              120.83021739130434,
              32.73195652173913
            ],
            [
              120.8586956521739,
              32.73195652173913
            ],
            [
              120.8586956521739,
              32.7604347826087
            ],
            [
              120.91565217391305,
              32.81739130434782
            ],
            [
              120.91565217391305,
              32.874347826086954
            ],
            [
              120.88717391304348,
              32.98826086956522
            ],
            [
              120.88717391304348,
              33.04521739130435
            ],
            [
              120.83021739130434,
              33.04521739130435
            ],
            [
              120.83021739130434,
              33.10217391304348
            ],
            [
              120.80173913043478,
              33.13065217391304
            ],
            [
              120.80173913043478,
              33.15913043478261
            ],
            [
              120.77326086956522,
              33.18760869565217
            ],
            [
              120.71630434782608,
              33.216086956521735
            ],
            [
              120.74478260869566,
              33.216086956521735
            ],
            [
              120.74478260869566,
              33.244565217391305
            ],
            [
              120.71630434782608,
              33.273043478260874
            ],
            [
              120.74478260869566,
              33.273043478260874
            ],
            [
              120.74478260869566,
              33.301521739130436
            ],
            [
              120.68782608695652,
              33.301521739130436
            ],
            [
              120.68782608695652,
              33.31306774615385
            ],
            [
              120.62490820228388,
              33.31119751293893
            ]
          ],
          [
            [
              121.59913043478261,
              29.058260869565217
            ],
            [
              121.54217391304348,
              29.058260869565217
            ],
            [
              121.54217391304348,
              29.086739130434786
            ],
            [
              121.57065217391305,
              29.086739130434786
            ],
            [
              121.59913043478261,
              29.058260869565217
            ]
          ],
          [
            [
              121.45673913043478,
              29.172173913043476
            ],
            [
              121.39978260869566,
              29.172173913043476
            ],
            [
              121.42826086956522,
              29.200652173913042
            ],
            [
              121.45673913043478,
              29.172173913043476
            ]
          ],
          [
            [
              121.74152173913043,
              29.969565217391306
            ],
            [
              121.71304347826087,
              29.969565217391306
            ],
            [
              121.74152173913043,
              29.99804347826087
            ],
            [
              121.74152173913043,
              29.969565217391306
            ]
          ],
          [
            [
              120.74478260869566,
              30.254347826086956
            ],
            [
              120.65934782608696,
              30.168913043478263
            ],
            [
              120.65934782608696,
              30.140434782608693
            ],
            [
              120.68782608695652,
              30.11195652173913
            ],
            [
              120.65934782608696,
              30.11195652173913
            ],
            [
              120.6308695652174,
              30.140434782608693
            ],
            [
              120.6308695652174,
              30.168913043478263
            ],
            [
              120.68782608695652,
              30.22586956521739
            ],
            [
              120.74478260869566,
              30.254347826086956
            ]
          ],
          [
            [
              120.68782608695652,
              30.11195652173913
            ],
            [
              120.74478260869566,
              30.11195652173913
            ],
            [
              120.71630434782608,
              30.083478260869565
            ],
            [
              120.68782608695652,
              30.11195652173913
            ]
          ],
          [
            [
              120.40304347826087,
              30.282826086956522
            ],
            [
              120.37456521739131,
              30.254347826086956
            ],
            [
              120.31760869565217,
              30.254347826086956
            ],
            [
              120.31760869565217,
              30.282826086956522
            ],
            [
              120.26065217391304,
              30.282826086956522
            ],
            [
              120.2036956521739,
              30.22586956521739
            ],
            [
              120.14673913043478,
              30.22586956521739
            ],
            [
              120.2036956521739,
              30.254347826086956
            ],
            [
              120.23217391304348,
              30.311304347826088
            ],
            [
              120.31760869565217,
              30.311304347826088
            ],
            [
              120.34608695652175,
              30.282826086956522
            ],
            [
              120.37456521739131,
              30.282826086956522
            ],
            [
              120.40304347826087,
              30.311304347826088
            ],
            [
              120.40304347826087,
              30.282826086956522
            ]
          ],
          [
            [
              119.86195652173913,
              32.1054347826087
            ],
            [
              119.77652173913043,
              32.13391304347826
            ],
            [
              119.83347826086957,
              32.13391304347826
            ],
            [
              119.86195652173913,
              32.1054347826087
            ]
          ],
          [
            [
              119.805,
              32.21934782608696
            ],
            [
              119.805,
              32.16239130434782
            ],
            [
              119.77652173913043,
              32.16239130434782
            ],
            [
              119.77652173913043,
              32.21934782608696
            ],
            [
              119.805,
              32.21934782608696
            ]
          ],
          [
            [
              119.66260869565217,
              32.21934782608696
            ],
            [
              119.6341304347826,
              32.21934782608696
            ],
            [
              119.66260869565217,
              32.24782608695652
            ],
            [
              119.66260869565217,
              32.21934782608696
            ]
          ],
          [
            [
              119.66260869565217,
              32.333260869565216
            ],
            [
              119.66260869565217,
              32.361739130434785
            ],
            [
              119.69108695652174,
              32.333260869565216
            ],
            [
              119.66260869565217,
              32.333260869565216
            ]
          ],
          [
            [
              119.60565217391304,
              32.361739130434785
            ],
            [
              119.6341304347826,
              32.39021739130435
            ],
            [
              119.66260869565217,
              32.361739130434785
            ],
            [
              119.60565217391304,
              32.361739130434785
            ]
          ],
          [
            [
              120.80173913043478,
              30.083478260869565
            ],
            [
              120.77326086956522,
              30.083478260869565
            ],
            [
              120.77326086956522,
              30.11195652173913
            ],
            [
              120.80173913043478,
              30.083478260869565
            ]
          ],
          [
            [
              121.62760869565217,
              29.314565217391305
            ],
            [
              121.65608695652173,
              29.314565217391305
            ],
            [
              121.65608695652173,
              29.286086956521736
            ],
            [
              121.62760869565217,
              29.286086956521736
            ],
            [
              121.62760869565217,
              29.314565217391305
            ]
          ],
          [
            [
              121.14347826086957,
              28.85891304347826
            ],
            [
              121.17195652173913,
              28.85891304347826
            ],
            [
              121.17195652173913,
              28.830434782608695
            ],
            [
              121.14347826086957,
              28.85891304347826
            ]
          ],
          [
            [
              121.22891304347826,
              28.773478260869567
            ],
            [
              121.2858695652174,
              28.773478260869567
            ],
            [
              121.31434782608696,
              28.745
            ],
            [
              121.34282608695652,
              28.745
            ],
            [
              121.34282608695652,
              28.716521739130435
            ],
            [
              121.31434782608696,
              28.716521739130435
            ],
            [
              121.25739130434783,
              28.68804347826087
            ],
            [
              121.25739130434783,
              28.716521739130435
            ],
            [
              121.2858695652174,
              28.716521739130435
            ],
            [
              121.2858695652174,
              28.745
            ],
            [
              121.22891304347826,
              28.773478260869567
            ]
          ],
          [
            [
              121.37130434782608,
              28.68804347826087
            ],
            [
              121.37130434782608,
              28.716521739130435
            ],
            [
              121.42826086956522,
              28.716521739130435
            ],
            [
              121.39978260869566,
              28.702282608695654
            ],
            [
              121.37130434782608,
              28.68804347826087
            ]
          ]
        ]
      },
      "properties": {
        "id": "jin-383-partial-reconstruction",
        "entityId": "jin",
        "regionIds": [
          "china-core"
        ],
        "validity": {
          "start": {
            "earliest": "0383-01-01",
            "latest": "0383-01-01"
          },
          "endExclusive": {
            "earliest": "0384-01-01",
            "latest": "0384-01-01"
          },
          "precision": "year",
          "label": "383年淝水之战前部分东晋疆域 · 争议复原；非全年实控"
        },
        "temporalSupport": "snapshot",
        "snapshotYear": 383,
        "relation": "reconstruction",
        "spatialPrecision": "disputed",
        "interpretationId": "zunkir-eastern-jin-dated",
        "evidence": [
          {
            "sourceId": "commons-eastern-jin-383",
            "locator": "path2987; path3911；Jin orientaux标签；原图年份标题",
            "note": "原图部分图幅的争议复原轮廓，非全年实控审定；所列书目尚未逐页独立核对。383年只取战前红线，反击后棕线无明确年份，排除。"
          },
          {
            "sourceId": "commons-eastern-china-relief",
            "locator": "SVG 920×1006；scale(1,1.17)；三图共享2000×1335嵌入底图；data/registration/eastern-jin-dated.json",
            "note": "按作者声明的等距圆柱投影及同源放大裁切转换，非城市点拟合。Geobox页面N/S颠倒；以独立湖泊检查确认方向。"
          },
          {
            "sourceId": "natural-earth-registration-lakes",
            "locator": "sources/natural-earth/eastern-relief-check-lakes.geojson；青海湖、太湖、洪泽湖、鄱阳湖",
            "note": "四个现代湖泊重心仅作独立坐标检查，均未参与拟合。不是历史政治边界。"
          }
        ],
        "review": {
          "status": "verified",
          "reviewerKind": "agent",
          "reviewer": "Codex（来源轮廓与坐标转换复核，非历史专家审定）",
          "checkedAt": "2026-10-06",
          "evidence": [
            {
              "sourceId": "commons-eastern-jin-383",
              "locator": "path2987; path3911；Jin orientaux标签；原图年份标题",
              "note": "原图部分图幅的争议复原轮廓，非全年实控审定；所列书目尚未逐页独立核对。383年只取战前红线，反击后棕线无明确年份，排除。"
            },
            {
              "sourceId": "commons-eastern-china-relief",
              "locator": "SVG 920×1006；scale(1,1.17)；三图共享2000×1335嵌入底图；data/registration/eastern-jin-dated.json",
              "note": "按作者声明的等距圆柱投影及同源放大裁切转换，非城市点拟合。Geobox页面N/S颠倒；以独立湖泊检查确认方向。"
            },
            {
              "sourceId": "natural-earth-registration-lakes",
              "locator": "sources/natural-earth/eastern-relief-check-lakes.geojson；青海湖、太湖、洪泽湖、鄱阳湖",
              "note": "四个现代湖泊重心仅作独立坐标检查，均未参与拟合。不是历史政治边界。"
            }
          ]
        },
        "compilation": {
          "method": "原始SVG边界曲线采样；按作者声明的等距圆柱投影和117%南北伸长还原；同源底图岸线裁切连续大陆；不外推其他年份。",
          "sourceScale": null,
          "controlPoints": [],
          "errorNote": "四个独立湖泊检查最大残差3.21公里，只验证所查自然地理点，不是全图或历史边界精度。原图城市标点有明显偏位，未用于配准或地点。原图历史轮廓仍待专业复核。",
          "extent": "partial-source",
          "extentNote": "东晋仅录入原图部分图幅；约27.55°N以南及图外疆域待补，截断处不作国界。",
          "boundaryGeometry": {
            "type": "MultiLineString",
            "coordinates": [
              [
                [
                  120.62490820228388,
                  33.31119751293893
                ],
                [
                  120.37864777442734,
                  33.262120732806444
                ],
                [
                  120.14213877724157,
                  33.22104052267383
                ],
                [
                  119.90813052732673,
                  33.1867065565809
                ],
                [
                  119.67755661960835,
                  33.1593135420182
                ],
                [
                  119.47504329158481,
                  33.1405074584421
                ],
                [
                  119.26100348410486,
                  33.12553377652691
                ],
                [
                  118.59997377907457,
                  33.09557678026952
                ],
                [
                  118.36280286686406,
                  33.081009718257384
                ],
                [
                  118.10217850963393,
                  33.05607078859805
                ],
                [
                  117.85557558100362,
                  33.02143526673327
                ],
                [
                  117.55181652785916,
                  32.96299520544526
                ],
                [
                  117.3225107,
                  32.9078600017094
                ],
                [
                  117.2105921675911,
                  32.884547381454084
                ],
                [
                  117.08635555296847,
                  32.85221677480894
                ],
                [
                  116.81992717931936,
                  32.77067346651859
                ],
                [
                  116.23746085798315,
                  32.575393956867494
                ],
                [
                  115.98554057994298,
                  32.49457117112908
                ],
                [
                  115.7369091202948,
                  32.422261907252924
                ],
                [
                  115.52293116166858,
                  32.36955022159085
                ],
                [
                  115.40483556818963,
                  32.345875236736305
                ],
                [
                  115.29733899388827,
                  32.3288124751703
                ],
                [
                  115.19482832859968,
                  32.317633800285705
                ],
                [
                  115.10322869531309,
                  32.31306557834841
                ],
                [
                  115.01730399584245,
                  32.314874723477594
                ],
                [
                  114.94215172735753,
                  32.32289421178884
                ],
                [
                  114.87305169734624,
                  32.33750571349885
                ],
                [
                  114.81420916,
                  32.35759741282051
                ],
                [
                  114.67977126035844,
                  32.30115333692673
                ],
                [
                  114.50547237428077,
                  32.212142780658375
                ],
                [
                  114.2943440420986,
                  32.092611397530355
                ],
                [
                  113.76380557205931,
                  31.777171789676864
                ],
                [
                  113.51107813343596,
                  31.63188442481942
                ],
                [
                  113.26053324394258,
                  31.498042546296855
                ],
                [
                  113.04170486819618,
                  31.394470968857352
                ],
                [
                  112.87275492317227,
                  31.327151540183433
                ],
                [
                  112.7192363675103,
                  31.279788990510806
                ],
                [
                  112.58700965542816,
                  31.254142696840596
                ],
                [
                  112.44080490759792,
                  31.244791237166957
                ],
                [
                  112.37457984237118,
                  31.22898534977243
                ],
                [
                  112.28314256318521,
                  31.200659805009074
                ],
                [
                  111.98627483029381,
                  31.09173157516521
                ],
                [
                  111.34751543632913,
                  30.835021037918445
                ],
                [
                  111.20789601199999,
                  30.783038658119658
                ],
                [
                  111.19279331203728,
                  30.798513151303332
                ],
                [
                  111.15398915509165,
                  30.820423933916196
                ],
                [
                  111.02262822209967,
                  30.874571431282888
                ],
                [
                  110.85112226487038,
                  30.930089984303798
                ],
                [
                  110.6661933925165,
                  30.978681837093728
                ],
                [
                  110.49347937156752,
                  31.015179837071194
                ],
                [
                  110.31590217795531,
                  31.043982670581933
                ],
                [
                  110.14619641720049,
                  31.06283992537565
                ],
                [
                  109.98072130266482,
                  31.0722720760687
                ],
                [
                  109.86183814704943,
                  31.072935536654914
                ],
                [
                  109.7434059838105,
                  31.0678413152037
                ],
                [
                  109.63407263732165,
                  31.057350093683333
                ],
                [
                  109.52665263902945,
                  31.040808743261532
                ],
                [
                  109.4071714105389,
                  31.013855344454118
                ],
                [
                  109.19680170573898,
                  30.95293206856817
                ],
                [
                  108.90403409479923,
                  30.883995660796742
                ],
                [
                  108.78023811903765,
                  30.851272416865505
                ],
                [
                  108.67577755470498,
                  30.817043626461718
                ],
                [
                  108.59108642504825,
                  30.781104077659986
                ],
                [
                  108.52070618098203,
                  30.741368087922368
                ],
                [
                  108.46090640123195,
                  30.694576568852703
                ],
                [
                  108.41350045623184,
                  30.639547985580993
                ],
                [
                  108.31347925371166,
                  30.480992124411756
                ],
                [
                  108.23543509561769,
                  30.366407633106114
                ],
                [
                  108.11669323443743,
                  30.214079656574285
                ],
                [
                  108.04347956569127,
                  30.134346551159744
                ],
                [
                  107.97351462482212,
                  30.0682633116669
                ],
                [
                  107.90363324908108,
                  30.011871882824575
                ],
                [
                  107.82967214722572,
                  29.962268845633485
                ],
                [
                  107.76645985266693,
                  29.92774909130835
                ],
                [
                  107.70554486742216,
                  29.90105491525963
                ],
                [
                  107.64209515484708,
                  29.879816731045054
                ],
                [
                  107.5760405057541,
                  29.864513813258874
                ],
                [
                  107.4837941676113,
                  29.85417093538559
                ],
                [
                  107.32861264939291,
                  29.855111160305036
                ],
                [
                  107.2278766780403,
                  29.84982198220353
                ],
                [
                  107.13159792225218,
                  29.837170875960563
                ],
                [
                  107.03444068536415,
                  29.815375919633006
                ],
                [
                  106.9029596514032,
                  29.76973884904595
                ],
                [
                  106.64725423068758,
                  29.65021865448801
                ],
                [
                  106.50887073250502,
                  29.5974359210107
                ],
                [
                  106.46970452688448,
                  29.574615024734985
                ],
                [
                  106.4261315780202,
                  29.538733338426937
                ],
                [
                  106.18477790887732,
                  29.280791905283518
                ],
                [
                  106.10213980591156,
                  29.205875299918343
                ],
                [
                  106.01578475925272,
                  29.138525168554605
                ],
                [
                  105.91572924774674,
                  29.072495038172484
                ],
                [
                  105.80734242211496,
                  29.012952439318084
                ],
                [
                  105.69177052926007,
                  28.96060562605671
                ],
                [
                  105.561355459,
                  28.91271694871795
                ],
                [
                  105.3990405595771,
                  28.975520708984504
                ],
                [
                  104.67635509600603,
                  29.23115559766422
                ],
                [
                  104.29771587884522,
                  29.37450869636902
                ],
                [
                  103.89781578625505,
                  29.540608800298095
                ],
                [
                  103.72063948067175,
                  29.621281515817277
                ],
                [
                  103.55696145911668,
                  29.70127972067248
                ],
                [
                  103.39635034612205,
                  29.786653782885608
                ],
                [
                  103.25914165387533,
                  29.867121712183803
                ],
                [
                  103.1396602313462,
                  29.94546307376344
                ],
                [
                  103.03386503088748,
                  30.0247511048544
                ],
                [
                  102.94723193605425,
                  30.10124722332379
                ],
                [
                  102.87937364768678,
                  30.174660043431132
                ],
                [
                  102.82747944208117,
                  30.248264285623137
                ],
                [
                  102.79424189137228,
                  30.318318679153023
                ],
                [
                  102.72836216996625,
                  30.09228348575246
                ],
                [
                  102.6389198765848,
                  29.827369771909048
                ],
                [
                  102.52581533579435,
                  29.523813173058183
                ],
                [
                  102.38898780526357,
                  29.18180565211268
                ],
                [
                  102.22748251017211,
                  28.799641455764274
                ],
                [
                  102.0481629150904,
                  28.39357623910603
                ],
                [
                  101.84930936347915,
                  27.959844663180682
                ],
                [
                  101.655800478305,
                  27.552676068376066
                ]
              ],
              [
                [
                  120.60239130434783,
                  27.552676068376066
                ],
                [
                  120.60239130434783,
                  27.60586956521739
                ],
                [
                  120.6308695652174,
                  27.60586956521739
                ],
                [
                  120.6308695652174,
                  27.634347826086955
                ],
                [
                  120.65934782608696,
                  27.634347826086955
                ],
                [
                  120.68782608695652,
                  27.691304347826083
                ],
                [
                  120.68782608695652,
                  27.719782608695652
                ],
                [
                  120.65934782608696,
                  27.719782608695652
                ],
                [
                  120.65934782608696,
                  27.748260869565215
                ],
                [
                  120.6308695652174,
                  27.776739130434784
                ],
                [
                  120.65934782608696,
                  27.776739130434784
                ],
                [
                  120.71630434782608,
                  27.719782608695652
                ],
                [
                  120.77326086956522,
                  27.776739130434784
                ],
                [
                  120.80173913043478,
                  27.833695652173912
                ],
                [
                  120.80173913043478,
                  27.862173913043478
                ],
                [
                  120.8586956521739,
                  27.862173913043478
                ],
                [
                  120.8586956521739,
                  27.97608695652174
                ],
                [
                  120.83021739130434,
                  27.97608695652174
                ],
                [
                  120.74478260869566,
                  28.004565217391303
                ],
                [
                  120.71630434782608,
                  28.033043478260872
                ],
                [
                  120.60239130434783,
                  28.033043478260872
                ],
                [
                  120.57391304347826,
                  28.061521739130434
                ],
                [
                  120.57391304347826,
                  28.118478260869566
                ],
                [
                  120.60239130434783,
                  28.061521739130434
                ],
                [
                  120.74478260869566,
                  28.061521739130434
                ],
                [
                  120.74478260869566,
                  28.033043478260872
                ],
                [
                  120.77326086956522,
                  28.033043478260872
                ],
                [
                  120.80173913043478,
                  28.004565217391303
                ],
                [
                  120.97260869565217,
                  28.004565217391303
                ],
                [
                  120.97260869565217,
                  28.033043478260872
                ],
                [
                  121.00108695652173,
                  28.033043478260872
                ],
                [
                  121.00108695652173,
                  28.118478260869566
                ],
                [
                  121.05804347826087,
                  28.175434782608697
                ],
                [
                  121.08652173913043,
                  28.175434782608697
                ],
                [
                  121.08652173913043,
                  28.20391304347826
                ],
                [
                  121.11500000000001,
                  28.20391304347826
                ],
                [
                  121.11500000000001,
                  28.26086956521739
                ],
                [
                  121.14347826086957,
                  28.289347826086953
                ],
                [
                  121.02956521739131,
                  28.289347826086953
                ],
                [
                  121.02956521739131,
                  28.317826086956522
                ],
                [
                  121.14347826086957,
                  28.317826086956522
                ],
                [
                  121.14347826086957,
                  28.37478260869565
                ],
                [
                  121.17195652173913,
                  28.37478260869565
                ],
                [
                  121.17195652173913,
                  28.403260869565216
                ],
                [
                  121.2004347826087,
                  28.37478260869565
                ],
                [
                  121.2004347826087,
                  28.346304347826088
                ],
                [
                  121.25739130434783,
                  28.289347826086953
                ],
                [
                  121.22891304347826,
                  28.26086956521739
                ],
                [
                  121.25739130434783,
                  28.232391304347825
                ],
                [
                  121.2858695652174,
                  28.232391304347825
                ],
                [
                  121.2858695652174,
                  28.20391304347826
                ],
                [
                  121.31434782608696,
                  28.20391304347826
                ],
                [
                  121.31434782608696,
                  28.175434782608697
                ],
                [
                  121.37130434782608,
                  28.175434782608697
                ],
                [
                  121.37130434782608,
                  28.20391304347826
                ],
                [
                  121.34282608695652,
                  28.20391304347826
                ],
                [
                  121.37130434782608,
                  28.232391304347825
                ],
                [
                  121.37130434782608,
                  28.26086956521739
                ],
                [
                  121.42826086956522,
                  28.26086956521739
                ],
                [
                  121.42826086956522,
                  28.289347826086953
                ],
                [
                  121.39978260869566,
                  28.289347826086953
                ],
                [
                  121.39978260869566,
                  28.317826086956522
                ],
                [
                  121.42826086956522,
                  28.317826086956522
                ],
                [
                  121.45673913043478,
                  28.346304347826088
                ],
                [
                  121.54217391304348,
                  28.346304347826088
                ],
                [
                  121.57065217391305,
                  28.317826086956522
                ],
                [
                  121.57065217391305,
                  28.289347826086953
                ],
                [
                  121.59913043478261,
                  28.26086956521739
                ],
                [
                  121.59913043478261,
                  28.289347826086953
                ],
                [
                  121.62760869565217,
                  28.289347826086953
                ],
                [
                  121.65608695652173,
                  28.346304347826088
                ],
                [
                  121.65608695652173,
                  28.37478260869565
                ],
                [
                  121.62760869565217,
                  28.37478260869565
                ],
                [
                  121.62760869565217,
                  28.403260869565216
                ],
                [
                  121.59913043478261,
                  28.431739130434785
                ],
                [
                  121.59913043478261,
                  28.460217391304347
                ],
                [
                  121.57065217391305,
                  28.460217391304347
                ],
                [
                  121.59913043478261,
                  28.488695652173913
                ],
                [
                  121.57065217391305,
                  28.51717391304348
                ],
                [
                  121.57065217391305,
                  28.545652173913044
                ],
                [
                  121.54217391304348,
                  28.57413043478261
                ],
                [
                  121.54217391304348,
                  28.631086956521738
                ],
                [
                  121.51369565217391,
                  28.631086956521738
                ],
                [
                  121.51369565217391,
                  28.68804347826087
                ],
                [
                  121.48521739130435,
                  28.68804347826087
                ],
                [
                  121.45673913043478,
                  28.716521739130435
                ],
                [
                  121.51369565217391,
                  28.716521739130435
                ],
                [
                  121.59913043478261,
                  28.745
                ],
                [
                  121.62760869565217,
                  28.745
                ],
                [
                  121.62760869565217,
                  28.830434782608695
                ],
                [
                  121.65608695652173,
                  28.830434782608695
                ],
                [
                  121.65608695652173,
                  28.85891304347826
                ],
                [
                  121.62760869565217,
                  28.85891304347826
                ],
                [
                  121.62760869565217,
                  28.887391304347826
                ],
                [
                  121.59913043478261,
                  28.915869565217392
                ],
                [
                  121.54217391304348,
                  28.915869565217392
                ],
                [
                  121.51369565217391,
                  28.944347826086954
                ],
                [
                  121.48521739130435,
                  28.944347826086954
                ],
                [
                  121.48521739130435,
                  28.972826086956523
                ],
                [
                  121.54217391304348,
                  28.972826086956523
                ],
                [
                  121.54217391304348,
                  28.944347826086954
                ],
                [
                  121.59913043478261,
                  28.944347826086954
                ],
                [
                  121.59913043478261,
                  28.972826086956523
                ],
                [
                  121.62760869565217,
                  28.944347826086954
                ],
                [
                  121.68456521739131,
                  28.944347826086954
                ],
                [
                  121.71304347826087,
                  28.972826086956523
                ],
                [
                  121.65608695652173,
                  28.972826086956523
                ],
                [
                  121.65608695652173,
                  29.02978260869565
                ],
                [
                  121.68456521739131,
                  29.02978260869565
                ],
                [
                  121.68456521739131,
                  29.058260869565217
                ],
                [
                  121.59913043478261,
                  29.058260869565217
                ]
              ],
              [
                [
                  121.59913043478261,
                  29.058260869565217
                ],
                [
                  121.62760869565217,
                  29.086739130434786
                ],
                [
                  121.62760869565217,
                  29.14369565217391
                ],
                [
                  121.54217391304348,
                  29.14369565217391
                ],
                [
                  121.48521739130435,
                  29.11521739130435
                ],
                [
                  121.39978260869566,
                  29.11521739130435
                ],
                [
                  121.42826086956522,
                  29.14369565217391
                ],
                [
                  121.45673913043478,
                  29.14369565217391
                ],
                [
                  121.45673913043478,
                  29.172173913043476
                ]
              ],
              [
                [
                  121.45673913043478,
                  29.172173913043476
                ],
                [
                  121.45673913043478,
                  29.200652173913042
                ],
                [
                  121.51369565217391,
                  29.200652173913042
                ],
                [
                  121.51369565217391,
                  29.229130434782608
                ],
                [
                  121.54217391304348,
                  29.257608695652173
                ],
                [
                  121.54217391304348,
                  29.286086956521736
                ],
                [
                  121.57065217391305,
                  29.286086956521736
                ],
                [
                  121.57065217391305,
                  29.314565217391305
                ],
                [
                  121.59913043478261,
                  29.314565217391305
                ],
                [
                  121.59913043478261,
                  29.257608695652173
                ],
                [
                  121.62760869565217,
                  29.229130434782608
                ],
                [
                  121.65608695652173,
                  29.229130434782608
                ],
                [
                  121.65608695652173,
                  29.200652173913042
                ],
                [
                  121.74152173913043,
                  29.200652173913042
                ],
                [
                  121.74152173913043,
                  29.229130434782608
                ],
                [
                  121.77000000000001,
                  29.257608695652173
                ],
                [
                  121.77000000000001,
                  29.400000000000002
                ],
                [
                  121.79847826086957,
                  29.400000000000002
                ],
                [
                  121.79847826086957,
                  29.172173913043476
                ],
                [
                  121.77000000000001,
                  29.14369565217391
                ],
                [
                  121.82695652173913,
                  29.14369565217391
                ],
                [
                  121.82695652173913,
                  29.11521739130435
                ],
                [
                  121.8554347826087,
                  29.11521739130435
                ],
                [
                  121.8554347826087,
                  29.172173913043476
                ],
                [
                  121.82695652173913,
                  29.172173913043476
                ],
                [
                  121.88391304347826,
                  29.200652173913042
                ],
                [
                  121.94086956521738,
                  29.200652173913042
                ],
                [
                  121.94086956521738,
                  29.229130434782608
                ],
                [
                  121.96934782608696,
                  29.229130434782608
                ],
                [
                  121.94086956521738,
                  29.257608695652173
                ],
                [
                  121.96934782608696,
                  29.286086956521736
                ],
                [
                  121.91239130434784,
                  29.286086956521736
                ],
                [
                  121.91239130434784,
                  29.343043478260867
                ],
                [
                  121.94086956521738,
                  29.343043478260867
                ],
                [
                  121.91239130434784,
                  29.371521739130433
                ],
                [
                  121.91239130434784,
                  29.428478260869568
                ],
                [
                  121.94086956521738,
                  29.45695652173913
                ],
                [
                  121.94086956521738,
                  29.428478260869568
                ],
                [
                  121.96934782608696,
                  29.428478260869568
                ],
                [
                  121.96934782608696,
                  29.45695652173913
                ],
                [
                  121.94086956521738,
                  29.485434782608692
                ],
                [
                  121.94086956521738,
                  29.51391304347826
                ],
                [
                  121.91239130434784,
                  29.51391304347826
                ],
                [
                  121.91239130434784,
                  29.542391304347824
                ],
                [
                  121.94086956521738,
                  29.542391304347824
                ],
                [
                  121.94086956521738,
                  29.570869565217393
                ],
                [
                  121.96934782608696,
                  29.570869565217393
                ],
                [
                  121.96934782608696,
                  29.627826086956524
                ],
                [
                  121.94086956521738,
                  29.627826086956524
                ],
                [
                  121.94086956521738,
                  29.656304347826087
                ],
                [
                  121.91239130434784,
                  29.656304347826087
                ],
                [
                  121.88391304347826,
                  29.627826086956524
                ],
                [
                  121.8554347826087,
                  29.656304347826087
                ],
                [
                  121.8554347826087,
                  29.627826086956524
                ],
                [
                  121.79847826086957,
                  29.627826086956524
                ],
                [
                  121.74152173913043,
                  29.570869565217393
                ],
                [
                  121.82695652173913,
                  29.570869565217393
                ],
                [
                  121.8554347826087,
                  29.542391304347824
                ],
                [
                  121.82695652173913,
                  29.542391304347824
                ],
                [
                  121.79847826086957,
                  29.51391304347826
                ],
                [
                  121.79847826086957,
                  29.485434782608692
                ],
                [
                  121.77000000000001,
                  29.485434782608692
                ],
                [
                  121.77000000000001,
                  29.542391304347824
                ],
                [
                  121.68456521739131,
                  29.542391304347824
                ],
                [
                  121.65608695652173,
                  29.51391304347826
                ],
                [
                  121.59913043478261,
                  29.51391304347826
                ],
                [
                  121.54217391304348,
                  29.45695652173913
                ],
                [
                  121.54217391304348,
                  29.428478260869568
                ],
                [
                  121.51369565217391,
                  29.428478260869568
                ],
                [
                  121.48521739130435,
                  29.400000000000002
                ],
                [
                  121.48521739130435,
                  29.428478260869568
                ],
                [
                  121.51369565217391,
                  29.45695652173913
                ],
                [
                  121.48521739130435,
                  29.485434782608692
                ],
                [
                  121.48521739130435,
                  29.45695652173913
                ],
                [
                  121.45673913043478,
                  29.428478260869568
                ],
                [
                  121.45673913043478,
                  29.45695652173913
                ],
                [
                  121.42826086956522,
                  29.485434782608692
                ],
                [
                  121.45673913043478,
                  29.51391304347826
                ],
                [
                  121.45673913043478,
                  29.542391304347824
                ],
                [
                  121.48521739130435,
                  29.542391304347824
                ],
                [
                  121.48521739130435,
                  29.570869565217393
                ],
                [
                  121.51369565217391,
                  29.570869565217393
                ],
                [
                  121.51369565217391,
                  29.542391304347824
                ],
                [
                  121.54217391304348,
                  29.51391304347826
                ],
                [
                  121.57065217391305,
                  29.570869565217393
                ],
                [
                  121.68456521739131,
                  29.570869565217393
                ],
                [
                  121.82695652173913,
                  29.713260869565218
                ],
                [
                  121.8554347826087,
                  29.713260869565218
                ],
                [
                  121.8554347826087,
                  29.741739130434784
                ],
                [
                  121.88391304347826,
                  29.77021739130435
                ],
                [
                  121.91239130434784,
                  29.77021739130435
                ],
                [
                  121.91239130434784,
                  29.79869565217391
                ],
                [
                  121.94086956521738,
                  29.79869565217391
                ],
                [
                  121.96934782608696,
                  29.827173913043477
                ],
                [
                  122.02630434782608,
                  29.855652173913043
                ],
                [
                  122.05478260869566,
                  29.855652173913043
                ],
                [
                  122.11173913043478,
                  29.88413043478261
                ],
                [
                  122.14021739130435,
                  29.912608695652175
                ],
                [
                  121.99782608695652,
                  29.912608695652175
                ],
                [
                  121.99782608695652,
                  29.941086956521737
                ],
                [
                  121.96934782608696,
                  29.969565217391306
                ],
                [
                  121.94086956521738,
                  29.969565217391306
                ],
                [
                  121.94086956521738,
                  29.912608695652175
                ],
                [
                  121.91239130434784,
                  29.941086956521737
                ],
                [
                  121.88391304347826,
                  29.941086956521737
                ],
                [
                  121.8554347826087,
                  29.969565217391306
                ],
                [
                  121.79847826086957,
                  29.969565217391306
                ],
                [
                  121.77000000000001,
                  29.99804347826087
                ],
                [
                  121.74152173913043,
                  29.99804347826087
                ]
              ],
              [
                [
                  121.74152173913043,
                  29.99804347826087
                ],
                [
                  121.71304347826087,
                  29.99804347826087
                ],
                [
                  121.68456521739131,
                  30.026521739130434
                ],
                [
                  121.65608695652173,
                  30.026521739130434
                ],
                [
                  121.65608695652173,
                  30.055
                ],
                [
                  121.62760869565217,
                  30.083478260869565
                ],
                [
                  121.59913043478261,
                  30.140434782608693
                ],
                [
                  121.54217391304348,
                  30.168913043478263
                ],
                [
                  121.51369565217391,
                  30.22586956521739
                ],
                [
                  121.45673913043478,
                  30.282826086956522
                ],
                [
                  121.42826086956522,
                  30.311304347826088
                ],
                [
                  121.31434782608696,
                  30.368260869565216
                ],
                [
                  121.17195652173913,
                  30.368260869565216
                ],
                [
                  121.11500000000001,
                  30.311304347826088
                ],
                [
                  121.0390579710145,
                  30.254347826086956
                ],
                [
                  121.00108695652173,
                  30.22586956521739
                ],
                [
                  120.97260869565217,
                  30.22586956521739
                ],
                [
                  120.94413043478261,
                  30.197391304347825
                ],
                [
                  120.83021739130434,
                  30.197391304347825
                ],
                [
                  120.80173913043478,
                  30.22586956521739
                ],
                [
                  120.74478260869566,
                  30.254347826086956
                ]
              ],
              [
                [
                  120.74478260869566,
                  30.254347826086956
                ],
                [
                  120.71630434782608,
                  30.254347826086956
                ],
                [
                  120.68782608695652,
                  30.282826086956522
                ],
                [
                  120.65934782608696,
                  30.368260869565216
                ],
                [
                  120.6308695652174,
                  30.39673913043478
                ],
                [
                  120.46000000000001,
                  30.39673913043478
                ],
                [
                  120.43152173913043,
                  30.311304347826088
                ],
                [
                  120.40304347826087,
                  30.311304347826088
                ]
              ],
              [
                [
                  120.40304347826087,
                  30.311304347826088
                ],
                [
                  120.40304347826087,
                  30.39673913043478
                ],
                [
                  120.43152173913043,
                  30.39673913043478
                ],
                [
                  120.48847826086957,
                  30.425217391304347
                ],
                [
                  120.68782608695652,
                  30.425217391304347
                ],
                [
                  120.74478260869566,
                  30.368260869565216
                ],
                [
                  120.74478260869566,
                  30.33978260869565
                ],
                [
                  120.77326086956522,
                  30.311304347826088
                ],
                [
                  120.83021739130434,
                  30.311304347826088
                ],
                [
                  120.8586956521739,
                  30.33978260869565
                ],
                [
                  120.88717391304348,
                  30.39673913043478
                ],
                [
                  120.91565217391305,
                  30.39673913043478
                ],
                [
                  120.88717391304348,
                  30.425217391304347
                ],
                [
                  120.91565217391305,
                  30.425217391304347
                ],
                [
                  120.94413043478261,
                  30.453695652173913
                ],
                [
                  120.91565217391305,
                  30.482173913043475
                ],
                [
                  120.94413043478261,
                  30.482173913043475
                ],
                [
                  120.94413043478261,
                  30.510652173913044
                ],
                [
                  120.97260869565217,
                  30.567608695652176
                ],
                [
                  121.00108695652173,
                  30.567608695652176
                ],
                [
                  121.02956521739131,
                  30.596086956521738
                ],
                [
                  121.11500000000001,
                  30.596086956521738
                ],
                [
                  121.11500000000001,
                  30.624565217391307
                ],
                [
                  121.14347826086957,
                  30.624565217391307
                ],
                [
                  121.14347826086957,
                  30.65304347826087
                ],
                [
                  121.17195652173913,
                  30.65304347826087
                ],
                [
                  121.2004347826087,
                  30.681521739130435
                ],
                [
                  121.22891304347826,
                  30.681521739130435
                ],
                [
                  121.25739130434783,
                  30.71
                ],
                [
                  121.34282608695652,
                  30.71
                ],
                [
                  121.34282608695652,
                  30.738478260869563
                ],
                [
                  121.39978260869566,
                  30.795434782608694
                ],
                [
                  121.45673913043478,
                  30.795434782608694
                ],
                [
                  121.48521739130435,
                  30.82391304347826
                ],
                [
                  121.54217391304348,
                  30.82391304347826
                ],
                [
                  121.62760869565217,
                  30.852391304347826
                ],
                [
                  121.74152173913043,
                  30.852391304347826
                ],
                [
                  121.79847826086957,
                  30.88086956521739
                ],
                [
                  121.96934782608696,
                  30.88086956521739
                ],
                [
                  121.96934782608696,
                  30.937826086956523
                ],
                [
                  121.88391304347826,
                  31.108695652173914
                ],
                [
                  121.77000000000001,
                  31.222608695652173
                ],
                [
                  121.71304347826087,
                  31.30804347826087
                ],
                [
                  121.65608695652173,
                  31.336521739130433
                ],
                [
                  121.62760869565217,
                  31.365000000000002
                ],
                [
                  121.54217391304348,
                  31.393478260869564
                ],
                [
                  121.45673913043478,
                  31.450434782608696
                ],
                [
                  121.42826086956522,
                  31.478913043478258
                ],
                [
                  121.37130434782608,
                  31.507391304347827
                ],
                [
                  121.34282608695652,
                  31.507391304347827
                ],
                [
                  121.31434782608696,
                  31.53586956521739
                ],
                [
                  121.25739130434783,
                  31.62130434782609
                ],
                [
                  121.2004347826087,
                  31.649782608695652
                ],
                [
                  121.14347826086957,
                  31.706739130434784
                ],
                [
                  121.05804347826087,
                  31.735217391304346
                ],
                [
                  121.00108695652173,
                  31.763695652173915
                ],
                [
                  120.94413043478261,
                  31.763695652173915
                ],
                [
                  120.88717391304348,
                  31.792173913043477
                ],
                [
                  120.83021739130434,
                  31.792173913043477
                ],
                [
                  120.74478260869566,
                  31.820652173913043
                ],
                [
                  120.71630434782608,
                  31.84913043478261
                ],
                [
                  120.71630434782608,
                  31.877608695652174
                ],
                [
                  120.74478260869566,
                  31.84913043478261
                ],
                [
                  120.80173913043478,
                  31.820652173913043
                ],
                [
                  120.83021739130434,
                  31.84913043478261
                ],
                [
                  120.80173913043478,
                  31.877608695652174
                ],
                [
                  120.74478260869566,
                  31.991521739130434
                ],
                [
                  120.68782608695652,
                  32.019999999999996
                ],
                [
                  120.60239130434783,
                  32.019999999999996
                ],
                [
                  120.51695652173913,
                  32.048478260869565
                ],
                [
                  120.46000000000001,
                  32.048478260869565
                ],
                [
                  120.46000000000001,
                  31.991521739130434
                ],
                [
                  120.43152173913043,
                  31.991521739130434
                ],
                [
                  120.34608695652175,
                  31.96304347826087
                ],
                [
                  120.23217391304348,
                  31.934565217391302
                ],
                [
                  120.11826086956522,
                  31.934565217391302
                ],
                [
                  120.03282608695653,
                  31.96304347826087
                ],
                [
                  120.00434782608696,
                  31.96304347826087
                ],
                [
                  119.94739130434783,
                  32.019999999999996
                ],
                [
                  119.94739130434783,
                  32.048478260869565
                ],
                [
                  119.91891304347826,
                  32.076956521739135
                ],
                [
                  119.86195652173913,
                  32.1054347826087
                ]
              ],
              [
                [
                  119.86195652173913,
                  32.1054347826087
                ],
                [
                  119.8904347826087,
                  32.1054347826087
                ],
                [
                  119.8904347826087,
                  32.13391304347826
                ],
                [
                  119.86195652173913,
                  32.16239130434782
                ],
                [
                  119.83347826086957,
                  32.276304347826084
                ],
                [
                  119.805,
                  32.30478260869565
                ],
                [
                  119.74804347826087,
                  32.30478260869565
                ],
                [
                  119.7195652173913,
                  32.276304347826084
                ],
                [
                  119.77652173913043,
                  32.21934782608696
                ]
              ],
              [
                [
                  119.77652173913043,
                  32.21934782608696
                ],
                [
                  119.7195652173913,
                  32.21934782608696
                ],
                [
                  119.7195652173913,
                  32.24782608695652
                ],
                [
                  119.66260869565217,
                  32.24782608695652
                ]
              ],
              [
                [
                  119.66260869565217,
                  32.24782608695652
                ],
                [
                  119.66260869565217,
                  32.30478260869565
                ],
                [
                  119.69108695652174,
                  32.30478260869565
                ],
                [
                  119.69108695652174,
                  32.333260869565216
                ]
              ],
              [
                [
                  119.69108695652174,
                  32.333260869565216
                ],
                [
                  119.805,
                  32.333260869565216
                ],
                [
                  119.83347826086957,
                  32.30478260869565
                ],
                [
                  119.86195652173913,
                  32.30478260869565
                ],
                [
                  119.86195652173913,
                  32.276304347826084
                ],
                [
                  119.8904347826087,
                  32.21934782608696
                ],
                [
                  119.91891304347826,
                  32.24782608695652
                ],
                [
                  119.91891304347826,
                  32.13391304347826
                ],
                [
                  120.00434782608696,
                  32.019999999999996
                ],
                [
                  120.03282608695653,
                  32.019999999999996
                ],
                [
                  120.08978260869566,
                  31.96304347826087
                ],
                [
                  120.26065217391304,
                  31.96304347826087
                ],
                [
                  120.2891304347826,
                  31.991521739130434
                ],
                [
                  120.37456521739131,
                  32.048478260869565
                ],
                [
                  120.48847826086957,
                  32.1054347826087
                ],
                [
                  120.6308695652174,
                  32.1054347826087
                ],
                [
                  120.74478260869566,
                  32.048478260869565
                ],
                [
                  120.80173913043478,
                  32.048478260869565
                ],
                [
                  120.8586956521739,
                  32.019999999999996
                ],
                [
                  120.91565217391305,
                  31.934565217391302
                ],
                [
                  120.91565217391305,
                  31.90608695652174
                ],
                [
                  120.94413043478261,
                  31.90608695652174
                ],
                [
                  120.94413043478261,
                  31.84913043478261
                ],
                [
                  120.97260869565217,
                  31.820652173913043
                ],
                [
                  121.00108695652173,
                  31.84913043478261
                ],
                [
                  121.02956521739131,
                  31.84913043478261
                ],
                [
                  121.05804347826087,
                  31.820652173913043
                ],
                [
                  121.11500000000001,
                  31.820652173913043
                ],
                [
                  121.2858695652174,
                  31.90608695652174
                ],
                [
                  121.31434782608696,
                  31.90608695652174
                ],
                [
                  121.48521739130435,
                  31.820652173913043
                ],
                [
                  121.51369565217391,
                  31.820652173913043
                ],
                [
                  121.51369565217391,
                  31.792173913043477
                ],
                [
                  121.57065217391305,
                  31.792173913043477
                ],
                [
                  121.59913043478261,
                  31.763695652173915
                ],
                [
                  121.65608695652173,
                  31.763695652173915
                ],
                [
                  121.68456521739131,
                  31.735217391304346
                ],
                [
                  121.74152173913043,
                  31.735217391304346
                ],
                [
                  121.82695652173913,
                  31.706739130434784
                ],
                [
                  121.88391304347826,
                  31.706739130434784
                ],
                [
                  121.91239130434784,
                  31.735217391304346
                ],
                [
                  121.94086956521738,
                  31.735217391304346
                ],
                [
                  121.91239130434784,
                  31.763695652173915
                ],
                [
                  121.91239130434784,
                  31.792173913043477
                ],
                [
                  121.88391304347826,
                  31.84913043478261
                ],
                [
                  121.88391304347826,
                  31.877608695652174
                ],
                [
                  121.8554347826087,
                  31.934565217391302
                ],
                [
                  121.82695652173913,
                  31.934565217391302
                ],
                [
                  121.82695652173913,
                  31.96304347826087
                ],
                [
                  121.74152173913043,
                  32.048478260869565
                ],
                [
                  121.68456521739131,
                  32.048478260869565
                ],
                [
                  121.65608695652173,
                  32.076956521739135
                ],
                [
                  121.54217391304348,
                  32.13391304347826
                ],
                [
                  121.45673913043478,
                  32.13391304347826
                ],
                [
                  121.42826086956522,
                  32.16239130434782
                ],
                [
                  121.42826086956522,
                  32.19086956521739
                ],
                [
                  121.39978260869566,
                  32.19086956521739
                ],
                [
                  121.37130434782608,
                  32.24782608695652
                ],
                [
                  121.39978260869566,
                  32.276304347826084
                ],
                [
                  121.42826086956522,
                  32.276304347826084
                ],
                [
                  121.39978260869566,
                  32.361739130434785
                ],
                [
                  121.39978260869566,
                  32.39021739130435
                ],
                [
                  121.34282608695652,
                  32.41869565217391
                ],
                [
                  121.2858695652174,
                  32.47565217391304
                ],
                [
                  121.22891304347826,
                  32.50413043478261
                ],
                [
                  121.14347826086957,
                  32.50413043478261
                ],
                [
                  121.11500000000001,
                  32.53260869565217
                ],
                [
                  121.11500000000001,
                  32.50413043478261
                ],
                [
                  121.08652173913043,
                  32.53260869565217
                ],
                [
                  121.08652173913043,
                  32.56108695652174
                ],
                [
                  121.05804347826087,
                  32.56108695652174
                ],
                [
                  121.02956521739131,
                  32.5895652173913
                ],
                [
                  120.97260869565217,
                  32.61804347826087
                ],
                [
                  120.94413043478261,
                  32.61804347826087
                ],
                [
                  120.91565217391305,
                  32.646521739130435
                ],
                [
                  120.91565217391305,
                  32.675
                ],
                [
                  120.8586956521739,
                  32.675
                ],
                [
                  120.83021739130434,
                  32.703478260869566
                ],
                [
                  120.83021739130434,
                  32.73195652173913
                ],
                [
                  120.8586956521739,
                  32.73195652173913
                ],
                [
                  120.8586956521739,
                  32.7604347826087
                ],
                [
                  120.91565217391305,
                  32.81739130434782
                ],
                [
                  120.91565217391305,
                  32.874347826086954
                ],
                [
                  120.88717391304348,
                  32.98826086956522
                ],
                [
                  120.88717391304348,
                  33.04521739130435
                ],
                [
                  120.83021739130434,
                  33.04521739130435
                ],
                [
                  120.83021739130434,
                  33.10217391304348
                ],
                [
                  120.80173913043478,
                  33.13065217391304
                ],
                [
                  120.80173913043478,
                  33.15913043478261
                ],
                [
                  120.77326086956522,
                  33.18760869565217
                ],
                [
                  120.71630434782608,
                  33.216086956521735
                ],
                [
                  120.74478260869566,
                  33.216086956521735
                ],
                [
                  120.74478260869566,
                  33.244565217391305
                ],
                [
                  120.71630434782608,
                  33.273043478260874
                ],
                [
                  120.74478260869566,
                  33.273043478260874
                ],
                [
                  120.74478260869566,
                  33.301521739130436
                ],
                [
                  120.68782608695652,
                  33.301521739130436
                ],
                [
                  120.68782608695652,
                  33.31306774615385
                ],
                [
                  120.62490820228388,
                  33.31119751293893
                ]
              ],
              [
                [
                  121.59913043478261,
                  29.058260869565217
                ],
                [
                  121.54217391304348,
                  29.058260869565217
                ],
                [
                  121.54217391304348,
                  29.086739130434786
                ],
                [
                  121.57065217391305,
                  29.086739130434786
                ],
                [
                  121.59913043478261,
                  29.058260869565217
                ]
              ],
              [
                [
                  121.45673913043478,
                  29.172173913043476
                ],
                [
                  121.39978260869566,
                  29.172173913043476
                ],
                [
                  121.42826086956522,
                  29.200652173913042
                ],
                [
                  121.45673913043478,
                  29.172173913043476
                ]
              ],
              [
                [
                  121.74152173913043,
                  29.969565217391306
                ],
                [
                  121.71304347826087,
                  29.969565217391306
                ],
                [
                  121.74152173913043,
                  29.99804347826087
                ]
              ],
              [
                [
                  121.74152173913043,
                  29.99804347826087
                ],
                [
                  121.74152173913043,
                  29.969565217391306
                ]
              ],
              [
                [
                  120.74478260869566,
                  30.254347826086956
                ],
                [
                  120.65934782608696,
                  30.168913043478263
                ],
                [
                  120.65934782608696,
                  30.140434782608693
                ],
                [
                  120.68782608695652,
                  30.11195652173913
                ]
              ],
              [
                [
                  120.68782608695652,
                  30.11195652173913
                ],
                [
                  120.65934782608696,
                  30.11195652173913
                ],
                [
                  120.6308695652174,
                  30.140434782608693
                ],
                [
                  120.6308695652174,
                  30.168913043478263
                ],
                [
                  120.68782608695652,
                  30.22586956521739
                ],
                [
                  120.74478260869566,
                  30.254347826086956
                ]
              ],
              [
                [
                  120.68782608695652,
                  30.11195652173913
                ],
                [
                  120.74478260869566,
                  30.11195652173913
                ],
                [
                  120.71630434782608,
                  30.083478260869565
                ],
                [
                  120.68782608695652,
                  30.11195652173913
                ]
              ],
              [
                [
                  120.40304347826087,
                  30.282826086956522
                ],
                [
                  120.37456521739131,
                  30.254347826086956
                ],
                [
                  120.31760869565217,
                  30.254347826086956
                ],
                [
                  120.31760869565217,
                  30.282826086956522
                ],
                [
                  120.26065217391304,
                  30.282826086956522
                ],
                [
                  120.2036956521739,
                  30.22586956521739
                ],
                [
                  120.14673913043478,
                  30.22586956521739
                ],
                [
                  120.2036956521739,
                  30.254347826086956
                ],
                [
                  120.23217391304348,
                  30.311304347826088
                ],
                [
                  120.31760869565217,
                  30.311304347826088
                ],
                [
                  120.34608695652175,
                  30.282826086956522
                ],
                [
                  120.37456521739131,
                  30.282826086956522
                ],
                [
                  120.40304347826087,
                  30.311304347826088
                ]
              ],
              [
                [
                  120.40304347826087,
                  30.311304347826088
                ],
                [
                  120.40304347826087,
                  30.282826086956522
                ]
              ],
              [
                [
                  119.86195652173913,
                  32.1054347826087
                ],
                [
                  119.77652173913043,
                  32.13391304347826
                ],
                [
                  119.83347826086957,
                  32.13391304347826
                ],
                [
                  119.86195652173913,
                  32.1054347826087
                ]
              ],
              [
                [
                  119.805,
                  32.21934782608696
                ],
                [
                  119.805,
                  32.16239130434782
                ],
                [
                  119.77652173913043,
                  32.16239130434782
                ],
                [
                  119.77652173913043,
                  32.21934782608696
                ]
              ],
              [
                [
                  119.77652173913043,
                  32.21934782608696
                ],
                [
                  119.805,
                  32.21934782608696
                ]
              ],
              [
                [
                  119.66260869565217,
                  32.21934782608696
                ],
                [
                  119.6341304347826,
                  32.21934782608696
                ],
                [
                  119.66260869565217,
                  32.24782608695652
                ]
              ],
              [
                [
                  119.66260869565217,
                  32.24782608695652
                ],
                [
                  119.66260869565217,
                  32.21934782608696
                ]
              ],
              [
                [
                  119.66260869565217,
                  32.333260869565216
                ],
                [
                  119.66260869565217,
                  32.361739130434785
                ]
              ],
              [
                [
                  119.66260869565217,
                  32.361739130434785
                ],
                [
                  119.69108695652174,
                  32.333260869565216
                ]
              ],
              [
                [
                  119.69108695652174,
                  32.333260869565216
                ],
                [
                  119.66260869565217,
                  32.333260869565216
                ]
              ],
              [
                [
                  119.60565217391304,
                  32.361739130434785
                ],
                [
                  119.6341304347826,
                  32.39021739130435
                ],
                [
                  119.66260869565217,
                  32.361739130434785
                ]
              ],
              [
                [
                  119.66260869565217,
                  32.361739130434785
                ],
                [
                  119.60565217391304,
                  32.361739130434785
                ]
              ],
              [
                [
                  120.80173913043478,
                  30.083478260869565
                ],
                [
                  120.77326086956522,
                  30.083478260869565
                ],
                [
                  120.77326086956522,
                  30.11195652173913
                ],
                [
                  120.80173913043478,
                  30.083478260869565
                ]
              ],
              [
                [
                  121.62760869565217,
                  29.314565217391305
                ],
                [
                  121.65608695652173,
                  29.314565217391305
                ],
                [
                  121.65608695652173,
                  29.286086956521736
                ],
                [
                  121.62760869565217,
                  29.286086956521736
                ],
                [
                  121.62760869565217,
                  29.314565217391305
                ]
              ],
              [
                [
                  121.14347826086957,
                  28.85891304347826
                ],
                [
                  121.17195652173913,
                  28.85891304347826
                ],
                [
                  121.17195652173913,
                  28.830434782608695
                ],
                [
                  121.14347826086957,
                  28.85891304347826
                ]
              ],
              [
                [
                  121.22891304347826,
                  28.773478260869567
                ],
                [
                  121.2858695652174,
                  28.773478260869567
                ],
                [
                  121.31434782608696,
                  28.745
                ],
                [
                  121.34282608695652,
                  28.745
                ],
                [
                  121.34282608695652,
                  28.716521739130435
                ],
                [
                  121.31434782608696,
                  28.716521739130435
                ],
                [
                  121.25739130434783,
                  28.68804347826087
                ],
                [
                  121.25739130434783,
                  28.716521739130435
                ],
                [
                  121.2858695652174,
                  28.716521739130435
                ],
                [
                  121.2858695652174,
                  28.745
                ],
                [
                  121.22891304347826,
                  28.773478260869567
                ]
              ],
              [
                [
                  121.37130434782608,
                  28.68804347826087
                ],
                [
                  121.37130434782608,
                  28.716521739130435
                ],
                [
                  121.42826086956522,
                  28.716521739130435
                ],
                [
                  121.39978260869566,
                  28.702282608695654
                ],
                [
                  121.37130434782608,
                  28.68804347826087
                ]
              ]
            ]
          }
        }
      }
    },
    {
      "type": "Feature",
      "geometry": {
        "type": "Polygon",
        "coordinates": [
          [
            [
              119.16588058150877,
              35.02252361175075
            ],
            [
              119.05187796057824,
              35.0036510608379
            ],
            [
              118.93621643634663,
              34.994704891583055
            ],
            [
              118.826192295616,
              34.99652264460836
            ],
            [
              118.72181112669719,
              35.008412212457685
            ],
            [
              118.61744674353285,
              35.031209931493756
            ],
            [
              118.51942163579781,
              35.06370173917179
            ],
            [
              118.427742437123,
              35.10506606604659
            ],
            [
              118.33786180745996,
              35.1574461920353
            ],
            [
              118.2592478098764,
              35.214468391979736
            ],
            [
              118.18699999078089,
              35.2778527600384
            ],
            [
              118.12112498380434,
              35.34677772676609
            ],
            [
              118.05851129854236,
              35.42463491684181
            ],
            [
              117.96175979318203,
              35.57260635399987
            ],
            [
              117.81236663668082,
              35.85817327075323
            ],
            [
              117.75233891799306,
              35.94870187789261
            ],
            [
              117.71817030365347,
              35.98480906326012
            ],
            [
              117.68172263664177,
              36.013776028094235
            ],
            [
              117.6392871111733,
              36.03852266846204
            ],
            [
              117.58962148678727,
              36.059017762128036
            ],
            [
              117.50446351099576,
              36.08071378738417
            ],
            [
              117.40561909341962,
              36.093202331746085
            ],
            [
              116.31697435,
              36.15705031452991
            ],
            [
              116.27925016028865,
              36.147260683677736
            ],
            [
              116.23667392542612,
              36.13046814423933
            ],
            [
              116.13425562918889,
              36.075303167256145
            ],
            [
              116.0263854925128,
              36.00384373854041
            ],
            [
              115.89790996117416,
              35.908129510803036
            ],
            [
              115.7503578634877,
              35.78902028500998
            ],
            [
              115.58146775890714,
              35.64465966154362
            ],
            [
              114.86488620195638,
              34.99747065858637
            ],
            [
              114.84064866480895,
              34.96700595411994
            ],
            [
              114.82261002148547,
              34.92830055294571
            ],
            [
              114.80716099902382,
              34.86234940348167
            ],
            [
              114.8018461429845,
              34.77894665850554
            ],
            [
              114.80665800009882,
              34.68343455825347
            ],
            [
              114.82136222565242,
              34.57210819024932
            ],
            [
              114.84595601707781,
              34.445928438023664
            ],
            [
              114.88006499592953,
              34.30655934690118
            ],
            [
              114.9248851397275,
              34.1498922834654
            ],
            [
              114.97751584009507,
              33.98597396469874
            ],
            [
              115.09702171817895,
              33.65741491725179
            ],
            [
              115.22998704181121,
              33.33805283619661
            ],
            [
              115.62276998,
              32.55392543333333
            ],
            [
              115.38207892914315,
              32.48386515424345
            ],
            [
              115.18531599092688,
              32.434429133832104
            ],
            [
              115.00524809750898,
              32.39855212496677
            ],
            [
              114.84578542283604,
              32.37722626703946
            ],
            [
              114.73039979298377,
              32.37033127078133
            ],
            [
              114.62732470055582,
              32.37271317339194
            ],
            [
              114.53753210393246,
              32.384176097084705
            ],
            [
              114.46135342704108,
              32.40414486832438
            ],
            [
              114.39034859608874,
              32.436432336981945
            ],
            [
              114.28056555782231,
              32.51486061408183
            ],
            [
              114.16202730641231,
              32.5825471632645
            ],
            [
              114.01019688226515,
              32.65600620664993
            ],
            [
              113.82373934324936,
              32.736086270042975
            ],
            [
              113.58607386196347,
              32.8285743670767
            ],
            [
              113.32240102127463,
              32.922702292734314
            ],
            [
              113.0390185850691,
              33.01634400894704
            ],
            [
              112.74222431723317,
              33.10737347764605
            ],
            [
              112.30854223570776,
              33.228383203837765
            ],
            [
              111.88604346590947,
              33.331943985572764
            ],
            [
              111.49825849597354,
              33.41192775533357
            ],
            [
              111.32305846600912,
              33.44191148696174
            ],
            [
              111.1638486818896,
              33.46477392145276
            ],
            [
              110.98136012082584,
              33.484209254205325
            ],
            [
              110.82307946468842,
              33.49274953614453
            ],
            [
              110.68973013219991,
              33.490552170286634
            ],
            [
              110.57813048635232,
              33.4772595026181
            ],
            [
              110.50944920002195,
              33.45927718296946
            ],
            [
              110.45781740322974,
              33.43539568226157
            ],
            [
              110.4266196335724,
              33.4110434615101
            ],
            [
              110.37731721829124,
              33.35375263260224
            ],
            [
              110.34845852907617,
              33.33263300158034
            ],
            [
              110.31072270941897,
              33.31164804533561
            ],
            [
              110.22049507758067,
              33.27604691514558
            ],
            [
              110.10426176568325,
              33.24425804627189
            ],
            [
              109.88127744665627,
              33.20080787260454
            ],
            [
              109.270542863125,
              33.10355542397937
            ],
            [
              108.99969325644567,
              33.05143632856365
            ],
            [
              108.74005934064695,
              32.98899502642239
            ],
            [
              108.60328434970089,
              32.949380767046065
            ],
            [
              108.38902468253349,
              32.8798448737434
            ],
            [
              108.21355800241764,
              32.83892993537892
            ],
            [
              108.09562816656856,
              32.82085782010489
            ],
            [
              107.96942179270076,
              32.808806456209055
            ],
            [
              107.84151044382041,
              32.80346247882325
            ],
            [
              107.70583344677006,
              32.80457685731152
            ],
            [
              107.5431550972072,
              32.81417368502106
            ],
            [
              107.37347934350571,
              32.83279361076613
            ],
            [
              107.20422520090253,
              32.85924442759608
            ],
            [
              107.0234937129383,
              32.895351506764726
            ],
            [
              106.83920799015294,
              32.93979189747496
            ],
            [
              106.64692542556703,
              32.993685725309405
            ],
            [
              106.44932713273977,
              33.05646599480521
            ],
            [
              106.24982804219574,
              33.126934061765986
            ],
            [
              106.05780185211364,
              33.201088993609034
            ],
            [
              105.86309359522026,
              33.282304553559854
            ],
            [
              105.7347276616686,
              33.34019570962401
            ],
            [
              105.63355770460531,
              33.393400441080374
            ],
            [
              105.53926490089896,
              33.451969695163086
            ],
            [
              105.45528079107793,
              33.51419005286381
            ],
            [
              105.252246294727,
              33.70082009607356
            ],
            [
              105.21538142659259,
              33.72472599031339
            ],
            [
              105.17720543772207,
              33.740336456697435
            ],
            [
              105.142465934317,
              33.74766056088586
            ],
            [
              105.10618362583858,
              33.75004825078881
            ],
            [
              105.0169456039994,
              33.74141239082393
            ],
            [
              104.89981865306866,
              33.713102319134904
            ],
            [
              104.78578760453995,
              33.67028155430617
            ],
            [
              104.67536779906793,
              33.613397514497414
            ],
            [
              104.56849855894113,
              33.54349089832979
            ],
            [
              104.46121194863284,
              33.45822768581134
            ],
            [
              104.35385426852065,
              33.35740478116833
            ],
            [
              104.24677135354804,
              33.24103953024432
            ],
            [
              104.14030712325636,
              33.109394589265534
            ],
            [
              104.03480208003218,
              32.963003681776456
            ],
            [
              103.93059175557,
              32.80269824374565
            ],
            [
              103.837129609675,
              32.64563802003353
            ],
            [
              103.74184671605104,
              32.472722094015936
            ],
            [
              103.6454726835284,
              32.285034127791825
            ],
            [
              103.54613359568191,
              32.07881420732516
            ],
            [
              103.38273057684408,
              31.71505221046388
            ],
            [
              102.95699074149859,
              30.721361752848075
            ],
            [
              102.8666235675822,
              30.454435356635805
            ],
            [
              102.78394926278118,
              30.148755094944054
            ],
            [
              102.70687994324791,
              29.7958903975015
            ],
            [
              102.63866262649374,
              29.410841778826494
            ],
            [
              102.57671289349676,
              28.978135991686063
            ],
            [
              102.52403499383564,
              28.515898190779986
            ],
            [
              102.48072360380652,
              28.02247699734113
            ],
            [
              102.45166756543402,
              27.552564102564098
            ],
            [
              120.60239130434783,
              27.552564102564098
            ],
            [
              120.60239130434783,
              27.60586956521739
            ],
            [
              120.6308695652174,
              27.60586956521739
            ],
            [
              120.6308695652174,
              27.634347826086955
            ],
            [
              120.65934782608696,
              27.634347826086955
            ],
            [
              120.68782608695652,
              27.691304347826083
            ],
            [
              120.68782608695652,
              27.719782608695652
            ],
            [
              120.65934782608696,
              27.719782608695652
            ],
            [
              120.65934782608696,
              27.748260869565215
            ],
            [
              120.6308695652174,
              27.776739130434784
            ],
            [
              120.65934782608696,
              27.776739130434784
            ],
            [
              120.71630434782608,
              27.719782608695652
            ],
            [
              120.77326086956522,
              27.776739130434784
            ],
            [
              120.80173913043478,
              27.833695652173912
            ],
            [
              120.80173913043478,
              27.862173913043478
            ],
            [
              120.8586956521739,
              27.862173913043478
            ],
            [
              120.8586956521739,
              27.97608695652174
            ],
            [
              120.83021739130434,
              27.97608695652174
            ],
            [
              120.74478260869566,
              28.004565217391303
            ],
            [
              120.71630434782608,
              28.033043478260872
            ],
            [
              120.60239130434783,
              28.033043478260872
            ],
            [
              120.57391304347826,
              28.061521739130434
            ],
            [
              120.57391304347826,
              28.118478260869566
            ],
            [
              120.60239130434783,
              28.061521739130434
            ],
            [
              120.74478260869566,
              28.061521739130434
            ],
            [
              120.74478260869566,
              28.033043478260872
            ],
            [
              120.77326086956522,
              28.033043478260872
            ],
            [
              120.80173913043478,
              28.004565217391303
            ],
            [
              120.97260869565217,
              28.004565217391303
            ],
            [
              120.97260869565217,
              28.033043478260872
            ],
            [
              121.00108695652173,
              28.033043478260872
            ],
            [
              121.00108695652173,
              28.118478260869566
            ],
            [
              121.05804347826087,
              28.175434782608697
            ],
            [
              121.08652173913043,
              28.175434782608697
            ],
            [
              121.08652173913043,
              28.20391304347826
            ],
            [
              121.11500000000001,
              28.20391304347826
            ],
            [
              121.11500000000001,
              28.26086956521739
            ],
            [
              121.14347826086957,
              28.289347826086953
            ],
            [
              121.02956521739131,
              28.289347826086953
            ],
            [
              121.02956521739131,
              28.317826086956522
            ],
            [
              121.14347826086957,
              28.317826086956522
            ],
            [
              121.14347826086957,
              28.37478260869565
            ],
            [
              121.17195652173913,
              28.37478260869565
            ],
            [
              121.17195652173913,
              28.403260869565216
            ],
            [
              121.2004347826087,
              28.37478260869565
            ],
            [
              121.2004347826087,
              28.346304347826088
            ],
            [
              121.25739130434783,
              28.289347826086953
            ],
            [
              121.22891304347826,
              28.26086956521739
            ],
            [
              121.25739130434783,
              28.232391304347825
            ],
            [
              121.2858695652174,
              28.232391304347825
            ],
            [
              121.2858695652174,
              28.20391304347826
            ],
            [
              121.31434782608696,
              28.20391304347826
            ],
            [
              121.31434782608696,
              28.175434782608697
            ],
            [
              121.37130434782608,
              28.175434782608697
            ],
            [
              121.37130434782608,
              28.20391304347826
            ],
            [
              121.34282608695652,
              28.20391304347826
            ],
            [
              121.37130434782608,
              28.232391304347825
            ],
            [
              121.37130434782608,
              28.26086956521739
            ],
            [
              121.42826086956522,
              28.26086956521739
            ],
            [
              121.42826086956522,
              28.289347826086953
            ],
            [
              121.39978260869566,
              28.289347826086953
            ],
            [
              121.39978260869566,
              28.317826086956522
            ],
            [
              121.42826086956522,
              28.317826086956522
            ],
            [
              121.45673913043478,
              28.346304347826088
            ],
            [
              121.54217391304348,
              28.346304347826088
            ],
            [
              121.57065217391305,
              28.317826086956522
            ],
            [
              121.57065217391305,
              28.289347826086953
            ],
            [
              121.59913043478261,
              28.26086956521739
            ],
            [
              121.59913043478261,
              28.289347826086953
            ],
            [
              121.62760869565217,
              28.289347826086953
            ],
            [
              121.65608695652173,
              28.346304347826088
            ],
            [
              121.65608695652173,
              28.37478260869565
            ],
            [
              121.62760869565217,
              28.37478260869565
            ],
            [
              121.62760869565217,
              28.403260869565216
            ],
            [
              121.59913043478261,
              28.431739130434785
            ],
            [
              121.59913043478261,
              28.460217391304347
            ],
            [
              121.57065217391305,
              28.460217391304347
            ],
            [
              121.59913043478261,
              28.488695652173913
            ],
            [
              121.57065217391305,
              28.51717391304348
            ],
            [
              121.57065217391305,
              28.545652173913044
            ],
            [
              121.54217391304348,
              28.57413043478261
            ],
            [
              121.54217391304348,
              28.631086956521738
            ],
            [
              121.51369565217391,
              28.631086956521738
            ],
            [
              121.51369565217391,
              28.68804347826087
            ],
            [
              121.48521739130435,
              28.68804347826087
            ],
            [
              121.45673913043478,
              28.716521739130435
            ],
            [
              121.51369565217391,
              28.716521739130435
            ],
            [
              121.59913043478261,
              28.745
            ],
            [
              121.62760869565217,
              28.745
            ],
            [
              121.62760869565217,
              28.830434782608695
            ],
            [
              121.65608695652173,
              28.830434782608695
            ],
            [
              121.65608695652173,
              28.85891304347826
            ],
            [
              121.62760869565217,
              28.85891304347826
            ],
            [
              121.62760869565217,
              28.887391304347826
            ],
            [
              121.59913043478261,
              28.915869565217392
            ],
            [
              121.54217391304348,
              28.915869565217392
            ],
            [
              121.51369565217391,
              28.944347826086954
            ],
            [
              121.48521739130435,
              28.944347826086954
            ],
            [
              121.48521739130435,
              28.972826086956523
            ],
            [
              121.54217391304348,
              28.972826086956523
            ],
            [
              121.54217391304348,
              28.944347826086954
            ],
            [
              121.59913043478261,
              28.944347826086954
            ],
            [
              121.59913043478261,
              28.972826086956523
            ],
            [
              121.62760869565217,
              28.944347826086954
            ],
            [
              121.68456521739131,
              28.944347826086954
            ],
            [
              121.71304347826087,
              28.972826086956523
            ],
            [
              121.65608695652173,
              28.972826086956523
            ],
            [
              121.65608695652173,
              29.02978260869565
            ],
            [
              121.68456521739131,
              29.02978260869565
            ],
            [
              121.68456521739131,
              29.058260869565217
            ],
            [
              121.59913043478261,
              29.058260869565217
            ],
            [
              121.62760869565217,
              29.086739130434786
            ],
            [
              121.62760869565217,
              29.14369565217391
            ],
            [
              121.54217391304348,
              29.14369565217391
            ],
            [
              121.48521739130435,
              29.11521739130435
            ],
            [
              121.39978260869566,
              29.11521739130435
            ],
            [
              121.42826086956522,
              29.14369565217391
            ],
            [
              121.45673913043478,
              29.14369565217391
            ],
            [
              121.45673913043478,
              29.172173913043476
            ],
            [
              121.45673913043478,
              29.200652173913042
            ],
            [
              121.51369565217391,
              29.200652173913042
            ],
            [
              121.51369565217391,
              29.229130434782608
            ],
            [
              121.54217391304348,
              29.257608695652173
            ],
            [
              121.54217391304348,
              29.286086956521736
            ],
            [
              121.57065217391305,
              29.286086956521736
            ],
            [
              121.57065217391305,
              29.314565217391305
            ],
            [
              121.59913043478261,
              29.314565217391305
            ],
            [
              121.59913043478261,
              29.257608695652173
            ],
            [
              121.62760869565217,
              29.229130434782608
            ],
            [
              121.65608695652173,
              29.229130434782608
            ],
            [
              121.65608695652173,
              29.200652173913042
            ],
            [
              121.74152173913043,
              29.200652173913042
            ],
            [
              121.74152173913043,
              29.229130434782608
            ],
            [
              121.77000000000001,
              29.257608695652173
            ],
            [
              121.77000000000001,
              29.400000000000002
            ],
            [
              121.79847826086957,
              29.400000000000002
            ],
            [
              121.79847826086957,
              29.172173913043476
            ],
            [
              121.77000000000001,
              29.14369565217391
            ],
            [
              121.82695652173913,
              29.14369565217391
            ],
            [
              121.82695652173913,
              29.11521739130435
            ],
            [
              121.8554347826087,
              29.11521739130435
            ],
            [
              121.8554347826087,
              29.172173913043476
            ],
            [
              121.82695652173913,
              29.172173913043476
            ],
            [
              121.88391304347826,
              29.200652173913042
            ],
            [
              121.94086956521738,
              29.200652173913042
            ],
            [
              121.94086956521738,
              29.229130434782608
            ],
            [
              121.96934782608696,
              29.229130434782608
            ],
            [
              121.94086956521738,
              29.257608695652173
            ],
            [
              121.96934782608696,
              29.286086956521736
            ],
            [
              121.91239130434784,
              29.286086956521736
            ],
            [
              121.91239130434784,
              29.343043478260867
            ],
            [
              121.94086956521738,
              29.343043478260867
            ],
            [
              121.91239130434784,
              29.371521739130433
            ],
            [
              121.91239130434784,
              29.428478260869568
            ],
            [
              121.94086956521738,
              29.45695652173913
            ],
            [
              121.94086956521738,
              29.428478260869568
            ],
            [
              121.96934782608696,
              29.428478260869568
            ],
            [
              121.96934782608696,
              29.45695652173913
            ],
            [
              121.94086956521738,
              29.485434782608692
            ],
            [
              121.94086956521738,
              29.51391304347826
            ],
            [
              121.91239130434784,
              29.51391304347826
            ],
            [
              121.91239130434784,
              29.542391304347824
            ],
            [
              121.94086956521738,
              29.542391304347824
            ],
            [
              121.94086956521738,
              29.570869565217393
            ],
            [
              121.96934782608696,
              29.570869565217393
            ],
            [
              121.96934782608696,
              29.627826086956524
            ],
            [
              121.94086956521738,
              29.627826086956524
            ],
            [
              121.94086956521738,
              29.656304347826087
            ],
            [
              121.91239130434784,
              29.656304347826087
            ],
            [
              121.88391304347826,
              29.627826086956524
            ],
            [
              121.8554347826087,
              29.656304347826087
            ],
            [
              121.8554347826087,
              29.627826086956524
            ],
            [
              121.79847826086957,
              29.627826086956524
            ],
            [
              121.74152173913043,
              29.570869565217393
            ],
            [
              121.82695652173913,
              29.570869565217393
            ],
            [
              121.8554347826087,
              29.542391304347824
            ],
            [
              121.82695652173913,
              29.542391304347824
            ],
            [
              121.79847826086957,
              29.51391304347826
            ],
            [
              121.79847826086957,
              29.485434782608692
            ],
            [
              121.77000000000001,
              29.485434782608692
            ],
            [
              121.77000000000001,
              29.542391304347824
            ],
            [
              121.68456521739131,
              29.542391304347824
            ],
            [
              121.65608695652173,
              29.51391304347826
            ],
            [
              121.59913043478261,
              29.51391304347826
            ],
            [
              121.54217391304348,
              29.45695652173913
            ],
            [
              121.54217391304348,
              29.428478260869568
            ],
            [
              121.51369565217391,
              29.428478260869568
            ],
            [
              121.48521739130435,
              29.400000000000002
            ],
            [
              121.48521739130435,
              29.428478260869568
            ],
            [
              121.51369565217391,
              29.45695652173913
            ],
            [
              121.48521739130435,
              29.485434782608692
            ],
            [
              121.48521739130435,
              29.45695652173913
            ],
            [
              121.45673913043478,
              29.428478260869568
            ],
            [
              121.45673913043478,
              29.45695652173913
            ],
            [
              121.42826086956522,
              29.485434782608692
            ],
            [
              121.45673913043478,
              29.51391304347826
            ],
            [
              121.45673913043478,
              29.542391304347824
            ],
            [
              121.48521739130435,
              29.542391304347824
            ],
            [
              121.48521739130435,
              29.570869565217393
            ],
            [
              121.51369565217391,
              29.570869565217393
            ],
            [
              121.51369565217391,
              29.542391304347824
            ],
            [
              121.54217391304348,
              29.51391304347826
            ],
            [
              121.57065217391305,
              29.570869565217393
            ],
            [
              121.68456521739131,
              29.570869565217393
            ],
            [
              121.82695652173913,
              29.713260869565218
            ],
            [
              121.8554347826087,
              29.713260869565218
            ],
            [
              121.8554347826087,
              29.741739130434784
            ],
            [
              121.88391304347826,
              29.77021739130435
            ],
            [
              121.91239130434784,
              29.77021739130435
            ],
            [
              121.91239130434784,
              29.79869565217391
            ],
            [
              121.94086956521738,
              29.79869565217391
            ],
            [
              121.96934782608696,
              29.827173913043477
            ],
            [
              122.02630434782608,
              29.855652173913043
            ],
            [
              122.05478260869566,
              29.855652173913043
            ],
            [
              122.11173913043478,
              29.88413043478261
            ],
            [
              122.14021739130435,
              29.912608695652175
            ],
            [
              121.99782608695652,
              29.912608695652175
            ],
            [
              121.99782608695652,
              29.941086956521737
            ],
            [
              121.96934782608696,
              29.969565217391306
            ],
            [
              121.94086956521738,
              29.969565217391306
            ],
            [
              121.94086956521738,
              29.912608695652175
            ],
            [
              121.91239130434784,
              29.941086956521737
            ],
            [
              121.88391304347826,
              29.941086956521737
            ],
            [
              121.8554347826087,
              29.969565217391306
            ],
            [
              121.79847826086957,
              29.969565217391306
            ],
            [
              121.77000000000001,
              29.99804347826087
            ],
            [
              121.74152173913043,
              29.99804347826087
            ],
            [
              121.71304347826087,
              29.99804347826087
            ],
            [
              121.68456521739131,
              30.026521739130434
            ],
            [
              121.65608695652173,
              30.026521739130434
            ],
            [
              121.65608695652173,
              30.055
            ],
            [
              121.62760869565217,
              30.083478260869565
            ],
            [
              121.59913043478261,
              30.140434782608693
            ],
            [
              121.54217391304348,
              30.168913043478263
            ],
            [
              121.51369565217391,
              30.22586956521739
            ],
            [
              121.45673913043478,
              30.282826086956522
            ],
            [
              121.42826086956522,
              30.311304347826088
            ],
            [
              121.31434782608696,
              30.368260869565216
            ],
            [
              121.17195652173913,
              30.368260869565216
            ],
            [
              121.11500000000001,
              30.311304347826088
            ],
            [
              121.00108695652173,
              30.22586956521739
            ],
            [
              120.97260869565217,
              30.22586956521739
            ],
            [
              120.94413043478261,
              30.197391304347825
            ],
            [
              120.83021739130434,
              30.197391304347825
            ],
            [
              120.80173913043478,
              30.22586956521739
            ],
            [
              120.74478260869566,
              30.254347826086956
            ],
            [
              120.71630434782608,
              30.254347826086956
            ],
            [
              120.68782608695652,
              30.282826086956522
            ],
            [
              120.65934782608696,
              30.368260869565216
            ],
            [
              120.6308695652174,
              30.39673913043478
            ],
            [
              120.46000000000001,
              30.39673913043478
            ],
            [
              120.43152173913043,
              30.311304347826088
            ],
            [
              120.40304347826087,
              30.311304347826088
            ],
            [
              120.40304347826087,
              30.39673913043478
            ],
            [
              120.43152173913043,
              30.39673913043478
            ],
            [
              120.48847826086957,
              30.425217391304347
            ],
            [
              120.68782608695652,
              30.425217391304347
            ],
            [
              120.74478260869566,
              30.368260869565216
            ],
            [
              120.74478260869566,
              30.33978260869565
            ],
            [
              120.77326086956522,
              30.311304347826088
            ],
            [
              120.83021739130434,
              30.311304347826088
            ],
            [
              120.8586956521739,
              30.33978260869565
            ],
            [
              120.88717391304348,
              30.39673913043478
            ],
            [
              120.91565217391305,
              30.39673913043478
            ],
            [
              120.88717391304348,
              30.425217391304347
            ],
            [
              120.91565217391305,
              30.425217391304347
            ],
            [
              120.94413043478261,
              30.453695652173913
            ],
            [
              120.91565217391305,
              30.482173913043475
            ],
            [
              120.94413043478261,
              30.482173913043475
            ],
            [
              120.94413043478261,
              30.510652173913044
            ],
            [
              120.97260869565217,
              30.567608695652176
            ],
            [
              121.00108695652173,
              30.567608695652176
            ],
            [
              121.02956521739131,
              30.596086956521738
            ],
            [
              121.11500000000001,
              30.596086956521738
            ],
            [
              121.11500000000001,
              30.624565217391307
            ],
            [
              121.14347826086957,
              30.624565217391307
            ],
            [
              121.14347826086957,
              30.65304347826087
            ],
            [
              121.17195652173913,
              30.65304347826087
            ],
            [
              121.2004347826087,
              30.681521739130435
            ],
            [
              121.22891304347826,
              30.681521739130435
            ],
            [
              121.25739130434783,
              30.71
            ],
            [
              121.34282608695652,
              30.71
            ],
            [
              121.34282608695652,
              30.738478260869563
            ],
            [
              121.39978260869566,
              30.795434782608694
            ],
            [
              121.45673913043478,
              30.795434782608694
            ],
            [
              121.48521739130435,
              30.82391304347826
            ],
            [
              121.54217391304348,
              30.82391304347826
            ],
            [
              121.62760869565217,
              30.852391304347826
            ],
            [
              121.74152173913043,
              30.852391304347826
            ],
            [
              121.79847826086957,
              30.88086956521739
            ],
            [
              121.96934782608696,
              30.88086956521739
            ],
            [
              121.96934782608696,
              30.937826086956523
            ],
            [
              121.88391304347826,
              31.108695652173914
            ],
            [
              121.77000000000001,
              31.222608695652173
            ],
            [
              121.71304347826087,
              31.30804347826087
            ],
            [
              121.65608695652173,
              31.336521739130433
            ],
            [
              121.62760869565217,
              31.365000000000002
            ],
            [
              121.54217391304348,
              31.393478260869564
            ],
            [
              121.45673913043478,
              31.450434782608696
            ],
            [
              121.42826086956522,
              31.478913043478258
            ],
            [
              121.37130434782608,
              31.507391304347827
            ],
            [
              121.34282608695652,
              31.507391304347827
            ],
            [
              121.31434782608696,
              31.53586956521739
            ],
            [
              121.25739130434783,
              31.62130434782609
            ],
            [
              121.2004347826087,
              31.649782608695652
            ],
            [
              121.14347826086957,
              31.706739130434784
            ],
            [
              121.05804347826087,
              31.735217391304346
            ],
            [
              121.00108695652173,
              31.763695652173915
            ],
            [
              120.94413043478261,
              31.763695652173915
            ],
            [
              120.88717391304348,
              31.792173913043477
            ],
            [
              120.83021739130434,
              31.792173913043477
            ],
            [
              120.74478260869566,
              31.820652173913043
            ],
            [
              120.71630434782608,
              31.84913043478261
            ],
            [
              120.71630434782608,
              31.877608695652174
            ],
            [
              120.74478260869566,
              31.84913043478261
            ],
            [
              120.80173913043478,
              31.820652173913043
            ],
            [
              120.83021739130434,
              31.84913043478261
            ],
            [
              120.80173913043478,
              31.877608695652174
            ],
            [
              120.74478260869566,
              31.991521739130434
            ],
            [
              120.68782608695652,
              32.019999999999996
            ],
            [
              120.60239130434783,
              32.019999999999996
            ],
            [
              120.51695652173913,
              32.048478260869565
            ],
            [
              120.46000000000001,
              32.048478260869565
            ],
            [
              120.46000000000001,
              31.991521739130434
            ],
            [
              120.43152173913043,
              31.991521739130434
            ],
            [
              120.34608695652175,
              31.96304347826087
            ],
            [
              120.23217391304348,
              31.934565217391302
            ],
            [
              120.11826086956522,
              31.934565217391302
            ],
            [
              120.03282608695653,
              31.96304347826087
            ],
            [
              120.00434782608696,
              31.96304347826087
            ],
            [
              119.94739130434783,
              32.019999999999996
            ],
            [
              119.94739130434783,
              32.048478260869565
            ],
            [
              119.91891304347826,
              32.076956521739135
            ],
            [
              119.86195652173913,
              32.1054347826087
            ],
            [
              119.8904347826087,
              32.1054347826087
            ],
            [
              119.8904347826087,
              32.13391304347826
            ],
            [
              119.86195652173913,
              32.16239130434782
            ],
            [
              119.83347826086957,
              32.276304347826084
            ],
            [
              119.805,
              32.30478260869565
            ],
            [
              119.74804347826087,
              32.30478260869565
            ],
            [
              119.7195652173913,
              32.276304347826084
            ],
            [
              119.77652173913043,
              32.21934782608696
            ],
            [
              119.7195652173913,
              32.21934782608696
            ],
            [
              119.7195652173913,
              32.24782608695652
            ],
            [
              119.66260869565217,
              32.24782608695652
            ],
            [
              119.66260869565217,
              32.30478260869565
            ],
            [
              119.69108695652174,
              32.30478260869565
            ],
            [
              119.69108695652174,
              32.333260869565216
            ],
            [
              119.805,
              32.333260869565216
            ],
            [
              119.83347826086957,
              32.30478260869565
            ],
            [
              119.86195652173913,
              32.30478260869565
            ],
            [
              119.86195652173913,
              32.276304347826084
            ],
            [
              119.8904347826087,
              32.21934782608696
            ],
            [
              119.91891304347826,
              32.24782608695652
            ],
            [
              119.91891304347826,
              32.13391304347826
            ],
            [
              120.00434782608696,
              32.019999999999996
            ],
            [
              120.03282608695653,
              32.019999999999996
            ],
            [
              120.08978260869566,
              31.96304347826087
            ],
            [
              120.26065217391304,
              31.96304347826087
            ],
            [
              120.2891304347826,
              31.991521739130434
            ],
            [
              120.37456521739131,
              32.048478260869565
            ],
            [
              120.48847826086957,
              32.1054347826087
            ],
            [
              120.6308695652174,
              32.1054347826087
            ],
            [
              120.74478260869566,
              32.048478260869565
            ],
            [
              120.80173913043478,
              32.048478260869565
            ],
            [
              120.8586956521739,
              32.019999999999996
            ],
            [
              120.91565217391305,
              31.934565217391302
            ],
            [
              120.91565217391305,
              31.90608695652174
            ],
            [
              120.94413043478261,
              31.90608695652174
            ],
            [
              120.94413043478261,
              31.84913043478261
            ],
            [
              120.97260869565217,
              31.820652173913043
            ],
            [
              121.00108695652173,
              31.84913043478261
            ],
            [
              121.02956521739131,
              31.84913043478261
            ],
            [
              121.05804347826087,
              31.820652173913043
            ],
            [
              121.11500000000001,
              31.820652173913043
            ],
            [
              121.2858695652174,
              31.90608695652174
            ],
            [
              121.31434782608696,
              31.90608695652174
            ],
            [
              121.48521739130435,
              31.820652173913043
            ],
            [
              121.51369565217391,
              31.820652173913043
            ],
            [
              121.51369565217391,
              31.792173913043477
            ],
            [
              121.57065217391305,
              31.792173913043477
            ],
            [
              121.59913043478261,
              31.763695652173915
            ],
            [
              121.65608695652173,
              31.763695652173915
            ],
            [
              121.68456521739131,
              31.735217391304346
            ],
            [
              121.74152173913043,
              31.735217391304346
            ],
            [
              121.82695652173913,
              31.706739130434784
            ],
            [
              121.88391304347826,
              31.706739130434784
            ],
            [
              121.91239130434784,
              31.735217391304346
            ],
            [
              121.94086956521738,
              31.735217391304346
            ],
            [
              121.91239130434784,
              31.763695652173915
            ],
            [
              121.91239130434784,
              31.792173913043477
            ],
            [
              121.88391304347826,
              31.84913043478261
            ],
            [
              121.88391304347826,
              31.877608695652174
            ],
            [
              121.8554347826087,
              31.934565217391302
            ],
            [
              121.82695652173913,
              31.934565217391302
            ],
            [
              121.82695652173913,
              31.96304347826087
            ],
            [
              121.74152173913043,
              32.048478260869565
            ],
            [
              121.68456521739131,
              32.048478260869565
            ],
            [
              121.65608695652173,
              32.076956521739135
            ],
            [
              121.54217391304348,
              32.13391304347826
            ],
            [
              121.45673913043478,
              32.13391304347826
            ],
            [
              121.42826086956522,
              32.16239130434782
            ],
            [
              121.42826086956522,
              32.19086956521739
            ],
            [
              121.39978260869566,
              32.19086956521739
            ],
            [
              121.37130434782608,
              32.24782608695652
            ],
            [
              121.39978260869566,
              32.276304347826084
            ],
            [
              121.42826086956522,
              32.276304347826084
            ],
            [
              121.39978260869566,
              32.361739130434785
            ],
            [
              121.39978260869566,
              32.39021739130435
            ],
            [
              121.34282608695652,
              32.41869565217391
            ],
            [
              121.2858695652174,
              32.47565217391304
            ],
            [
              121.22891304347826,
              32.50413043478261
            ],
            [
              121.14347826086957,
              32.50413043478261
            ],
            [
              121.11500000000001,
              32.53260869565217
            ],
            [
              121.11500000000001,
              32.50413043478261
            ],
            [
              121.08652173913043,
              32.53260869565217
            ],
            [
              121.08652173913043,
              32.56108695652174
            ],
            [
              121.05804347826087,
              32.56108695652174
            ],
            [
              121.02956521739131,
              32.5895652173913
            ],
            [
              120.97260869565217,
              32.61804347826087
            ],
            [
              120.94413043478261,
              32.61804347826087
            ],
            [
              120.91565217391305,
              32.646521739130435
            ],
            [
              120.91565217391305,
              32.675
            ],
            [
              120.8586956521739,
              32.675
            ],
            [
              120.83021739130434,
              32.703478260869566
            ],
            [
              120.83021739130434,
              32.73195652173913
            ],
            [
              120.8586956521739,
              32.73195652173913
            ],
            [
              120.8586956521739,
              32.7604347826087
            ],
            [
              120.91565217391305,
              32.81739130434782
            ],
            [
              120.91565217391305,
              32.874347826086954
            ],
            [
              120.88717391304348,
              32.98826086956522
            ],
            [
              120.88717391304348,
              33.04521739130435
            ],
            [
              120.83021739130434,
              33.04521739130435
            ],
            [
              120.83021739130434,
              33.10217391304348
            ],
            [
              120.80173913043478,
              33.13065217391304
            ],
            [
              120.80173913043478,
              33.15913043478261
            ],
            [
              120.77326086956522,
              33.18760869565217
            ],
            [
              120.71630434782608,
              33.216086956521735
            ],
            [
              120.74478260869566,
              33.216086956521735
            ],
            [
              120.74478260869566,
              33.244565217391305
            ],
            [
              120.71630434782608,
              33.273043478260874
            ],
            [
              120.74478260869566,
              33.273043478260874
            ],
            [
              120.74478260869566,
              33.301521739130436
            ],
            [
              120.68782608695652,
              33.301521739130436
            ],
            [
              120.68782608695652,
              33.33
            ],
            [
              120.65934782608696,
              33.33
            ],
            [
              120.65934782608696,
              33.44391304347826
            ],
            [
              120.6308695652174,
              33.47239130434782
            ],
            [
              120.6308695652174,
              33.50086956521739
            ],
            [
              120.57391304347826,
              33.557826086956524
            ],
            [
              120.5454347826087,
              33.61478260869565
            ],
            [
              120.51695652173913,
              33.61478260869565
            ],
            [
              120.48847826086957,
              33.67173913043479
            ],
            [
              120.51695652173913,
              33.67173913043479
            ],
            [
              120.51695652173913,
              33.75717391304348
            ],
            [
              120.48847826086957,
              33.75717391304348
            ],
            [
              120.48847826086957,
              33.78565217391304
            ],
            [
              120.46000000000001,
              33.78565217391304
            ],
            [
              120.46000000000001,
              33.81413043478261
            ],
            [
              120.43152173913043,
              33.842608695652174
            ],
            [
              120.43152173913043,
              33.87108695652174
            ],
            [
              120.40304347826087,
              33.87108695652174
            ],
            [
              120.40304347826087,
              33.92804347826087
            ],
            [
              120.37456521739131,
              33.985
            ],
            [
              120.37456521739131,
              34.07043478260869
            ],
            [
              120.34608695652175,
              34.07043478260869
            ],
            [
              120.34608695652175,
              34.09891304347826
            ],
            [
              120.31760869565217,
              34.127391304347825
            ],
            [
              120.31760869565217,
              34.184347826086956
            ],
            [
              120.2891304347826,
              34.212826086956525
            ],
            [
              120.26065217391304,
              34.26978260869565
            ],
            [
              120.26065217391304,
              34.32673913043478
            ],
            [
              120.23217391304348,
              34.35521739130435
            ],
            [
              120.11826086956522,
              34.38369565217391
            ],
            [
              120.08978260869566,
              34.38369565217391
            ],
            [
              120.03282608695653,
              34.440652173913044
            ],
            [
              119.9758695652174,
              34.469130434782606
            ],
            [
              119.91891304347826,
              34.469130434782606
            ],
            [
              119.86195652173913,
              34.497608695652175
            ],
            [
              119.805,
              34.497608695652175
            ],
            [
              119.74804347826087,
              34.52608695652174
            ],
            [
              119.7195652173913,
              34.55456521739131
            ],
            [
              119.6341304347826,
              34.55456521739131
            ],
            [
              119.57717391304348,
              34.61152173913044
            ],
            [
              119.52021739130436,
              34.64
            ],
            [
              119.46326086956522,
              34.69695652173913
            ],
            [
              119.46326086956522,
              34.75391304347826
            ],
            [
              119.43478260869566,
              34.75391304347826
            ],
            [
              119.40630434782608,
              34.782391304347826
            ],
            [
              119.23543478260869,
              34.782391304347826
            ],
            [
              119.20695652173913,
              34.75391304347826
            ],
            [
              119.20695652173913,
              34.725434782608694
            ],
            [
              119.17847826086957,
              34.725434782608694
            ],
            [
              119.17847826086957,
              34.75391304347826
            ],
            [
              119.20695652173913,
              34.782391304347826
            ],
            [
              119.17847826086957,
              34.782391304347826
            ],
            [
              119.20695652173913,
              34.81086956521739
            ],
            [
              119.20695652173913,
              34.83934782608696
            ],
            [
              119.17847826086957,
              34.867826086956526
            ],
            [
              119.20695652173913,
              34.95326086956522
            ],
            [
              119.20695652173913,
              35.02405325982906
            ],
            [
              119.16588058150877,
              35.02252361175075
            ]
          ],
          [
            [
              121.59913043478261,
              29.058260869565217
            ],
            [
              121.54217391304348,
              29.058260869565217
            ],
            [
              121.54217391304348,
              29.086739130434786
            ],
            [
              121.57065217391305,
              29.086739130434786
            ],
            [
              121.59913043478261,
              29.058260869565217
            ]
          ],
          [
            [
              121.45673913043478,
              29.172173913043476
            ],
            [
              121.39978260869566,
              29.172173913043476
            ],
            [
              121.42826086956522,
              29.200652173913042
            ],
            [
              121.45673913043478,
              29.172173913043476
            ]
          ],
          [
            [
              121.74152173913043,
              29.969565217391306
            ],
            [
              121.71304347826087,
              29.969565217391306
            ],
            [
              121.74152173913043,
              29.99804347826087
            ],
            [
              121.74152173913043,
              29.969565217391306
            ]
          ],
          [
            [
              120.74478260869566,
              30.254347826086956
            ],
            [
              120.65934782608696,
              30.168913043478263
            ],
            [
              120.65934782608696,
              30.140434782608693
            ],
            [
              120.68782608695652,
              30.11195652173913
            ],
            [
              120.65934782608696,
              30.11195652173913
            ],
            [
              120.6308695652174,
              30.140434782608693
            ],
            [
              120.6308695652174,
              30.168913043478263
            ],
            [
              120.68782608695652,
              30.22586956521739
            ],
            [
              120.74478260869566,
              30.254347826086956
            ]
          ],
          [
            [
              120.68782608695652,
              30.11195652173913
            ],
            [
              120.74478260869566,
              30.11195652173913
            ],
            [
              120.71630434782608,
              30.083478260869565
            ],
            [
              120.68782608695652,
              30.11195652173913
            ]
          ],
          [
            [
              120.40304347826087,
              30.282826086956522
            ],
            [
              120.37456521739131,
              30.254347826086956
            ],
            [
              120.31760869565217,
              30.254347826086956
            ],
            [
              120.31760869565217,
              30.282826086956522
            ],
            [
              120.26065217391304,
              30.282826086956522
            ],
            [
              120.2036956521739,
              30.22586956521739
            ],
            [
              120.14673913043478,
              30.22586956521739
            ],
            [
              120.2036956521739,
              30.254347826086956
            ],
            [
              120.23217391304348,
              30.311304347826088
            ],
            [
              120.31760869565217,
              30.311304347826088
            ],
            [
              120.34608695652175,
              30.282826086956522
            ],
            [
              120.37456521739131,
              30.282826086956522
            ],
            [
              120.40304347826087,
              30.311304347826088
            ],
            [
              120.40304347826087,
              30.282826086956522
            ]
          ],
          [
            [
              119.86195652173913,
              32.1054347826087
            ],
            [
              119.77652173913043,
              32.13391304347826
            ],
            [
              119.83347826086957,
              32.13391304347826
            ],
            [
              119.86195652173913,
              32.1054347826087
            ]
          ],
          [
            [
              119.805,
              32.21934782608696
            ],
            [
              119.805,
              32.16239130434782
            ],
            [
              119.77652173913043,
              32.16239130434782
            ],
            [
              119.77652173913043,
              32.21934782608696
            ],
            [
              119.805,
              32.21934782608696
            ]
          ],
          [
            [
              119.66260869565217,
              32.21934782608696
            ],
            [
              119.6341304347826,
              32.21934782608696
            ],
            [
              119.66260869565217,
              32.24782608695652
            ],
            [
              119.66260869565217,
              32.21934782608696
            ]
          ],
          [
            [
              119.66260869565217,
              32.333260869565216
            ],
            [
              119.66260869565217,
              32.361739130434785
            ],
            [
              119.69108695652174,
              32.333260869565216
            ],
            [
              119.66260869565217,
              32.333260869565216
            ]
          ],
          [
            [
              119.60565217391304,
              32.361739130434785
            ],
            [
              119.6341304347826,
              32.39021739130435
            ],
            [
              119.66260869565217,
              32.361739130434785
            ],
            [
              119.60565217391304,
              32.361739130434785
            ]
          ],
          [
            [
              120.80173913043478,
              30.083478260869565
            ],
            [
              120.77326086956522,
              30.083478260869565
            ],
            [
              120.77326086956522,
              30.11195652173913
            ],
            [
              120.80173913043478,
              30.083478260869565
            ]
          ],
          [
            [
              121.62760869565217,
              29.314565217391305
            ],
            [
              121.65608695652173,
              29.314565217391305
            ],
            [
              121.65608695652173,
              29.286086956521736
            ],
            [
              121.62760869565217,
              29.286086956521736
            ],
            [
              121.62760869565217,
              29.314565217391305
            ]
          ],
          [
            [
              121.14347826086957,
              28.85891304347826
            ],
            [
              121.17195652173913,
              28.85891304347826
            ],
            [
              121.17195652173913,
              28.830434782608695
            ],
            [
              121.14347826086957,
              28.85891304347826
            ]
          ],
          [
            [
              121.22891304347826,
              28.773478260869567
            ],
            [
              121.2858695652174,
              28.773478260869567
            ],
            [
              121.31434782608696,
              28.745
            ],
            [
              121.34282608695652,
              28.745
            ],
            [
              121.34282608695652,
              28.716521739130435
            ],
            [
              121.31434782608696,
              28.716521739130435
            ],
            [
              121.25739130434783,
              28.68804347826087
            ],
            [
              121.25739130434783,
              28.716521739130435
            ],
            [
              121.2858695652174,
              28.716521739130435
            ],
            [
              121.2858695652174,
              28.745
            ],
            [
              121.22891304347826,
              28.773478260869567
            ]
          ],
          [
            [
              121.37130434782608,
              28.68804347826087
            ],
            [
              121.37130434782608,
              28.716521739130435
            ],
            [
              121.42826086956522,
              28.716521739130435
            ],
            [
              121.39978260869566,
              28.702282608695654
            ],
            [
              121.37130434782608,
              28.68804347826087
            ]
          ]
        ]
      },
      "properties": {
        "id": "jin-409-partial-reconstruction",
        "entityId": "jin",
        "regionIds": [
          "china-core"
        ],
        "validity": {
          "start": {
            "earliest": "0409-01-01",
            "latest": "0409-01-01"
          },
          "endExclusive": {
            "earliest": "0410-01-01",
            "latest": "0410-01-01"
          },
          "precision": "year",
          "label": "409年原图所示部分东晋疆域 · 争议复原；非全年实控"
        },
        "temporalSupport": "snapshot",
        "snapshotYear": 409,
        "relation": "reconstruction",
        "spatialPrecision": "disputed",
        "interpretationId": "zunkir-eastern-jin-dated",
        "evidence": [
          {
            "sourceId": "commons-eastern-jin-409",
            "locator": "path2987；Jin orientaux标签；原图年份标题",
            "note": "原图部分图幅的争议复原轮廓，非全年实控审定；所列书目尚未逐页独立核对。383年只取战前红线，反击后棕线无明确年份，排除。"
          },
          {
            "sourceId": "commons-eastern-china-relief",
            "locator": "SVG 920×1006；scale(1,1.17)；三图共享2000×1335嵌入底图；data/registration/eastern-jin-dated.json",
            "note": "按作者声明的等距圆柱投影及同源放大裁切转换，非城市点拟合。Geobox页面N/S颠倒；以独立湖泊检查确认方向。"
          },
          {
            "sourceId": "natural-earth-registration-lakes",
            "locator": "sources/natural-earth/eastern-relief-check-lakes.geojson；青海湖、太湖、洪泽湖、鄱阳湖",
            "note": "四个现代湖泊重心仅作独立坐标检查，均未参与拟合。不是历史政治边界。"
          }
        ],
        "review": {
          "status": "verified",
          "reviewerKind": "agent",
          "reviewer": "Codex（来源轮廓与坐标转换复核，非历史专家审定）",
          "checkedAt": "2026-10-06",
          "evidence": [
            {
              "sourceId": "commons-eastern-jin-409",
              "locator": "path2987；Jin orientaux标签；原图年份标题",
              "note": "原图部分图幅的争议复原轮廓，非全年实控审定；所列书目尚未逐页独立核对。383年只取战前红线，反击后棕线无明确年份，排除。"
            },
            {
              "sourceId": "commons-eastern-china-relief",
              "locator": "SVG 920×1006；scale(1,1.17)；三图共享2000×1335嵌入底图；data/registration/eastern-jin-dated.json",
              "note": "按作者声明的等距圆柱投影及同源放大裁切转换，非城市点拟合。Geobox页面N/S颠倒；以独立湖泊检查确认方向。"
            },
            {
              "sourceId": "natural-earth-registration-lakes",
              "locator": "sources/natural-earth/eastern-relief-check-lakes.geojson；青海湖、太湖、洪泽湖、鄱阳湖",
              "note": "四个现代湖泊重心仅作独立坐标检查，均未参与拟合。不是历史政治边界。"
            }
          ]
        },
        "compilation": {
          "method": "原始SVG边界曲线采样；按作者声明的等距圆柱投影和117%南北伸长还原；同源底图岸线裁切连续大陆；不外推其他年份。",
          "sourceScale": null,
          "controlPoints": [],
          "errorNote": "四个独立湖泊检查最大残差3.21公里，只验证所查自然地理点，不是全图或历史边界精度。原图城市标点有明显偏位，未用于配准或地点。原图历史轮廓仍待专业复核。",
          "extent": "partial-source",
          "extentNote": "东晋仅录入原图部分图幅；约27.55°N以南及图外疆域待补，截断处不作国界。",
          "boundaryGeometry": {
            "type": "MultiLineString",
            "coordinates": [
              [
                [
                  119.16588058150877,
                  35.02252361175075
                ],
                [
                  119.05187796057824,
                  35.0036510608379
                ],
                [
                  118.93621643634663,
                  34.994704891583055
                ],
                [
                  118.826192295616,
                  34.99652264460836
                ],
                [
                  118.72181112669719,
                  35.008412212457685
                ],
                [
                  118.61744674353285,
                  35.031209931493756
                ],
                [
                  118.51942163579781,
                  35.06370173917179
                ],
                [
                  118.427742437123,
                  35.10506606604659
                ],
                [
                  118.33786180745996,
                  35.1574461920353
                ],
                [
                  118.2592478098764,
                  35.214468391979736
                ],
                [
                  118.18699999078089,
                  35.2778527600384
                ],
                [
                  118.12112498380434,
                  35.34677772676609
                ],
                [
                  118.05851129854236,
                  35.42463491684181
                ],
                [
                  117.96175979318203,
                  35.57260635399987
                ],
                [
                  117.81236663668082,
                  35.85817327075323
                ],
                [
                  117.75233891799306,
                  35.94870187789261
                ],
                [
                  117.71817030365347,
                  35.98480906326012
                ],
                [
                  117.68172263664177,
                  36.013776028094235
                ],
                [
                  117.6392871111733,
                  36.03852266846204
                ],
                [
                  117.58962148678727,
                  36.059017762128036
                ],
                [
                  117.50446351099576,
                  36.08071378738417
                ],
                [
                  117.40561909341962,
                  36.093202331746085
                ],
                [
                  116.31697435,
                  36.15705031452991
                ],
                [
                  116.27925016028865,
                  36.147260683677736
                ],
                [
                  116.23667392542612,
                  36.13046814423933
                ],
                [
                  116.13425562918889,
                  36.075303167256145
                ],
                [
                  116.0263854925128,
                  36.00384373854041
                ],
                [
                  115.89790996117416,
                  35.908129510803036
                ],
                [
                  115.7503578634877,
                  35.78902028500998
                ],
                [
                  115.58146775890714,
                  35.64465966154362
                ],
                [
                  114.86488620195638,
                  34.99747065858637
                ],
                [
                  114.84064866480895,
                  34.96700595411994
                ],
                [
                  114.82261002148547,
                  34.92830055294571
                ],
                [
                  114.80716099902382,
                  34.86234940348167
                ],
                [
                  114.8018461429845,
                  34.77894665850554
                ],
                [
                  114.80665800009882,
                  34.68343455825347
                ],
                [
                  114.82136222565242,
                  34.57210819024932
                ],
                [
                  114.84595601707781,
                  34.445928438023664
                ],
                [
                  114.88006499592953,
                  34.30655934690118
                ],
                [
                  114.9248851397275,
                  34.1498922834654
                ],
                [
                  114.97751584009507,
                  33.98597396469874
                ],
                [
                  115.09702171817895,
                  33.65741491725179
                ],
                [
                  115.22998704181121,
                  33.33805283619661
                ],
                [
                  115.62276998,
                  32.55392543333333
                ],
                [
                  115.38207892914315,
                  32.48386515424345
                ],
                [
                  115.18531599092688,
                  32.434429133832104
                ],
                [
                  115.00524809750898,
                  32.39855212496677
                ],
                [
                  114.84578542283604,
                  32.37722626703946
                ],
                [
                  114.73039979298377,
                  32.37033127078133
                ],
                [
                  114.62732470055582,
                  32.37271317339194
                ],
                [
                  114.53753210393246,
                  32.384176097084705
                ],
                [
                  114.46135342704108,
                  32.40414486832438
                ],
                [
                  114.39034859608874,
                  32.436432336981945
                ],
                [
                  114.28056555782231,
                  32.51486061408183
                ],
                [
                  114.16202730641231,
                  32.5825471632645
                ],
                [
                  114.01019688226515,
                  32.65600620664993
                ],
                [
                  113.82373934324936,
                  32.736086270042975
                ],
                [
                  113.58607386196347,
                  32.8285743670767
                ],
                [
                  113.32240102127463,
                  32.922702292734314
                ],
                [
                  113.0390185850691,
                  33.01634400894704
                ],
                [
                  112.74222431723317,
                  33.10737347764605
                ],
                [
                  112.30854223570776,
                  33.228383203837765
                ],
                [
                  111.88604346590947,
                  33.331943985572764
                ],
                [
                  111.49825849597354,
                  33.41192775533357
                ],
                [
                  111.32305846600912,
                  33.44191148696174
                ],
                [
                  111.1638486818896,
                  33.46477392145276
                ],
                [
                  110.98136012082584,
                  33.484209254205325
                ],
                [
                  110.82307946468842,
                  33.49274953614453
                ],
                [
                  110.68973013219991,
                  33.490552170286634
                ],
                [
                  110.57813048635232,
                  33.4772595026181
                ],
                [
                  110.50944920002195,
                  33.45927718296946
                ],
                [
                  110.45781740322974,
                  33.43539568226157
                ],
                [
                  110.4266196335724,
                  33.4110434615101
                ],
                [
                  110.37731721829124,
                  33.35375263260224
                ],
                [
                  110.34845852907617,
                  33.33263300158034
                ],
                [
                  110.31072270941897,
                  33.31164804533561
                ],
                [
                  110.22049507758067,
                  33.27604691514558
                ],
                [
                  110.10426176568325,
                  33.24425804627189
                ],
                [
                  109.88127744665627,
                  33.20080787260454
                ],
                [
                  109.270542863125,
                  33.10355542397937
                ],
                [
                  108.99969325644567,
                  33.05143632856365
                ],
                [
                  108.74005934064695,
                  32.98899502642239
                ],
                [
                  108.60328434970089,
                  32.949380767046065
                ],
                [
                  108.38902468253349,
                  32.8798448737434
                ],
                [
                  108.21355800241764,
                  32.83892993537892
                ],
                [
                  108.09562816656856,
                  32.82085782010489
                ],
                [
                  107.96942179270076,
                  32.808806456209055
                ],
                [
                  107.84151044382041,
                  32.80346247882325
                ],
                [
                  107.70583344677006,
                  32.80457685731152
                ],
                [
                  107.5431550972072,
                  32.81417368502106
                ],
                [
                  107.37347934350571,
                  32.83279361076613
                ],
                [
                  107.20422520090253,
                  32.85924442759608
                ],
                [
                  107.0234937129383,
                  32.895351506764726
                ],
                [
                  106.83920799015294,
                  32.93979189747496
                ],
                [
                  106.64692542556703,
                  32.993685725309405
                ],
                [
                  106.44932713273977,
                  33.05646599480521
                ],
                [
                  106.24982804219574,
                  33.126934061765986
                ],
                [
                  106.05780185211364,
                  33.201088993609034
                ],
                [
                  105.86309359522026,
                  33.282304553559854
                ],
                [
                  105.7347276616686,
                  33.34019570962401
                ],
                [
                  105.63355770460531,
                  33.393400441080374
                ],
                [
                  105.53926490089896,
                  33.451969695163086
                ],
                [
                  105.45528079107793,
                  33.51419005286381
                ],
                [
                  105.252246294727,
                  33.70082009607356
                ],
                [
                  105.21538142659259,
                  33.72472599031339
                ],
                [
                  105.17720543772207,
                  33.740336456697435
                ],
                [
                  105.142465934317,
                  33.74766056088586
                ],
                [
                  105.10618362583858,
                  33.75004825078881
                ],
                [
                  105.0169456039994,
                  33.74141239082393
                ],
                [
                  104.89981865306866,
                  33.713102319134904
                ],
                [
                  104.78578760453995,
                  33.67028155430617
                ],
                [
                  104.67536779906793,
                  33.613397514497414
                ],
                [
                  104.56849855894113,
                  33.54349089832979
                ],
                [
                  104.46121194863284,
                  33.45822768581134
                ],
                [
                  104.35385426852065,
                  33.35740478116833
                ],
                [
                  104.24677135354804,
                  33.24103953024432
                ],
                [
                  104.14030712325636,
                  33.109394589265534
                ],
                [
                  104.03480208003218,
                  32.963003681776456
                ],
                [
                  103.93059175557,
                  32.80269824374565
                ],
                [
                  103.837129609675,
                  32.64563802003353
                ],
                [
                  103.74184671605104,
                  32.472722094015936
                ],
                [
                  103.6454726835284,
                  32.285034127791825
                ],
                [
                  103.54613359568191,
                  32.07881420732516
                ],
                [
                  103.38273057684408,
                  31.71505221046388
                ],
                [
                  102.95699074149859,
                  30.721361752848075
                ],
                [
                  102.8666235675822,
                  30.454435356635805
                ],
                [
                  102.78394926278118,
                  30.148755094944054
                ],
                [
                  102.70687994324791,
                  29.7958903975015
                ],
                [
                  102.63866262649374,
                  29.410841778826494
                ],
                [
                  102.57671289349676,
                  28.978135991686063
                ],
                [
                  102.52403499383564,
                  28.515898190779986
                ],
                [
                  102.48072360380652,
                  28.02247699734113
                ],
                [
                  102.45167448859566,
                  27.552676068376066
                ]
              ],
              [
                [
                  120.60239130434783,
                  27.552676068376066
                ],
                [
                  120.60239130434783,
                  27.60586956521739
                ],
                [
                  120.6308695652174,
                  27.60586956521739
                ],
                [
                  120.6308695652174,
                  27.634347826086955
                ],
                [
                  120.65934782608696,
                  27.634347826086955
                ],
                [
                  120.68782608695652,
                  27.691304347826083
                ],
                [
                  120.68782608695652,
                  27.719782608695652
                ],
                [
                  120.65934782608696,
                  27.719782608695652
                ],
                [
                  120.65934782608696,
                  27.748260869565215
                ],
                [
                  120.6308695652174,
                  27.776739130434784
                ],
                [
                  120.65934782608696,
                  27.776739130434784
                ],
                [
                  120.71630434782608,
                  27.719782608695652
                ],
                [
                  120.77326086956522,
                  27.776739130434784
                ],
                [
                  120.80173913043478,
                  27.833695652173912
                ],
                [
                  120.80173913043478,
                  27.862173913043478
                ],
                [
                  120.8586956521739,
                  27.862173913043478
                ],
                [
                  120.8586956521739,
                  27.97608695652174
                ],
                [
                  120.83021739130434,
                  27.97608695652174
                ],
                [
                  120.74478260869566,
                  28.004565217391303
                ],
                [
                  120.71630434782608,
                  28.033043478260872
                ],
                [
                  120.60239130434783,
                  28.033043478260872
                ],
                [
                  120.57391304347826,
                  28.061521739130434
                ],
                [
                  120.57391304347826,
                  28.118478260869566
                ],
                [
                  120.60239130434783,
                  28.061521739130434
                ],
                [
                  120.74478260869566,
                  28.061521739130434
                ],
                [
                  120.74478260869566,
                  28.033043478260872
                ],
                [
                  120.77326086956522,
                  28.033043478260872
                ],
                [
                  120.80173913043478,
                  28.004565217391303
                ],
                [
                  120.97260869565217,
                  28.004565217391303
                ],
                [
                  120.97260869565217,
                  28.033043478260872
                ],
                [
                  121.00108695652173,
                  28.033043478260872
                ],
                [
                  121.00108695652173,
                  28.118478260869566
                ],
                [
                  121.05804347826087,
                  28.175434782608697
                ],
                [
                  121.08652173913043,
                  28.175434782608697
                ],
                [
                  121.08652173913043,
                  28.20391304347826
                ],
                [
                  121.11500000000001,
                  28.20391304347826
                ],
                [
                  121.11500000000001,
                  28.26086956521739
                ],
                [
                  121.14347826086957,
                  28.289347826086953
                ],
                [
                  121.02956521739131,
                  28.289347826086953
                ],
                [
                  121.02956521739131,
                  28.317826086956522
                ],
                [
                  121.14347826086957,
                  28.317826086956522
                ],
                [
                  121.14347826086957,
                  28.37478260869565
                ],
                [
                  121.17195652173913,
                  28.37478260869565
                ],
                [
                  121.17195652173913,
                  28.403260869565216
                ],
                [
                  121.2004347826087,
                  28.37478260869565
                ],
                [
                  121.2004347826087,
                  28.346304347826088
                ],
                [
                  121.25739130434783,
                  28.289347826086953
                ],
                [
                  121.22891304347826,
                  28.26086956521739
                ],
                [
                  121.25739130434783,
                  28.232391304347825
                ],
                [
                  121.2858695652174,
                  28.232391304347825
                ],
                [
                  121.2858695652174,
                  28.20391304347826
                ],
                [
                  121.31434782608696,
                  28.20391304347826
                ],
                [
                  121.31434782608696,
                  28.175434782608697
                ],
                [
                  121.37130434782608,
                  28.175434782608697
                ],
                [
                  121.37130434782608,
                  28.20391304347826
                ],
                [
                  121.34282608695652,
                  28.20391304347826
                ],
                [
                  121.37130434782608,
                  28.232391304347825
                ],
                [
                  121.37130434782608,
                  28.26086956521739
                ],
                [
                  121.42826086956522,
                  28.26086956521739
                ],
                [
                  121.42826086956522,
                  28.289347826086953
                ],
                [
                  121.39978260869566,
                  28.289347826086953
                ],
                [
                  121.39978260869566,
                  28.317826086956522
                ],
                [
                  121.42826086956522,
                  28.317826086956522
                ],
                [
                  121.45673913043478,
                  28.346304347826088
                ],
                [
                  121.54217391304348,
                  28.346304347826088
                ],
                [
                  121.57065217391305,
                  28.317826086956522
                ],
                [
                  121.57065217391305,
                  28.289347826086953
                ],
                [
                  121.59913043478261,
                  28.26086956521739
                ],
                [
                  121.59913043478261,
                  28.289347826086953
                ],
                [
                  121.62760869565217,
                  28.289347826086953
                ],
                [
                  121.65608695652173,
                  28.346304347826088
                ],
                [
                  121.65608695652173,
                  28.37478260869565
                ],
                [
                  121.62760869565217,
                  28.37478260869565
                ],
                [
                  121.62760869565217,
                  28.403260869565216
                ],
                [
                  121.59913043478261,
                  28.431739130434785
                ],
                [
                  121.59913043478261,
                  28.460217391304347
                ],
                [
                  121.57065217391305,
                  28.460217391304347
                ],
                [
                  121.59913043478261,
                  28.488695652173913
                ],
                [
                  121.57065217391305,
                  28.51717391304348
                ],
                [
                  121.57065217391305,
                  28.545652173913044
                ],
                [
                  121.54217391304348,
                  28.57413043478261
                ],
                [
                  121.54217391304348,
                  28.631086956521738
                ],
                [
                  121.51369565217391,
                  28.631086956521738
                ],
                [
                  121.51369565217391,
                  28.68804347826087
                ],
                [
                  121.48521739130435,
                  28.68804347826087
                ],
                [
                  121.45673913043478,
                  28.716521739130435
                ],
                [
                  121.51369565217391,
                  28.716521739130435
                ],
                [
                  121.59913043478261,
                  28.745
                ],
                [
                  121.62760869565217,
                  28.745
                ],
                [
                  121.62760869565217,
                  28.830434782608695
                ],
                [
                  121.65608695652173,
                  28.830434782608695
                ],
                [
                  121.65608695652173,
                  28.85891304347826
                ],
                [
                  121.62760869565217,
                  28.85891304347826
                ],
                [
                  121.62760869565217,
                  28.887391304347826
                ],
                [
                  121.59913043478261,
                  28.915869565217392
                ],
                [
                  121.54217391304348,
                  28.915869565217392
                ],
                [
                  121.51369565217391,
                  28.944347826086954
                ],
                [
                  121.48521739130435,
                  28.944347826086954
                ],
                [
                  121.48521739130435,
                  28.972826086956523
                ],
                [
                  121.54217391304348,
                  28.972826086956523
                ],
                [
                  121.54217391304348,
                  28.944347826086954
                ],
                [
                  121.59913043478261,
                  28.944347826086954
                ],
                [
                  121.59913043478261,
                  28.972826086956523
                ],
                [
                  121.62760869565217,
                  28.944347826086954
                ],
                [
                  121.68456521739131,
                  28.944347826086954
                ],
                [
                  121.71304347826087,
                  28.972826086956523
                ],
                [
                  121.65608695652173,
                  28.972826086956523
                ],
                [
                  121.65608695652173,
                  29.02978260869565
                ],
                [
                  121.68456521739131,
                  29.02978260869565
                ],
                [
                  121.68456521739131,
                  29.058260869565217
                ],
                [
                  121.59913043478261,
                  29.058260869565217
                ]
              ],
              [
                [
                  121.59913043478261,
                  29.058260869565217
                ],
                [
                  121.62760869565217,
                  29.086739130434786
                ],
                [
                  121.62760869565217,
                  29.14369565217391
                ],
                [
                  121.54217391304348,
                  29.14369565217391
                ],
                [
                  121.48521739130435,
                  29.11521739130435
                ],
                [
                  121.39978260869566,
                  29.11521739130435
                ],
                [
                  121.42826086956522,
                  29.14369565217391
                ],
                [
                  121.45673913043478,
                  29.14369565217391
                ],
                [
                  121.45673913043478,
                  29.172173913043476
                ]
              ],
              [
                [
                  121.45673913043478,
                  29.172173913043476
                ],
                [
                  121.45673913043478,
                  29.200652173913042
                ],
                [
                  121.51369565217391,
                  29.200652173913042
                ],
                [
                  121.51369565217391,
                  29.229130434782608
                ],
                [
                  121.54217391304348,
                  29.257608695652173
                ],
                [
                  121.54217391304348,
                  29.286086956521736
                ],
                [
                  121.57065217391305,
                  29.286086956521736
                ],
                [
                  121.57065217391305,
                  29.314565217391305
                ],
                [
                  121.59913043478261,
                  29.314565217391305
                ],
                [
                  121.59913043478261,
                  29.257608695652173
                ],
                [
                  121.62760869565217,
                  29.229130434782608
                ],
                [
                  121.65608695652173,
                  29.229130434782608
                ],
                [
                  121.65608695652173,
                  29.200652173913042
                ],
                [
                  121.74152173913043,
                  29.200652173913042
                ],
                [
                  121.74152173913043,
                  29.229130434782608
                ],
                [
                  121.77000000000001,
                  29.257608695652173
                ],
                [
                  121.77000000000001,
                  29.400000000000002
                ],
                [
                  121.79847826086957,
                  29.400000000000002
                ],
                [
                  121.79847826086957,
                  29.172173913043476
                ],
                [
                  121.77000000000001,
                  29.14369565217391
                ],
                [
                  121.82695652173913,
                  29.14369565217391
                ],
                [
                  121.82695652173913,
                  29.11521739130435
                ],
                [
                  121.8554347826087,
                  29.11521739130435
                ],
                [
                  121.8554347826087,
                  29.172173913043476
                ],
                [
                  121.82695652173913,
                  29.172173913043476
                ],
                [
                  121.88391304347826,
                  29.200652173913042
                ],
                [
                  121.94086956521738,
                  29.200652173913042
                ],
                [
                  121.94086956521738,
                  29.229130434782608
                ],
                [
                  121.96934782608696,
                  29.229130434782608
                ],
                [
                  121.94086956521738,
                  29.257608695652173
                ],
                [
                  121.96934782608696,
                  29.286086956521736
                ],
                [
                  121.91239130434784,
                  29.286086956521736
                ],
                [
                  121.91239130434784,
                  29.343043478260867
                ],
                [
                  121.94086956521738,
                  29.343043478260867
                ],
                [
                  121.91239130434784,
                  29.371521739130433
                ],
                [
                  121.91239130434784,
                  29.428478260869568
                ],
                [
                  121.94086956521738,
                  29.45695652173913
                ],
                [
                  121.94086956521738,
                  29.428478260869568
                ],
                [
                  121.96934782608696,
                  29.428478260869568
                ],
                [
                  121.96934782608696,
                  29.45695652173913
                ],
                [
                  121.94086956521738,
                  29.485434782608692
                ],
                [
                  121.94086956521738,
                  29.51391304347826
                ],
                [
                  121.91239130434784,
                  29.51391304347826
                ],
                [
                  121.91239130434784,
                  29.542391304347824
                ],
                [
                  121.94086956521738,
                  29.542391304347824
                ],
                [
                  121.94086956521738,
                  29.570869565217393
                ],
                [
                  121.96934782608696,
                  29.570869565217393
                ],
                [
                  121.96934782608696,
                  29.627826086956524
                ],
                [
                  121.94086956521738,
                  29.627826086956524
                ],
                [
                  121.94086956521738,
                  29.656304347826087
                ],
                [
                  121.91239130434784,
                  29.656304347826087
                ],
                [
                  121.88391304347826,
                  29.627826086956524
                ],
                [
                  121.8554347826087,
                  29.656304347826087
                ],
                [
                  121.8554347826087,
                  29.627826086956524
                ],
                [
                  121.79847826086957,
                  29.627826086956524
                ],
                [
                  121.74152173913043,
                  29.570869565217393
                ],
                [
                  121.82695652173913,
                  29.570869565217393
                ],
                [
                  121.8554347826087,
                  29.542391304347824
                ],
                [
                  121.82695652173913,
                  29.542391304347824
                ],
                [
                  121.79847826086957,
                  29.51391304347826
                ],
                [
                  121.79847826086957,
                  29.485434782608692
                ],
                [
                  121.77000000000001,
                  29.485434782608692
                ],
                [
                  121.77000000000001,
                  29.542391304347824
                ],
                [
                  121.68456521739131,
                  29.542391304347824
                ],
                [
                  121.65608695652173,
                  29.51391304347826
                ],
                [
                  121.59913043478261,
                  29.51391304347826
                ],
                [
                  121.54217391304348,
                  29.45695652173913
                ],
                [
                  121.54217391304348,
                  29.428478260869568
                ],
                [
                  121.51369565217391,
                  29.428478260869568
                ],
                [
                  121.48521739130435,
                  29.400000000000002
                ],
                [
                  121.48521739130435,
                  29.428478260869568
                ],
                [
                  121.51369565217391,
                  29.45695652173913
                ],
                [
                  121.48521739130435,
                  29.485434782608692
                ],
                [
                  121.48521739130435,
                  29.45695652173913
                ],
                [
                  121.45673913043478,
                  29.428478260869568
                ],
                [
                  121.45673913043478,
                  29.45695652173913
                ],
                [
                  121.42826086956522,
                  29.485434782608692
                ],
                [
                  121.45673913043478,
                  29.51391304347826
                ],
                [
                  121.45673913043478,
                  29.542391304347824
                ],
                [
                  121.48521739130435,
                  29.542391304347824
                ],
                [
                  121.48521739130435,
                  29.570869565217393
                ],
                [
                  121.51369565217391,
                  29.570869565217393
                ],
                [
                  121.51369565217391,
                  29.542391304347824
                ],
                [
                  121.54217391304348,
                  29.51391304347826
                ],
                [
                  121.57065217391305,
                  29.570869565217393
                ],
                [
                  121.68456521739131,
                  29.570869565217393
                ],
                [
                  121.82695652173913,
                  29.713260869565218
                ],
                [
                  121.8554347826087,
                  29.713260869565218
                ],
                [
                  121.8554347826087,
                  29.741739130434784
                ],
                [
                  121.88391304347826,
                  29.77021739130435
                ],
                [
                  121.91239130434784,
                  29.77021739130435
                ],
                [
                  121.91239130434784,
                  29.79869565217391
                ],
                [
                  121.94086956521738,
                  29.79869565217391
                ],
                [
                  121.96934782608696,
                  29.827173913043477
                ],
                [
                  122.02630434782608,
                  29.855652173913043
                ],
                [
                  122.05478260869566,
                  29.855652173913043
                ],
                [
                  122.11173913043478,
                  29.88413043478261
                ],
                [
                  122.14021739130435,
                  29.912608695652175
                ],
                [
                  121.99782608695652,
                  29.912608695652175
                ],
                [
                  121.99782608695652,
                  29.941086956521737
                ],
                [
                  121.96934782608696,
                  29.969565217391306
                ],
                [
                  121.94086956521738,
                  29.969565217391306
                ],
                [
                  121.94086956521738,
                  29.912608695652175
                ],
                [
                  121.91239130434784,
                  29.941086956521737
                ],
                [
                  121.88391304347826,
                  29.941086956521737
                ],
                [
                  121.8554347826087,
                  29.969565217391306
                ],
                [
                  121.79847826086957,
                  29.969565217391306
                ],
                [
                  121.77000000000001,
                  29.99804347826087
                ],
                [
                  121.74152173913043,
                  29.99804347826087
                ]
              ],
              [
                [
                  121.74152173913043,
                  29.99804347826087
                ],
                [
                  121.71304347826087,
                  29.99804347826087
                ],
                [
                  121.68456521739131,
                  30.026521739130434
                ],
                [
                  121.65608695652173,
                  30.026521739130434
                ],
                [
                  121.65608695652173,
                  30.055
                ],
                [
                  121.62760869565217,
                  30.083478260869565
                ],
                [
                  121.59913043478261,
                  30.140434782608693
                ],
                [
                  121.54217391304348,
                  30.168913043478263
                ],
                [
                  121.51369565217391,
                  30.22586956521739
                ],
                [
                  121.45673913043478,
                  30.282826086956522
                ],
                [
                  121.42826086956522,
                  30.311304347826088
                ],
                [
                  121.31434782608696,
                  30.368260869565216
                ],
                [
                  121.17195652173913,
                  30.368260869565216
                ],
                [
                  121.11500000000001,
                  30.311304347826088
                ],
                [
                  121.00108695652173,
                  30.22586956521739
                ],
                [
                  120.97260869565217,
                  30.22586956521739
                ],
                [
                  120.94413043478261,
                  30.197391304347825
                ],
                [
                  120.83021739130434,
                  30.197391304347825
                ],
                [
                  120.80173913043478,
                  30.22586956521739
                ],
                [
                  120.74478260869566,
                  30.254347826086956
                ]
              ],
              [
                [
                  120.74478260869566,
                  30.254347826086956
                ],
                [
                  120.71630434782608,
                  30.254347826086956
                ],
                [
                  120.68782608695652,
                  30.282826086956522
                ],
                [
                  120.65934782608696,
                  30.368260869565216
                ],
                [
                  120.6308695652174,
                  30.39673913043478
                ],
                [
                  120.46000000000001,
                  30.39673913043478
                ],
                [
                  120.43152173913043,
                  30.311304347826088
                ],
                [
                  120.40304347826087,
                  30.311304347826088
                ]
              ],
              [
                [
                  120.40304347826087,
                  30.311304347826088
                ],
                [
                  120.40304347826087,
                  30.39673913043478
                ],
                [
                  120.43152173913043,
                  30.39673913043478
                ],
                [
                  120.48847826086957,
                  30.425217391304347
                ],
                [
                  120.68782608695652,
                  30.425217391304347
                ],
                [
                  120.74478260869566,
                  30.368260869565216
                ],
                [
                  120.74478260869566,
                  30.33978260869565
                ],
                [
                  120.77326086956522,
                  30.311304347826088
                ],
                [
                  120.83021739130434,
                  30.311304347826088
                ],
                [
                  120.8586956521739,
                  30.33978260869565
                ],
                [
                  120.88717391304348,
                  30.39673913043478
                ],
                [
                  120.91565217391305,
                  30.39673913043478
                ],
                [
                  120.88717391304348,
                  30.425217391304347
                ],
                [
                  120.91565217391305,
                  30.425217391304347
                ],
                [
                  120.94413043478261,
                  30.453695652173913
                ],
                [
                  120.91565217391305,
                  30.482173913043475
                ],
                [
                  120.94413043478261,
                  30.482173913043475
                ],
                [
                  120.94413043478261,
                  30.510652173913044
                ],
                [
                  120.97260869565217,
                  30.567608695652176
                ],
                [
                  121.00108695652173,
                  30.567608695652176
                ],
                [
                  121.02956521739131,
                  30.596086956521738
                ],
                [
                  121.11500000000001,
                  30.596086956521738
                ],
                [
                  121.11500000000001,
                  30.624565217391307
                ],
                [
                  121.14347826086957,
                  30.624565217391307
                ],
                [
                  121.14347826086957,
                  30.65304347826087
                ],
                [
                  121.17195652173913,
                  30.65304347826087
                ],
                [
                  121.2004347826087,
                  30.681521739130435
                ],
                [
                  121.22891304347826,
                  30.681521739130435
                ],
                [
                  121.25739130434783,
                  30.71
                ],
                [
                  121.34282608695652,
                  30.71
                ],
                [
                  121.34282608695652,
                  30.738478260869563
                ],
                [
                  121.39978260869566,
                  30.795434782608694
                ],
                [
                  121.45673913043478,
                  30.795434782608694
                ],
                [
                  121.48521739130435,
                  30.82391304347826
                ],
                [
                  121.54217391304348,
                  30.82391304347826
                ],
                [
                  121.62760869565217,
                  30.852391304347826
                ],
                [
                  121.74152173913043,
                  30.852391304347826
                ],
                [
                  121.79847826086957,
                  30.88086956521739
                ],
                [
                  121.96934782608696,
                  30.88086956521739
                ],
                [
                  121.96934782608696,
                  30.937826086956523
                ],
                [
                  121.88391304347826,
                  31.108695652173914
                ],
                [
                  121.77000000000001,
                  31.222608695652173
                ],
                [
                  121.71304347826087,
                  31.30804347826087
                ],
                [
                  121.65608695652173,
                  31.336521739130433
                ],
                [
                  121.62760869565217,
                  31.365000000000002
                ],
                [
                  121.54217391304348,
                  31.393478260869564
                ],
                [
                  121.45673913043478,
                  31.450434782608696
                ],
                [
                  121.42826086956522,
                  31.478913043478258
                ],
                [
                  121.37130434782608,
                  31.507391304347827
                ],
                [
                  121.34282608695652,
                  31.507391304347827
                ],
                [
                  121.31434782608696,
                  31.53586956521739
                ],
                [
                  121.25739130434783,
                  31.62130434782609
                ],
                [
                  121.2004347826087,
                  31.649782608695652
                ],
                [
                  121.14347826086957,
                  31.706739130434784
                ],
                [
                  121.05804347826087,
                  31.735217391304346
                ],
                [
                  121.00108695652173,
                  31.763695652173915
                ],
                [
                  120.94413043478261,
                  31.763695652173915
                ],
                [
                  120.88717391304348,
                  31.792173913043477
                ],
                [
                  120.83021739130434,
                  31.792173913043477
                ],
                [
                  120.74478260869566,
                  31.820652173913043
                ],
                [
                  120.71630434782608,
                  31.84913043478261
                ],
                [
                  120.71630434782608,
                  31.877608695652174
                ],
                [
                  120.74478260869566,
                  31.84913043478261
                ],
                [
                  120.80173913043478,
                  31.820652173913043
                ],
                [
                  120.83021739130434,
                  31.84913043478261
                ],
                [
                  120.80173913043478,
                  31.877608695652174
                ],
                [
                  120.74478260869566,
                  31.991521739130434
                ],
                [
                  120.68782608695652,
                  32.019999999999996
                ],
                [
                  120.60239130434783,
                  32.019999999999996
                ],
                [
                  120.51695652173913,
                  32.048478260869565
                ],
                [
                  120.46000000000001,
                  32.048478260869565
                ],
                [
                  120.46000000000001,
                  31.991521739130434
                ],
                [
                  120.43152173913043,
                  31.991521739130434
                ],
                [
                  120.34608695652175,
                  31.96304347826087
                ],
                [
                  120.23217391304348,
                  31.934565217391302
                ],
                [
                  120.11826086956522,
                  31.934565217391302
                ],
                [
                  120.03282608695653,
                  31.96304347826087
                ],
                [
                  120.00434782608696,
                  31.96304347826087
                ],
                [
                  119.94739130434783,
                  32.019999999999996
                ],
                [
                  119.94739130434783,
                  32.048478260869565
                ],
                [
                  119.91891304347826,
                  32.076956521739135
                ],
                [
                  119.86195652173913,
                  32.1054347826087
                ]
              ],
              [
                [
                  119.86195652173913,
                  32.1054347826087
                ],
                [
                  119.8904347826087,
                  32.1054347826087
                ],
                [
                  119.8904347826087,
                  32.13391304347826
                ],
                [
                  119.86195652173913,
                  32.16239130434782
                ],
                [
                  119.83347826086957,
                  32.276304347826084
                ],
                [
                  119.805,
                  32.30478260869565
                ],
                [
                  119.74804347826087,
                  32.30478260869565
                ],
                [
                  119.7195652173913,
                  32.276304347826084
                ],
                [
                  119.77652173913043,
                  32.21934782608696
                ]
              ],
              [
                [
                  119.77652173913043,
                  32.21934782608696
                ],
                [
                  119.7195652173913,
                  32.21934782608696
                ],
                [
                  119.7195652173913,
                  32.24782608695652
                ],
                [
                  119.66260869565217,
                  32.24782608695652
                ]
              ],
              [
                [
                  119.66260869565217,
                  32.24782608695652
                ],
                [
                  119.66260869565217,
                  32.30478260869565
                ],
                [
                  119.69108695652174,
                  32.30478260869565
                ],
                [
                  119.69108695652174,
                  32.333260869565216
                ]
              ],
              [
                [
                  119.69108695652174,
                  32.333260869565216
                ],
                [
                  119.805,
                  32.333260869565216
                ],
                [
                  119.83347826086957,
                  32.30478260869565
                ],
                [
                  119.86195652173913,
                  32.30478260869565
                ],
                [
                  119.86195652173913,
                  32.276304347826084
                ],
                [
                  119.8904347826087,
                  32.21934782608696
                ],
                [
                  119.91891304347826,
                  32.24782608695652
                ],
                [
                  119.91891304347826,
                  32.13391304347826
                ],
                [
                  120.00434782608696,
                  32.019999999999996
                ],
                [
                  120.03282608695653,
                  32.019999999999996
                ],
                [
                  120.08978260869566,
                  31.96304347826087
                ],
                [
                  120.26065217391304,
                  31.96304347826087
                ],
                [
                  120.2891304347826,
                  31.991521739130434
                ],
                [
                  120.37456521739131,
                  32.048478260869565
                ],
                [
                  120.48847826086957,
                  32.1054347826087
                ],
                [
                  120.6308695652174,
                  32.1054347826087
                ],
                [
                  120.74478260869566,
                  32.048478260869565
                ],
                [
                  120.80173913043478,
                  32.048478260869565
                ],
                [
                  120.8586956521739,
                  32.019999999999996
                ],
                [
                  120.91565217391305,
                  31.934565217391302
                ],
                [
                  120.91565217391305,
                  31.90608695652174
                ],
                [
                  120.94413043478261,
                  31.90608695652174
                ],
                [
                  120.94413043478261,
                  31.84913043478261
                ],
                [
                  120.97260869565217,
                  31.820652173913043
                ],
                [
                  121.00108695652173,
                  31.84913043478261
                ],
                [
                  121.02956521739131,
                  31.84913043478261
                ],
                [
                  121.05804347826087,
                  31.820652173913043
                ],
                [
                  121.11500000000001,
                  31.820652173913043
                ],
                [
                  121.2858695652174,
                  31.90608695652174
                ],
                [
                  121.31434782608696,
                  31.90608695652174
                ],
                [
                  121.48521739130435,
                  31.820652173913043
                ],
                [
                  121.51369565217391,
                  31.820652173913043
                ],
                [
                  121.51369565217391,
                  31.792173913043477
                ],
                [
                  121.57065217391305,
                  31.792173913043477
                ],
                [
                  121.59913043478261,
                  31.763695652173915
                ],
                [
                  121.65608695652173,
                  31.763695652173915
                ],
                [
                  121.68456521739131,
                  31.735217391304346
                ],
                [
                  121.74152173913043,
                  31.735217391304346
                ],
                [
                  121.82695652173913,
                  31.706739130434784
                ],
                [
                  121.88391304347826,
                  31.706739130434784
                ],
                [
                  121.91239130434784,
                  31.735217391304346
                ],
                [
                  121.94086956521738,
                  31.735217391304346
                ],
                [
                  121.91239130434784,
                  31.763695652173915
                ],
                [
                  121.91239130434784,
                  31.792173913043477
                ],
                [
                  121.88391304347826,
                  31.84913043478261
                ],
                [
                  121.88391304347826,
                  31.877608695652174
                ],
                [
                  121.8554347826087,
                  31.934565217391302
                ],
                [
                  121.82695652173913,
                  31.934565217391302
                ],
                [
                  121.82695652173913,
                  31.96304347826087
                ],
                [
                  121.74152173913043,
                  32.048478260869565
                ],
                [
                  121.68456521739131,
                  32.048478260869565
                ],
                [
                  121.65608695652173,
                  32.076956521739135
                ],
                [
                  121.54217391304348,
                  32.13391304347826
                ],
                [
                  121.45673913043478,
                  32.13391304347826
                ],
                [
                  121.42826086956522,
                  32.16239130434782
                ],
                [
                  121.42826086956522,
                  32.19086956521739
                ],
                [
                  121.39978260869566,
                  32.19086956521739
                ],
                [
                  121.37130434782608,
                  32.24782608695652
                ],
                [
                  121.39978260869566,
                  32.276304347826084
                ],
                [
                  121.42826086956522,
                  32.276304347826084
                ],
                [
                  121.39978260869566,
                  32.361739130434785
                ],
                [
                  121.39978260869566,
                  32.39021739130435
                ],
                [
                  121.34282608695652,
                  32.41869565217391
                ],
                [
                  121.2858695652174,
                  32.47565217391304
                ],
                [
                  121.22891304347826,
                  32.50413043478261
                ],
                [
                  121.14347826086957,
                  32.50413043478261
                ],
                [
                  121.11500000000001,
                  32.53260869565217
                ],
                [
                  121.11500000000001,
                  32.50413043478261
                ],
                [
                  121.08652173913043,
                  32.53260869565217
                ],
                [
                  121.08652173913043,
                  32.56108695652174
                ],
                [
                  121.05804347826087,
                  32.56108695652174
                ],
                [
                  121.02956521739131,
                  32.5895652173913
                ],
                [
                  120.97260869565217,
                  32.61804347826087
                ],
                [
                  120.94413043478261,
                  32.61804347826087
                ],
                [
                  120.91565217391305,
                  32.646521739130435
                ],
                [
                  120.91565217391305,
                  32.675
                ],
                [
                  120.8586956521739,
                  32.675
                ],
                [
                  120.83021739130434,
                  32.703478260869566
                ],
                [
                  120.83021739130434,
                  32.73195652173913
                ],
                [
                  120.8586956521739,
                  32.73195652173913
                ],
                [
                  120.8586956521739,
                  32.7604347826087
                ],
                [
                  120.91565217391305,
                  32.81739130434782
                ],
                [
                  120.91565217391305,
                  32.874347826086954
                ],
                [
                  120.88717391304348,
                  32.98826086956522
                ],
                [
                  120.88717391304348,
                  33.04521739130435
                ],
                [
                  120.83021739130434,
                  33.04521739130435
                ],
                [
                  120.83021739130434,
                  33.10217391304348
                ],
                [
                  120.80173913043478,
                  33.13065217391304
                ],
                [
                  120.80173913043478,
                  33.15913043478261
                ],
                [
                  120.77326086956522,
                  33.18760869565217
                ],
                [
                  120.71630434782608,
                  33.216086956521735
                ],
                [
                  120.74478260869566,
                  33.216086956521735
                ],
                [
                  120.74478260869566,
                  33.244565217391305
                ],
                [
                  120.71630434782608,
                  33.273043478260874
                ],
                [
                  120.74478260869566,
                  33.273043478260874
                ],
                [
                  120.74478260869566,
                  33.301521739130436
                ],
                [
                  120.68782608695652,
                  33.301521739130436
                ],
                [
                  120.68782608695652,
                  33.33
                ],
                [
                  120.65934782608696,
                  33.33
                ],
                [
                  120.65934782608696,
                  33.44391304347826
                ],
                [
                  120.6308695652174,
                  33.47239130434782
                ],
                [
                  120.6308695652174,
                  33.50086956521739
                ],
                [
                  120.57391304347826,
                  33.557826086956524
                ],
                [
                  120.5454347826087,
                  33.61478260869565
                ],
                [
                  120.51695652173913,
                  33.61478260869565
                ],
                [
                  120.48847826086957,
                  33.67173913043479
                ],
                [
                  120.51695652173913,
                  33.67173913043479
                ],
                [
                  120.51695652173913,
                  33.75717391304348
                ],
                [
                  120.48847826086957,
                  33.75717391304348
                ],
                [
                  120.48847826086957,
                  33.78565217391304
                ],
                [
                  120.46000000000001,
                  33.78565217391304
                ],
                [
                  120.46000000000001,
                  33.81413043478261
                ],
                [
                  120.43152173913043,
                  33.842608695652174
                ],
                [
                  120.43152173913043,
                  33.87108695652174
                ],
                [
                  120.40304347826087,
                  33.87108695652174
                ],
                [
                  120.40304347826087,
                  33.92804347826087
                ],
                [
                  120.37456521739131,
                  33.985
                ],
                [
                  120.37456521739131,
                  34.07043478260869
                ],
                [
                  120.34608695652175,
                  34.07043478260869
                ],
                [
                  120.34608695652175,
                  34.09891304347826
                ],
                [
                  120.31760869565217,
                  34.127391304347825
                ],
                [
                  120.31760869565217,
                  34.184347826086956
                ],
                [
                  120.2891304347826,
                  34.212826086956525
                ],
                [
                  120.26065217391304,
                  34.26978260869565
                ],
                [
                  120.26065217391304,
                  34.32673913043478
                ],
                [
                  120.23217391304348,
                  34.35521739130435
                ],
                [
                  120.11826086956522,
                  34.38369565217391
                ],
                [
                  120.08978260869566,
                  34.38369565217391
                ],
                [
                  120.03282608695653,
                  34.440652173913044
                ],
                [
                  119.9758695652174,
                  34.469130434782606
                ],
                [
                  119.91891304347826,
                  34.469130434782606
                ],
                [
                  119.86195652173913,
                  34.497608695652175
                ],
                [
                  119.805,
                  34.497608695652175
                ],
                [
                  119.74804347826087,
                  34.52608695652174
                ],
                [
                  119.7195652173913,
                  34.55456521739131
                ],
                [
                  119.6341304347826,
                  34.55456521739131
                ],
                [
                  119.57717391304348,
                  34.61152173913044
                ],
                [
                  119.52021739130436,
                  34.64
                ],
                [
                  119.46326086956522,
                  34.69695652173913
                ],
                [
                  119.46326086956522,
                  34.75391304347826
                ],
                [
                  119.43478260869566,
                  34.75391304347826
                ],
                [
                  119.40630434782608,
                  34.782391304347826
                ],
                [
                  119.23543478260869,
                  34.782391304347826
                ],
                [
                  119.20695652173913,
                  34.75391304347826
                ],
                [
                  119.20695652173913,
                  34.725434782608694
                ],
                [
                  119.17847826086957,
                  34.725434782608694
                ],
                [
                  119.17847826086957,
                  34.75391304347826
                ],
                [
                  119.20695652173913,
                  34.782391304347826
                ],
                [
                  119.17847826086957,
                  34.782391304347826
                ],
                [
                  119.20695652173913,
                  34.81086956521739
                ],
                [
                  119.20695652173913,
                  34.83934782608696
                ],
                [
                  119.17847826086957,
                  34.867826086956526
                ],
                [
                  119.20695652173913,
                  34.95326086956522
                ],
                [
                  119.20695652173913,
                  35.02405325982906
                ],
                [
                  119.16588058150877,
                  35.02252361175075
                ]
              ],
              [
                [
                  121.59913043478261,
                  29.058260869565217
                ],
                [
                  121.54217391304348,
                  29.058260869565217
                ],
                [
                  121.54217391304348,
                  29.086739130434786
                ],
                [
                  121.57065217391305,
                  29.086739130434786
                ],
                [
                  121.59913043478261,
                  29.058260869565217
                ]
              ],
              [
                [
                  121.45673913043478,
                  29.172173913043476
                ],
                [
                  121.39978260869566,
                  29.172173913043476
                ],
                [
                  121.42826086956522,
                  29.200652173913042
                ],
                [
                  121.45673913043478,
                  29.172173913043476
                ]
              ],
              [
                [
                  121.74152173913043,
                  29.969565217391306
                ],
                [
                  121.71304347826087,
                  29.969565217391306
                ],
                [
                  121.74152173913043,
                  29.99804347826087
                ]
              ],
              [
                [
                  121.74152173913043,
                  29.99804347826087
                ],
                [
                  121.74152173913043,
                  29.969565217391306
                ]
              ],
              [
                [
                  120.74478260869566,
                  30.254347826086956
                ],
                [
                  120.65934782608696,
                  30.168913043478263
                ],
                [
                  120.65934782608696,
                  30.140434782608693
                ],
                [
                  120.68782608695652,
                  30.11195652173913
                ]
              ],
              [
                [
                  120.68782608695652,
                  30.11195652173913
                ],
                [
                  120.65934782608696,
                  30.11195652173913
                ],
                [
                  120.6308695652174,
                  30.140434782608693
                ],
                [
                  120.6308695652174,
                  30.168913043478263
                ],
                [
                  120.68782608695652,
                  30.22586956521739
                ],
                [
                  120.74478260869566,
                  30.254347826086956
                ]
              ],
              [
                [
                  120.68782608695652,
                  30.11195652173913
                ],
                [
                  120.74478260869566,
                  30.11195652173913
                ],
                [
                  120.71630434782608,
                  30.083478260869565
                ],
                [
                  120.68782608695652,
                  30.11195652173913
                ]
              ],
              [
                [
                  120.40304347826087,
                  30.282826086956522
                ],
                [
                  120.37456521739131,
                  30.254347826086956
                ],
                [
                  120.31760869565217,
                  30.254347826086956
                ],
                [
                  120.31760869565217,
                  30.282826086956522
                ],
                [
                  120.26065217391304,
                  30.282826086956522
                ],
                [
                  120.2036956521739,
                  30.22586956521739
                ],
                [
                  120.14673913043478,
                  30.22586956521739
                ],
                [
                  120.2036956521739,
                  30.254347826086956
                ],
                [
                  120.23217391304348,
                  30.311304347826088
                ],
                [
                  120.31760869565217,
                  30.311304347826088
                ],
                [
                  120.34608695652175,
                  30.282826086956522
                ],
                [
                  120.37456521739131,
                  30.282826086956522
                ],
                [
                  120.40304347826087,
                  30.311304347826088
                ]
              ],
              [
                [
                  120.40304347826087,
                  30.311304347826088
                ],
                [
                  120.40304347826087,
                  30.282826086956522
                ]
              ],
              [
                [
                  119.86195652173913,
                  32.1054347826087
                ],
                [
                  119.77652173913043,
                  32.13391304347826
                ],
                [
                  119.83347826086957,
                  32.13391304347826
                ],
                [
                  119.86195652173913,
                  32.1054347826087
                ]
              ],
              [
                [
                  119.805,
                  32.21934782608696
                ],
                [
                  119.805,
                  32.16239130434782
                ],
                [
                  119.77652173913043,
                  32.16239130434782
                ],
                [
                  119.77652173913043,
                  32.21934782608696
                ]
              ],
              [
                [
                  119.77652173913043,
                  32.21934782608696
                ],
                [
                  119.805,
                  32.21934782608696
                ]
              ],
              [
                [
                  119.66260869565217,
                  32.21934782608696
                ],
                [
                  119.6341304347826,
                  32.21934782608696
                ],
                [
                  119.66260869565217,
                  32.24782608695652
                ]
              ],
              [
                [
                  119.66260869565217,
                  32.24782608695652
                ],
                [
                  119.66260869565217,
                  32.21934782608696
                ]
              ],
              [
                [
                  119.66260869565217,
                  32.333260869565216
                ],
                [
                  119.66260869565217,
                  32.361739130434785
                ]
              ],
              [
                [
                  119.66260869565217,
                  32.361739130434785
                ],
                [
                  119.69108695652174,
                  32.333260869565216
                ]
              ],
              [
                [
                  119.69108695652174,
                  32.333260869565216
                ],
                [
                  119.66260869565217,
                  32.333260869565216
                ]
              ],
              [
                [
                  119.60565217391304,
                  32.361739130434785
                ],
                [
                  119.6341304347826,
                  32.39021739130435
                ],
                [
                  119.66260869565217,
                  32.361739130434785
                ]
              ],
              [
                [
                  119.66260869565217,
                  32.361739130434785
                ],
                [
                  119.60565217391304,
                  32.361739130434785
                ]
              ],
              [
                [
                  120.80173913043478,
                  30.083478260869565
                ],
                [
                  120.77326086956522,
                  30.083478260869565
                ],
                [
                  120.77326086956522,
                  30.11195652173913
                ],
                [
                  120.80173913043478,
                  30.083478260869565
                ]
              ],
              [
                [
                  121.62760869565217,
                  29.314565217391305
                ],
                [
                  121.65608695652173,
                  29.314565217391305
                ],
                [
                  121.65608695652173,
                  29.286086956521736
                ],
                [
                  121.62760869565217,
                  29.286086956521736
                ],
                [
                  121.62760869565217,
                  29.314565217391305
                ]
              ],
              [
                [
                  121.14347826086957,
                  28.85891304347826
                ],
                [
                  121.17195652173913,
                  28.85891304347826
                ],
                [
                  121.17195652173913,
                  28.830434782608695
                ],
                [
                  121.14347826086957,
                  28.85891304347826
                ]
              ],
              [
                [
                  121.22891304347826,
                  28.773478260869567
                ],
                [
                  121.2858695652174,
                  28.773478260869567
                ],
                [
                  121.31434782608696,
                  28.745
                ],
                [
                  121.34282608695652,
                  28.745
                ],
                [
                  121.34282608695652,
                  28.716521739130435
                ],
                [
                  121.31434782608696,
                  28.716521739130435
                ],
                [
                  121.25739130434783,
                  28.68804347826087
                ],
                [
                  121.25739130434783,
                  28.716521739130435
                ],
                [
                  121.2858695652174,
                  28.716521739130435
                ],
                [
                  121.2858695652174,
                  28.745
                ],
                [
                  121.22891304347826,
                  28.773478260869567
                ]
              ],
              [
                [
                  121.37130434782608,
                  28.68804347826087
                ],
                [
                  121.37130434782608,
                  28.716521739130435
                ],
                [
                  121.42826086956522,
                  28.716521739130435
                ],
                [
                  121.39978260869566,
                  28.702282608695654
                ],
                [
                  121.37130434782608,
                  28.68804347826087
                ]
              ]
            ]
          }
        }
      }
    }
  ]
}
