{
  "type": "FeatureCollection",
  "features": [
    {
      "type": "Feature",
      "geometry": {
        "type": "MultiPolygon",
        "coordinates": [
          [
            [
              [
                121.036902,
                42.082244
              ],
              [
                120.844878,
                42.070405
              ],
              [
                120.637938,
                42.041333
              ],
              [
                120.416459,
                41.99365
              ],
              [
                120.180848,
                41.925976
              ],
              [
                120.06739,
                41.840553
              ],
              [
                119.972535,
                41.756505
              ],
              [
                119.884977,
                41.662365
              ],
              [
                119.810384,
                41.559198
              ],
              [
                119.758066,
                41.45926
              ],
              [
                119.722239,
                41.352399
              ],
              [
                119.705008,
                41.240426
              ],
              [
                119.706267,
                41.125562
              ],
              [
                119.723033,
                41.010505
              ],
              [
                119.772385,
                40.79345
              ],
              [
                119.779121,
                40.715957
              ],
              [
                119.755839,
                40.639253
              ],
              [
                119.730721,
                40.612564
              ],
              [
                119.694496,
                40.59025
              ],
              [
                119.629322,
                40.568195
              ],
              [
                119.540431,
                40.553846
              ],
              [
                119.279367,
                40.549209
              ],
              [
                118.912533,
                40.575435
              ],
              [
                118.407549,
                40.632232
              ],
              [
                118.218535,
                40.544483
              ],
              [
                118.029718,
                40.469011
              ],
              [
                117.878386,
                40.422988
              ],
              [
                117.74377,
                40.402075
              ],
              [
                117.671951,
                40.405939
              ],
              [
                117.617845,
                40.423235
              ],
              [
                117.579218,
                40.451977
              ],
              [
                117.550169,
                40.498766
              ],
              [
                117.53639,
                40.555705
              ],
              [
                117.534068,
                40.619326
              ],
              [
                117.562778,
                40.871281
              ],
              [
                117.315364,
                40.926916
              ],
              [
                117.13856,
                40.98959
              ],
              [
                117.086028,
                41.021498
              ],
              [
                117.055516,
                41.05185
              ],
              [
                117.022387,
                41.141875
              ],
              [
                117.001722,
                41.169323
              ],
              [
                116.958153,
                41.194646
              ],
              [
                116.894044,
                41.214631
              ],
              [
                116.66214,
                41.249588
              ],
              [
                116.303862,
                41.205451
              ],
              [
                116.184942,
                41.206557
              ],
              [
                116.110392,
                41.222107
              ],
              [
                116.049094,
                41.252809
              ],
              [
                115.996392,
                41.300602
              ],
              [
                115.898125,
                41.455152
              ],
              [
                115.793071,
                41.473131
              ],
              [
                115.676772,
                41.476925
              ],
              [
                115.586957,
                41.460709
              ],
              [
                115.513151,
                41.429886
              ],
              [
                115.310299,
                41.315045
              ],
              [
                115.220965,
                41.28174
              ],
              [
                115.128824,
                41.259312
              ],
              [
                114.909504,
                41.237529
              ],
              [
                114.602179,
                41.248917
              ],
              [
                113.938001,
                40.836389
              ],
              [
                113.808789,
                40.770906
              ],
              [
                113.699139,
                40.731988
              ],
              [
                113.583514,
                40.709721
              ],
              [
                113.477815,
                40.704392
              ],
              [
                113.359521,
                40.711503
              ],
              [
                113.224776,
                40.731426
              ],
              [
                112.983416,
                40.660288
              ],
              [
                112.878726,
                40.642193
              ],
              [
                112.767104,
                40.633756
              ],
              [
                112.650164,
                40.638535
              ],
              [
                112.527472,
                40.658942
              ],
              [
                112.408826,
                40.69139
              ],
              [
                112.101389,
                40.796142
              ],
              [
                111.936964,
                40.843462
              ],
              [
                111.746592,
                40.882703
              ],
              [
                111.546907,
                40.906399
              ],
              [
                111.314787,
                40.914723
              ],
              [
                111.076944,
                40.905771
              ],
              [
                110.805641,
                40.878259
              ],
              [
                110.538006,
                40.836523
              ],
              [
                110.404515,
                40.828635
              ],
              [
                110.187996,
                40.828227
              ],
              [
                109.964432,
                40.846059
              ],
              [
                109.739026,
                40.885259
              ],
              [
                109.515021,
                40.946667
              ],
              [
                109.312201,
                41.02012
              ],
              [
                108.817272,
                41.223481
              ],
              [
                108.689767,
                41.265024
              ],
              [
                108.558129,
                41.297183
              ],
              [
                108.399719,
                41.319289
              ],
              [
                108.229603,
                41.322232
              ],
              [
                108.068553,
                41.306167
              ],
              [
                107.900278,
                41.270056
              ],
              [
                107.849363,
                41.240373
              ],
              [
                107.793794,
                41.192743
              ],
              [
                107.684062,
                41.055377
              ],
              [
                107.610564,
                40.907668
              ],
              [
                107.577003,
                40.76139
              ],
              [
                107.584027,
                40.64224
              ],
              [
                107.630529,
                40.530299
              ],
              [
                107.711345,
                40.441886
              ],
              [
                107.817072,
                40.376646
              ],
              [
                107.936673,
                40.332014
              ],
              [
                108.085532,
                40.299684
              ],
              [
                108.266061,
                40.281407
              ],
              [
                108.480719,
                40.278898
              ],
              [
                108.601631,
                40.284081
              ],
              [
                108.950217,
                40.374086
              ],
              [
                109.299958,
                40.430264
              ],
              [
                109.61709,
                40.447348
              ],
              [
                109.761544,
                40.442251
              ],
              [
                109.895605,
                40.428606
              ],
              [
                110.018546,
                40.406823
              ],
              [
                110.144515,
                40.37249
              ],
              [
                110.253972,
                40.328671
              ],
              [
                110.34588,
                40.275973
              ],
              [
                110.419223,
                40.214999
              ],
              [
                110.467382,
                40.155328
              ],
              [
                110.503231,
                40.080441
              ],
              [
                110.51708,
                40.009499
              ],
              [
                110.507177,
                39.900179
              ],
              [
                110.467046,
                39.794583
              ],
              [
                110.38611,
                39.670228
              ],
              [
                110.279138,
                39.552813
              ],
              [
                110.138506,
                39.430944
              ],
              [
                109.984222,
                39.319441
              ],
              [
                109.776574,
                39.191032
              ],
              [
                109.560739,
                39.07474
              ],
              [
                109.431457,
                38.778465
              ],
              [
                109.176204,
                38.080119
              ],
              [
                109.095906,
                37.91956
              ],
              [
                108.998921,
                37.781479
              ],
              [
                108.877974,
                37.668648
              ],
              [
                108.806237,
                37.622558
              ],
              [
                108.725774,
                37.583802
              ],
              [
                108.635663,
                37.552712
              ],
              [
                108.534982,
                37.529617
              ],
              [
                108.32414,
                37.509215
              ],
              [
                108.142055,
                37.512892
              ],
              [
                108.013669,
                37.53057
              ],
              [
                107.884085,
                37.567878
              ],
              [
                107.772369,
                37.62097
              ],
              [
                107.68776,
                37.677289
              ],
              [
                107.598484,
                37.753547
              ],
              [
                107.209516,
                38.182674
              ],
              [
                107.103895,
                38.279687
              ],
              [
                106.981992,
                38.372585
              ],
              [
                106.817507,
                38.470604
              ],
              [
                106.646998,
                38.546488
              ],
              [
                106.429453,
                38.615121
              ],
              [
                106.295797,
                38.634796
              ],
              [
                106.20648,
                38.631236
              ],
              [
                106.112577,
                38.609435
              ],
              [
                106.028164,
                38.570872
              ],
              [
                105.941131,
                38.509286
              ],
              [
                105.805595,
                38.366714
              ],
              [
                105.558917,
                38.028188
              ],
              [
                105.434635,
                37.878909
              ],
              [
                105.288972,
                37.746919
              ],
              [
                105.205382,
                37.691047
              ],
              [
                105.129167,
                37.651059
              ],
              [
                105.028878,
                37.612212
              ],
              [
                104.937179,
                37.588431
              ],
              [
                104.816407,
                37.571448
              ],
              [
                104.706034,
                37.567893
              ],
              [
                104.560896,
                37.57757
              ],
              [
                104.419195,
                37.600026
              ],
              [
                104.281912,
                37.632458
              ],
              [
                104.15876,
                37.671787
              ],
              [
                103.997399,
                37.741238
              ],
              [
                103.85983,
                37.819814
              ],
              [
                103.705189,
                37.932058
              ],
              [
                103.392817,
                38.192402
              ],
              [
                103.316194,
                38.240394
              ],
              [
                103.191292,
                38.300731
              ],
              [
                103.104142,
                38.333234
              ],
              [
                103.000224,
                38.359767
              ],
              [
                102.56404,
                38.424263
              ],
              [
                102.34883,
                38.471586
              ],
              [
                102.133865,
                38.546784
              ],
              [
                101.921615,
                38.653924
              ],
              [
                101.693354,
                38.808089
              ],
              [
                101.554301,
                38.927805
              ],
              [
                100.933957,
                37.553269
              ],
              [
                100.936212,
                37.551927
              ],
              [
                101.042242,
                37.473907
              ],
              [
                101.130852,
                37.390663
              ],
              [
                101.192696,
                37.314846
              ],
              [
                101.260598,
                37.192797
              ],
              [
                101.295449,
                37.075287
              ],
              [
                101.305397,
                36.932107
              ],
              [
                101.287232,
                36.803664
              ],
              [
                101.254499,
                36.726742
              ],
              [
                101.199216,
                36.653674
              ],
              [
                101.14111,
                36.600466
              ],
              [
                100.921445,
                36.429614
              ],
              [
                100.861007,
                36.363962
              ],
              [
                100.809214,
                36.284138
              ],
              [
                100.769501,
                36.185913
              ],
              [
                100.745282,
                36.065058
              ],
              [
                100.739931,
                35.91734
              ],
              [
                100.752284,
                35.770661
              ],
              [
                100.842225,
                35.686297
              ],
              [
                100.94044,
                35.617198
              ],
              [
                101.045755,
                35.561463
              ],
              [
                101.171261,
                35.512368
              ],
              [
                101.302594,
                35.475081
              ],
              [
                101.453311,
                35.444221
              ],
              [
                102.002128,
                35.369384
              ],
              [
                102.215172,
                35.326482
              ],
              [
                102.32066,
                35.294193
              ],
              [
                102.41887,
                35.252961
              ],
              [
                102.508546,
                35.200932
              ],
              [
                102.579025,
                35.145095
              ],
              [
                102.649323,
                35.067833
              ],
              [
                102.707495,
                34.974452
              ],
              [
                102.752315,
                34.8631
              ],
              [
                102.779626,
                34.749467
              ],
              [
                102.794991,
                34.61941
              ],
              [
                102.797632,
                34.47168
              ],
              [
                102.786791,
                34.305027
              ],
              [
                102.761734,
                34.118194
              ],
              [
                103.045282,
                33.912466
              ],
              [
                103.280949,
                33.725578
              ],
              [
                103.511734,
                33.522596
              ],
              [
                103.692088,
                33.342591
              ],
              [
                103.841014,
                33.168959
              ],
              [
                103.955272,
                33.003691
              ],
              [
                104.031637,
                32.848763
              ],
              [
                104.065306,
                32.719783
              ],
              [
                104.066966,
                32.627243
              ],
              [
                104.05038,
                32.55388
              ],
              [
                104.016428,
                32.486435
              ],
              [
                103.964399,
                32.425299
              ],
              [
                103.879896,
                32.362456
              ],
              [
                103.391983,
                32.086531
              ],
              [
                103.155347,
                31.921471
              ],
              [
                103.050285,
                31.82902
              ],
              [
                102.971175,
                31.740348
              ],
              [
                102.913961,
                31.652793
              ],
              [
                102.870751,
                31.552287
              ],
              [
                102.835051,
                31.382955
              ],
              [
                102.792874,
                30.865139
              ],
              [
                102.737076,
                30.52184
              ],
              [
                102.703735,
                30.155086
              ],
              [
                102.674966,
                29.995563
              ],
              [
                102.627034,
                29.86228
              ],
              [
                102.558758,
                29.741123
              ],
              [
                102.458221,
                29.606203
              ],
              [
                102.3182,
                29.448377
              ],
              [
                102.385427,
                29.33043
              ],
              [
                102.439567,
                29.201078
              ],
              [
                102.471274,
                29.080008
              ],
              [
                102.484425,
                28.966566
              ],
              [
                102.48287,
                28.860088
              ],
              [
                102.470431,
                28.759904
              ],
              [
                102.382019,
                28.374612
              ],
              [
                102.380264,
                28.242688
              ],
              [
                102.39966,
                28.168026
              ],
              [
                102.431773,
                28.104738
              ],
              [
                102.480637,
                28.041649
              ],
              [
                102.535827,
                27.988907
              ],
              [
                102.637887,
                27.91428
              ],
              [
                102.772181,
                27.838051
              ],
              [
                102.924798,
                27.792914
              ],
              [
                103.183306,
                27.69105
              ],
              [
                103.261744,
                27.673074
              ],
              [
                103.330537,
                27.669728
              ],
              [
                103.438158,
                27.688031
              ],
              [
                103.566506,
                27.739553
              ],
              [
                103.723998,
                27.831332
              ],
              [
                103.888675,
                27.94734
              ],
              [
                104.024567,
                28.008731
              ],
              [
                104.105371,
                28.030253
              ],
              [
                104.208935,
                28.044209
              ],
              [
                104.314698,
                28.044678
              ],
              [
                104.421973,
                28.032625
              ],
              [
                104.530076,
                28.009017
              ],
              [
                104.638326,
                27.974827
              ],
              [
                104.74605,
                27.931028
              ],
              [
                104.873682,
                27.867161
              ],
              [
                105.099427,
                27.723408
              ],
              [
                105.326624,
                27.537728
              ],
              [
                106.689618,
                27.815661
              ],
              [
                107.259639,
                27.918014
              ],
              [
                107.412857,
                27.851127
              ],
              [
                107.745846,
                27.680549
              ],
              [
                107.889522,
                27.617088
              ],
              [
                108.081895,
                27.558899
              ],
              [
                108.285271,
                27.526304
              ],
              [
                108.564196,
                27.512775
              ],
              [
                108.922939,
                27.525467
              ],
              [
                109.381059,
                27.56767
              ],
              [
                109.909295,
                27.635208
              ],
              [
                110.108979,
                27.450453
              ],
              [
                110.247506,
                27.297389
              ],
              [
                110.352842,
                27.151092
              ],
              [
                110.435765,
                26.990075
              ],
              [
                110.477055,
                26.864248
              ],
              [
                110.502395,
                26.71636
              ],
              [
                110.507494,
                26.560573
              ],
              [
                110.492999,
                26.371262
              ],
              [
                110.197238,
                25.995625
              ],
              [
                109.993073,
                25.693229
              ],
              [
                109.920477,
                25.565261
              ],
              [
                109.859207,
                25.436988
              ],
              [
                109.81701,
                25.322962
              ],
              [
                109.791294,
                25.220712
              ],
              [
                109.778513,
                25.108121
              ],
              [
                109.782841,
                24.995817
              ],
              [
                109.865255,
                24.595035
              ],
              [
                109.884818,
                24.395756
              ],
              [
                109.873824,
                24.164454
              ],
              [
                109.82524,
                23.896547
              ],
              [
                109.780065,
                23.853345
              ],
              [
                109.721217,
                23.815603
              ],
              [
                109.33082,
                23.640921
              ],
              [
                109.2193,
                23.5764
              ],
              [
                109.133969,
                23.513319
              ],
              [
                109.079466,
                23.372529
              ],
              [
                109.046403,
                23.26087
              ],
              [
                109.025722,
                23.127674
              ],
              [
                109.032699,
                22.977506
              ],
              [
                109.020948,
                22.944349
              ],
              [
                108.989524,
                22.906417
              ],
              [
                108.785257,
                22.751841
              ],
              [
                108.709027,
                22.713348
              ],
              [
                108.602076,
                22.684338
              ],
              [
                108.217465,
                22.609044
              ],
              [
                108.073135,
                22.562522
              ],
              [
                107.943208,
                22.505288
              ],
              [
                107.831388,
                22.442214
              ],
              [
                107.740076,
                22.379979
              ],
              [
                107.62417,
                22.285481
              ],
              [
                107.506927,
                22.170222
              ],
              [
                107.404174,
                22.102521
              ],
              [
                107.2001,
                21.994636
              ],
              [
                106.974003,
                21.912585
              ],
              [
                106.826123,
                21.878108
              ],
              [
                106.657278,
                21.855532
              ],
              [
                106.493203,
                21.849234
              ],
              [
                106.312646,
                21.8583
              ],
              [
                106.038414,
                21.899444
              ],
              [
                105.486639,
                22.037491
              ],
              [
                105.403328,
                22.052484
              ],
              [
                105.334084,
                22.056116
              ],
              [
                105.273474,
                22.042705
              ],
              [
                105.196261,
                21.985618
              ],
              [
                105.135963,
                21.913081
              ],
              [
                105.077331,
                21.806186
              ],
              [
                105.039448,
                21.70452
              ],
              [
                105.006554,
                21.572451
              ],
              [
                104.986689,
                21.434877
              ],
              [
                104.979132,
                21.297583
              ],
              [
                104.991928,
                21.085049
              ],
              [
                105.04571,
                20.850829
              ],
              [
                105.061888,
                20.746387
              ],
              [
                105.06642,
                20.551042
              ],
              [
                105.040373,
                20.352472
              ],
              [
                104.947788,
                19.966518
              ],
              [
                104.921382,
                19.816975
              ],
              [
                104.913195,
                19.663321
              ],
              [
                104.93151,
                19.502311
              ],
              [
                104.962504,
                19.389275
              ],
              [
                105.011344,
                19.270549
              ],
              [
                105.186129,
                18.971511
              ],
              [
                105.300664,
                18.753123
              ],
              [
                105.679796,
                17.909901
              ],
              [
                105.791634,
                17.707002
              ],
              [
                106.59184,
                17.678172
              ],
              [
                106.615042,
                17.785413
              ],
              [
                106.542878,
                18.02122
              ],
              [
                106.306312,
                18.196188
              ],
              [
                106.166987,
                18.212227
              ],
              [
                105.887061,
                18.544473
              ],
              [
                105.856243,
                18.700781
              ],
              [
                105.731392,
                18.827171
              ],
              [
                105.678084,
                18.973302
              ],
              [
                105.788235,
                19.09236
              ],
              [
                105.8762,
                19.278244
              ],
              [
                105.875346,
                19.589935
              ],
              [
                105.97553,
                19.731552
              ],
              [
                106.039818,
                19.886833
              ],
              [
                106.233368,
                19.957438
              ],
              [
                106.40587,
                20.118403
              ],
              [
                106.539465,
                20.181095
              ],
              [
                106.701583,
                20.35324
              ],
              [
                106.661211,
                20.545989
              ],
              [
                106.796989,
                20.640287
              ],
              [
                106.818865,
                20.864036
              ],
              [
                106.763635,
                20.956481
              ],
              [
                106.940833,
                20.903349
              ],
              [
                107.110909,
                20.95293
              ],
              [
                107.252915,
                20.911919
              ],
              [
                107.411881,
                20.972642
              ],
              [
                107.435847,
                21.207626
              ],
              [
                107.547787,
                21.269041
              ],
              [
                107.694359,
                21.306425
              ],
              [
                107.833554,
                21.423257
              ],
              [
                108.06607,
                21.468339
              ],
              [
                108.084365,
                21.525814
              ],
              [
                108.24115,
                21.573122
              ],
              [
                108.265232,
                21.550941
              ],
              [
                108.362088,
                21.545642
              ],
              [
                108.415955,
                21.642888
              ],
              [
                108.550887,
                21.670112
              ],
              [
                108.564386,
                21.882487
              ],
              [
                108.69961,
                21.908161
              ],
              [
                108.726689,
                21.771411
              ],
              [
                108.837939,
                21.618597
              ],
              [
                108.914061,
                21.682286
              ],
              [
                109.042142,
                21.606251
              ],
              [
                109.172442,
                21.564748
              ],
              [
                109.209016,
                21.38286
              ],
              [
                109.29621,
                21.433005
              ],
              [
                109.588924,
                21.471014
              ],
              [
                109.555354,
                21.66408
              ],
              [
                109.615809,
                21.671214
              ],
              [
                109.747638,
                21.493766
              ],
              [
                110.022578,
                21.452442
              ],
              [
                109.955196,
                21.355516
              ],
              [
                109.80845,
                21.175011
              ],
              [
                109.732394,
                20.820119
              ],
              [
                109.861325,
                20.777912
              ],
              [
                109.865199,
                20.519361
              ],
              [
                110.06046,
                20.404302
              ],
              [
                109.996714,
                20.364438
              ],
              [
                110.024717,
                20.250108
              ],
              [
                110.380868,
                20.23528
              ],
              [
                110.559757,
                20.378599
              ],
              [
                110.577197,
                20.445288
              ],
              [
                110.423851,
                20.613771
              ],
              [
                110.401339,
                20.772453
              ],
              [
                110.273553,
                20.826356
              ],
              [
                110.23801,
                20.974934
              ],
              [
                110.352791,
                21.068067
              ],
              [
                110.530961,
                21.167502
              ],
              [
                110.650447,
                21.169566
              ],
              [
                110.837937,
                21.369555
              ],
              [
                111.030421,
                21.365494
              ],
              [
                111.122547,
                21.458452
              ],
              [
                111.388107,
                21.449241
              ],
              [
                111.479017,
                21.508584
              ],
              [
                111.63503,
                21.495369
              ],
              [
                111.800861,
                21.582932
              ],
              [
                111.810609,
                21.682583
              ],
              [
                111.9595,
                21.715612
              ],
              [
                112.073734,
                21.76133
              ],
              [
                112.422089,
                21.729645
              ],
              [
                112.468401,
                21.827357
              ],
              [
                112.643887,
                21.766177
              ],
              [
                112.863891,
                21.880753
              ],
              [
                113.056051,
                21.862024
              ],
              [
                113.065808,
                22.125526
              ],
              [
                113.122664,
                22.215135
              ],
              [
                113.262025,
                22.005274
              ],
              [
                113.453855,
                22.190328
              ],
              [
                113.408883,
                22.337806
              ],
              [
                113.529629,
                22.205001
              ],
              [
                113.602796,
                22.210085
              ],
              [
                113.658739,
                22.286978
              ],
              [
                113.656255,
                22.368535
              ],
              [
                113.608129,
                22.538973
              ],
              [
                113.608409,
                22.696077
              ],
              [
                113.574869,
                22.75987
              ],
              [
                113.621572,
                22.84632
              ],
              [
                113.708588,
                22.746079
              ],
              [
                113.8164,
                22.744666
              ],
              [
                113.8501,
                22.633048
              ],
              [
                113.95232,
                22.52402
              ],
              [
                114.0865,
                22.516706
              ],
              [
                114.017619,
                22.362758
              ],
              [
                114.140115,
                22.360814
              ],
              [
                114.350018,
                22.294444
              ],
              [
                114.333176,
                22.37766
              ],
              [
                114.437535,
                22.423683
              ],
              [
                114.299811,
                22.55955
              ],
              [
                114.469151,
                22.601275
              ],
              [
                114.600859,
                22.526204
              ],
              [
                114.635889,
                22.692222
              ],
              [
                114.81547,
                22.750593
              ],
              [
                114.817547,
                22.580334
              ],
              [
                114.97624,
                22.573344
              ],
              [
                115.064544,
                22.676932
              ],
              [
                115.253551,
                22.802425
              ],
              [
                115.400583,
                22.796231
              ],
              [
                115.456003,
                22.75584
              ],
              [
                115.454086,
                22.653401
              ],
              [
                115.587355,
                22.63733
              ],
              [
                115.651252,
                22.822307
              ],
              [
                115.707219,
                22.873192
              ],
              [
                115.886368,
                22.748407
              ],
              [
                116.085402,
                22.84887
              ],
              [
                116.198079,
                22.857188
              ],
              [
                116.358388,
                22.939611
              ],
              [
                116.594364,
                22.942952
              ],
              [
                116.653816,
                23.174929
              ],
              [
                116.859599,
                23.226883
              ],
              [
                116.804526,
                23.348499
              ],
              [
                116.711879,
                23.395965
              ],
              [
                116.995501,
                23.381053
              ],
              [
                117.189869,
                23.434031
              ],
              [
                117.104258,
                23.52612
              ],
              [
                117.207875,
                23.626638
              ],
              [
                117.376656,
                23.592362
              ],
              [
                117.437899,
                23.74379
              ],
              [
                117.568771,
                23.703107
              ],
              [
                117.552859,
                23.910518
              ],
              [
                117.728688,
                23.840776
              ],
              [
                117.759775,
                24.03044
              ],
              [
                117.894576,
                24.011491
              ],
              [
                118.017258,
                24.142912
              ],
              [
                118.129429,
                24.219069
              ],
              [
                118.087588,
                24.339929
              ],
              [
                117.99149,
                24.444375
              ],
              [
                118.193291,
                24.449666
              ],
              [
                118.299109,
                24.549416
              ],
              [
                118.458432,
                24.595892
              ],
              [
                118.666947,
                24.565301
              ],
              [
                118.742947,
                24.633621
              ],
              [
                118.809507,
                24.72749
              ],
              [
                118.720181,
                24.797605
              ],
              [
                118.699388,
                24.893093
              ],
              [
                118.960815,
                24.865568
              ],
              [
                119.023785,
                24.937195
              ],
              [
                118.972543,
                25.071541
              ],
              [
                119.198134,
                25.19839
              ],
              [
                119.315932,
                25.21463
              ],
              [
                119.226635,
                25.35503
              ],
              [
                119.273711,
                25.474705
              ],
              [
                119.377525,
                25.550103
              ],
              [
                119.499792,
                25.451476
              ],
              [
                119.606085,
                25.412213
              ],
              [
                119.646655,
                25.485768
              ],
              [
                119.561734,
                25.648709
              ],
              [
                119.70363,
                25.789378
              ],
              [
                119.659266,
                25.899054
              ],
              [
                119.702997,
                25.9965
              ],
              [
                119.65007,
                26.120393
              ],
              [
                119.745727,
                26.289868
              ],
              [
                119.853237,
                26.377462
              ],
              [
                119.818486,
                26.462949
              ],
              [
                119.65685,
                26.638135
              ],
              [
                119.719152,
                26.755811
              ],
              [
                119.878159,
                26.708234
              ],
              [
                119.917214,
                26.644906
              ],
              [
                119.989025,
                26.81825
              ],
              [
                120.172114,
                26.893897
              ],
              [
                120.259277,
                26.937342
              ],
              [
                120.302629,
                27.092321
              ],
              [
                120.42034,
                27.166663
              ],
              [
                120.343929,
                27.236215
              ],
              [
                120.470416,
                27.215967
              ],
              [
                120.643416,
                27.363009
              ],
              [
                120.663254,
                27.533397
              ],
              [
                120.697881,
                27.632552
              ],
              [
                120.831318,
                27.842017
              ],
              [
                120.940596,
                27.986489
              ],
              [
                121.040486,
                28.029006
              ],
              [
                121.121793,
                28.294508
              ],
              [
                121.286528,
                28.324753
              ],
              [
                121.278563,
                28.093081
              ],
              [
                121.452985,
                28.23938
              ],
              [
                121.641455,
                28.311187
              ],
              [
                121.579978,
                28.520251
              ],
              [
                121.518682,
                28.670232
              ],
              [
                121.68388,
                28.759046
              ],
              [
                121.717886,
                28.916099
              ],
              [
                121.895915,
                29.060249
              ],
              [
                121.874581,
                29.203746
              ],
              [
                121.978421,
                29.255254
              ],
              [
                121.964847,
                29.43356
              ],
              [
                121.998991,
                29.707672
              ],
              [
                121.865445,
                29.531254
              ],
              [
                121.720774,
                29.544151
              ],
              [
                121.950231,
                29.727518
              ],
              [
                122.202208,
                29.836003
              ],
              [
                122.400847,
                29.882546
              ],
              [
                122.400759,
                29.999587
              ],
              [
                122.137755,
                30.150337
              ],
              [
                122.012886,
                30.136952
              ],
              [
                121.900504,
                29.991412
              ],
              [
                121.7606,
                29.968801
              ],
              [
                121.614072,
                30.098624
              ],
              [
                121.414691,
                30.294612
              ],
              [
                121.213065,
                30.304476
              ],
              [
                120.9255,
                30.151932
              ],
              [
                120.785598,
                30.128152
              ],
              [
                120.558691,
                30.19856
              ],
              [
                120.358218,
                30.277341
              ],
              [
                120.330807,
                30.339178
              ],
              [
                120.516911,
                30.392339
              ],
              [
                120.796401,
                30.371386
              ],
              [
                120.962549,
                30.391022
              ],
              [
                121.004115,
                30.524207
              ],
              [
                121.379667,
                30.697127
              ],
              [
                121.646692,
                30.804805
              ],
              [
                121.856905,
                30.956175
              ],
              [
                121.937737,
                31.129048
              ],
              [
                121.782315,
                31.295104
              ],
              [
                121.526591,
                31.431076
              ],
              [
                121.33634,
                31.567382
              ],
              [
                121.253402,
                31.684687
              ],
              [
                120.803644,
                31.826646
              ],
              [
                120.803776,
                31.955033
              ],
              [
                120.611642,
                32.019478
              ],
              [
                120.378487,
                31.961503
              ],
              [
                120.294791,
                31.951163
              ],
              [
                120.412911,
                32.061508
              ],
              [
                120.600409,
                32.103427
              ],
              [
                120.849479,
                32.041684
              ],
              [
                120.919098,
                31.913882
              ],
              [
                121.053843,
                31.84499
              ],
              [
                121.306725,
                31.804632
              ],
              [
                121.487208,
                31.752366
              ],
              [
                121.65259,
                31.632916
              ],
              [
                121.883654,
                31.558638
              ],
              [
                122.006384,
                31.561306
              ],
              [
                122.062735,
                31.622716
              ],
              [
                121.95521,
                31.815623
              ],
              [
                121.724359,
                32.076359
              ],
              [
                121.484881,
                32.173135
              ],
              [
                121.440904,
                32.414284
              ],
              [
                121.216652,
                32.530999
              ],
              [
                120.962382,
                32.630244
              ],
              [
                120.879892,
                32.700845
              ],
              [
                120.953124,
                32.841025
              ],
              [
                120.916705,
                32.99828
              ],
              [
                120.678077,
                33.443483
              ],
              [
                120.535603,
                33.756559
              ],
              [
                120.362845,
                34.202183
              ],
              [
                120.251546,
                34.335451
              ],
              [
                119.614708,
                34.601751
              ],
              [
                119.513625,
                34.73265
              ],
              [
                119.219174,
                34.819668
              ],
              [
                119.232942,
                35.027907
              ],
              [
                119.394246,
                35.120779
              ],
              [
                119.461124,
                35.310157
              ],
              [
                119.564531,
                35.400851
              ],
              [
                119.723062,
                35.610462
              ],
              [
                119.913484,
                35.631074
              ],
              [
                119.978514,
                35.737059
              ],
              [
                120.101807,
                35.906728
              ],
              [
                120.26337,
                35.987241
              ],
              [
                120.138748,
                36.1449
              ],
              [
                120.236667,
                36.201449
              ],
              [
                120.364419,
                36.123934
              ],
              [
                120.541089,
                36.075132
              ],
              [
                120.722532,
                36.176755
              ],
              [
                120.769211,
                36.449581
              ],
              [
                120.880528,
                36.561431
              ],
              [
                121.012426,
                36.564869
              ],
              [
                121.304962,
                36.695397
              ],
              [
                121.511338,
                36.769308
              ],
              [
                121.784406,
                36.878807
              ],
              [
                121.960585,
                37.003002
              ],
              [
                122.110307,
                36.956393
              ],
              [
                122.193546,
                37.00104
              ],
              [
                122.321283,
                36.865137
              ],
              [
                122.531409,
                36.947105
              ],
              [
                122.49829,
                37.105676
              ],
              [
                122.581802,
                37.207903
              ],
              [
                122.618573,
                37.413035
              ],
              [
                122.44857,
                37.49804
              ],
              [
                122.276086,
                37.45605
              ],
              [
                122.108357,
                37.551719
              ],
              [
                121.802468,
                37.506802
              ],
              [
                121.554495,
                37.450969
              ],
              [
                121.436894,
                37.514936
              ],
              [
                121.359799,
                37.620258
              ],
              [
                121.226169,
                37.617186
              ],
              [
                121.013699,
                37.77687
              ],
              [
                120.843823,
                37.870836
              ],
              [
                120.599004,
                37.837121
              ],
              [
                120.324328,
                37.72519
              ],
              [
                120.24183,
                37.549818
              ],
              [
                119.945525,
                37.405781
              ],
              [
                119.862065,
                37.220324
              ],
              [
                119.643921,
                37.086476
              ],
              [
                119.254812,
                37.175184
              ],
              [
                118.974455,
                37.304333
              ],
              [
                119.020111,
                37.739142
              ],
              [
                118.866869,
                37.922717
              ],
              [
                118.604958,
                38.013721
              ],
              [
                118.453027,
                38.137612
              ],
              [
                118.285538,
                38.111282
              ],
              [
                118.081245,
                38.044861
              ],
              [
                117.72878,
                38.35402
              ],
              [
                117.614689,
                38.609451
              ],
              [
                117.64205,
                38.906588
              ],
              [
                117.780027,
                39.087573
              ],
              [
                118.038716,
                39.183852
              ],
              [
                118.172995,
                39.190453
              ],
              [
                118.362472,
                39.085661
              ],
              [
                118.518108,
                39.125039
              ],
              [
                118.622342,
                39.192176
              ],
              [
                118.825915,
                39.166499
              ],
              [
                118.921958,
                39.201532
              ],
              [
                118.990836,
                39.168371
              ],
              [
                119.081677,
                39.388729
              ],
              [
                119.197221,
                39.582909
              ],
              [
                119.401883,
                39.763975
              ],
              [
                119.563321,
                39.811571
              ],
              [
                119.585615,
                39.913173
              ],
              [
                119.92687,
                40.018254
              ],
              [
                120.32579,
                40.173432
              ],
              [
                120.522929,
                40.238055
              ],
              [
                120.590132,
                40.460912
              ],
              [
                120.867139,
                40.665963
              ],
              [
                120.972773,
                40.719923
              ],
              [
                121.037225,
                40.861293
              ],
              [
                121.25172,
                40.924059
              ],
              [
                121.549621,
                40.892775
              ],
              [
                121.645899,
                40.93041
              ],
              [
                121.75259,
                40.983991
              ],
              [
                121.827109,
                41.031482
              ],
              [
                121.906826,
                41.095814
              ],
              [
                121.971735,
                41.164756
              ],
              [
                122.021952,
                41.237327
              ],
              [
                122.057585,
                41.312544
              ],
              [
                122.081242,
                41.404904
              ],
              [
                122.085155,
                41.482454
              ],
              [
                122.071039,
                41.574723
              ],
              [
                122.043719,
                41.649779
              ],
              [
                122.002368,
                41.722094
              ],
              [
                121.947096,
                41.79066
              ],
              [
                121.878021,
                41.854464
              ],
              [
                121.795269,
                41.912491
              ],
              [
                121.698977,
                41.96372
              ],
              [
                121.589294,
                42.007131
              ],
              [
                121.492016,
                42.03554
              ],
              [
                121.358652,
                42.062288
              ],
              [
                121.237662,
                42.076428
              ],
              [
                121.036902,
                42.082244
              ]
            ],
            [
              [
                118.627031,
                33.132224
              ],
              [
                118.583269,
                33.046113
              ],
              [
                118.474377,
                33.124055
              ],
              [
                118.448906,
                33.207985
              ],
              [
                118.504614,
                33.321295
              ],
              [
                118.63993,
                33.30881
              ],
              [
                118.71211,
                33.362305
              ],
              [
                118.673058,
                33.482669
              ],
              [
                118.801299,
                33.396185
              ],
              [
                118.897028,
                33.285232
              ],
              [
                118.837824,
                33.120726
              ],
              [
                118.751853,
                33.138254
              ],
              [
                118.627031,
                33.132224
              ]
            ],
            [
              [
                120.180611,
                31.077911
              ],
              [
                120.119321,
                31.173639
              ],
              [
                120.146624,
                31.440329
              ],
              [
                120.217028,
                31.487293
              ],
              [
                120.344255,
                31.416024
              ],
              [
                120.400458,
                31.263285
              ],
              [
                120.472981,
                31.125277
              ],
              [
                120.386619,
                31.000268
              ],
              [
                120.28772,
                31.0097
              ],
              [
                120.180611,
                31.077911
              ]
            ]
          ],
          [
            [
              [
                110.485486,
                20.001456
              ],
              [
                110.176242,
                19.984189
              ],
              [
                110.128327,
                19.918402
              ],
              [
                109.976607,
                19.897405
              ],
              [
                109.73806,
                19.952805
              ],
              [
                109.678979,
                19.949917
              ],
              [
                109.594041,
                19.915511
              ],
              [
                109.588268,
                19.837001
              ],
              [
                109.520247,
                19.811108
              ],
              [
                109.337937,
                19.830014
              ],
              [
                109.234143,
                19.774444
              ],
              [
                109.227936,
                19.685412
              ],
              [
                109.340334,
                19.67053
              ],
              [
                109.336824,
                19.665886
              ],
              [
                109.342403,
                19.66512
              ],
              [
                109.271109,
                19.568812
              ],
              [
                109.143468,
                19.545167
              ],
              [
                108.772324,
                19.333198
              ],
              [
                108.708057,
                19.219721
              ],
              [
                108.733062,
                19.109267
              ],
              [
                108.68591,
                19.010037
              ],
              [
                108.713082,
                18.79762
              ],
              [
                108.762499,
                18.662494
              ],
              [
                108.783698,
                18.4741
              ],
              [
                109.210796,
                18.260522
              ],
              [
                109.491042,
                18.257245
              ],
              [
                109.581279,
                18.165949
              ],
              [
                109.787626,
                18.181983
              ],
              [
                109.799202,
                18.336544
              ],
              [
                109.964925,
                18.364734
              ],
              [
                110.112437,
                18.362355
              ],
              [
                110.127726,
                18.446564
              ],
              [
                110.306039,
                18.62759
              ],
              [
                110.405639,
                18.620124
              ],
              [
                110.514951,
                18.660051
              ],
              [
                110.629585,
                19.12719
              ],
              [
                110.772769,
                19.367516
              ],
              [
                110.910577,
                19.521195
              ],
              [
                111.03387,
                19.605397
              ],
              [
                111.023542,
                19.754385
              ],
              [
                110.971502,
                19.931756
              ],
              [
                110.985206,
                20.087319
              ],
              [
                110.919872,
                20.116113
              ],
              [
                110.68925,
                20.041312
              ],
              [
                110.485486,
                20.001456
              ]
            ]
          ]
        ]
      },
      "properties": {
        "id": "sui-610-partial-administration",
        "entityId": "sui",
        "regionIds": [
          "china-core",
          "southeast-asia"
        ],
        "validity": {
          "start": {
            "earliest": "0610-01-01",
            "latest": "0610-01-01"
          },
          "endExclusive": {
            "earliest": "0611-01-01",
            "latest": "0611-01-01"
          },
          "precision": "year",
          "label": "约610年图幅 · 隋朝行政参考（部分范围；西部未录入，不代表全年实控）"
        },
        "temporalSupport": "snapshot",
        "snapshotYear": 610,
        "relation": "administration",
        "spatialPrecision": "disputed",
        "interpretationId": "yug-610-partial-administration",
        "evidence": [
          {
            "sourceId": "commons-china-610",
            "locator": "SVG Sui ~610；linearGradient7461、linearGradient8438；Commons Summary西部blur说明",
            "note": "仅编制两条渐隐梯度均完全不透明的部分，并限制在原画布；不补齐模糊西部，不把资料裁切线作为历史国界。"
          },
          {
            "sourceId": "natural-earth-registration-lakes",
            "locator": "六个拟合湖泊、四个独立检验湖泊；data/registration/sui-610.json",
            "note": "只用于近似配准现代自然地理，不提供隋朝历史疆界。"
          }
        ],
        "review": {
          "status": "verified",
          "reviewerKind": "agent",
          "reviewer": "Codex（来源图幅一致性复核，非历史专家审定）",
          "checkedAt": "2026-10-05",
          "evidence": [
            {
              "sourceId": "commons-china-610",
              "locator": "SVG Sui ~610；linearGradient7461、linearGradient8438；Commons Summary西部blur说明",
              "note": "仅编制两条渐隐梯度均完全不透明的部分，并限制在原画布；不补齐模糊西部，不把资料裁切线作为历史国界。"
            },
            {
              "sourceId": "natural-earth-registration-lakes",
              "locator": "六个拟合湖泊、四个独立检验湖泊；data/registration/sui-610.json",
              "note": "只用于近似配准现代自然地理，不提供隋朝历史疆界。"
            }
          ]
        },
        "compilation": {
          "method": "原SVG M/L/C/Z显式解析；贝塞尔曲线按控制折线长度以不大于0.5px步长采样，直线2px步长；原图陆地与湖泊遮罩、0.1px保拓扑简化；仅保留填充与描边渐隐梯度的完全不透明侧，裁切画布；LCC23/45六参数仿射配准；边线来自裁切前轮廓，独立保存以排除人工裁切闭合线。",
          "sourceScale": null,
          "controlPoints": [
            [
              75.60486474487841,
              46.293999281742934
            ],
            [
              77.2717694322597,
              42.443675125013336
            ],
            [
              100.20433043045253,
              36.881116037183446
            ],
            [
              132.3903323708941,
              44.985999477910234
            ],
            [
              100.47905089635447,
              51.083946174389915
            ],
            [
              117.42480223631392,
              48.95548762046886
            ]
          ],
          "errorNote": "部分来源范围：西部渐隐区域与画布外范围未录入，资料裁切边缘不绘制国界。四个独立检验点最大配准残差约47.2公里（其中斋桑湖偏差较大）；不是全图误差上限或历史边界精度。约610年行政参考，不代表全年实控；所据原书图幅及周边政权未完成专家核对。",
          "extent": "partial-source",
          "boundaryGeometry": {
            "type": "MultiLineString",
            "coordinates": [
              [
                [
                  121.237662,
                  42.076428
                ],
                [
                  121.036902,
                  42.082244
                ],
                [
                  120.844878,
                  42.070405
                ],
                [
                  120.637938,
                  42.041333
                ],
                [
                  120.416459,
                  41.99365
                ],
                [
                  120.180848,
                  41.925976
                ],
                [
                  120.06739,
                  41.840553
                ],
                [
                  119.972535,
                  41.756505
                ],
                [
                  119.884977,
                  41.662365
                ],
                [
                  119.810384,
                  41.559198
                ],
                [
                  119.758066,
                  41.45926
                ],
                [
                  119.722239,
                  41.352399
                ],
                [
                  119.705008,
                  41.240426
                ],
                [
                  119.706267,
                  41.125562
                ],
                [
                  119.723033,
                  41.010505
                ],
                [
                  119.772385,
                  40.79345
                ],
                [
                  119.779121,
                  40.715957
                ],
                [
                  119.755839,
                  40.639253
                ],
                [
                  119.730721,
                  40.612564
                ],
                [
                  119.694496,
                  40.59025
                ],
                [
                  119.629322,
                  40.568195
                ],
                [
                  119.540431,
                  40.553846
                ],
                [
                  119.279367,
                  40.549209
                ],
                [
                  118.912533,
                  40.575435
                ],
                [
                  118.407549,
                  40.632232
                ],
                [
                  118.218535,
                  40.544483
                ],
                [
                  118.029718,
                  40.469011
                ],
                [
                  117.878386,
                  40.422988
                ],
                [
                  117.74377,
                  40.402075
                ],
                [
                  117.671951,
                  40.405939
                ],
                [
                  117.617845,
                  40.423235
                ],
                [
                  117.579218,
                  40.451977
                ],
                [
                  117.550169,
                  40.498766
                ],
                [
                  117.53639,
                  40.555705
                ],
                [
                  117.534068,
                  40.619326
                ],
                [
                  117.562778,
                  40.871281
                ],
                [
                  117.315364,
                  40.926916
                ],
                [
                  117.13856,
                  40.98959
                ],
                [
                  117.086028,
                  41.021498
                ],
                [
                  117.055516,
                  41.05185
                ],
                [
                  117.022387,
                  41.141875
                ],
                [
                  117.001722,
                  41.169323
                ],
                [
                  116.958153,
                  41.194646
                ],
                [
                  116.894044,
                  41.214631
                ],
                [
                  116.66214,
                  41.249588
                ],
                [
                  116.303862,
                  41.205451
                ],
                [
                  116.184942,
                  41.206557
                ],
                [
                  116.110392,
                  41.222107
                ],
                [
                  116.049094,
                  41.252809
                ],
                [
                  115.996392,
                  41.300602
                ],
                [
                  115.898125,
                  41.455152
                ],
                [
                  115.793071,
                  41.473131
                ],
                [
                  115.676772,
                  41.476925
                ],
                [
                  115.586957,
                  41.460709
                ],
                [
                  115.513151,
                  41.429886
                ],
                [
                  115.310299,
                  41.315045
                ],
                [
                  115.220965,
                  41.28174
                ],
                [
                  115.128824,
                  41.259312
                ],
                [
                  114.909504,
                  41.237529
                ],
                [
                  114.602179,
                  41.248917
                ],
                [
                  113.938001,
                  40.836389
                ],
                [
                  113.808789,
                  40.770906
                ],
                [
                  113.699139,
                  40.731988
                ],
                [
                  113.583514,
                  40.709721
                ],
                [
                  113.477815,
                  40.704392
                ],
                [
                  113.359521,
                  40.711503
                ],
                [
                  113.224776,
                  40.731426
                ],
                [
                  112.983416,
                  40.660288
                ],
                [
                  112.878726,
                  40.642193
                ],
                [
                  112.767104,
                  40.633756
                ],
                [
                  112.650164,
                  40.638535
                ],
                [
                  112.527472,
                  40.658942
                ],
                [
                  112.408826,
                  40.69139
                ],
                [
                  112.101389,
                  40.796142
                ],
                [
                  111.936964,
                  40.843462
                ],
                [
                  111.746592,
                  40.882703
                ],
                [
                  111.546907,
                  40.906399
                ],
                [
                  111.314787,
                  40.914723
                ],
                [
                  111.076944,
                  40.905771
                ],
                [
                  110.805641,
                  40.878259
                ],
                [
                  110.538006,
                  40.836523
                ],
                [
                  110.404515,
                  40.828635
                ],
                [
                  110.187996,
                  40.828227
                ],
                [
                  109.964432,
                  40.846059
                ],
                [
                  109.739026,
                  40.885259
                ],
                [
                  109.515021,
                  40.946667
                ],
                [
                  109.312201,
                  41.02012
                ],
                [
                  108.817272,
                  41.223481
                ],
                [
                  108.689767,
                  41.265024
                ],
                [
                  108.558129,
                  41.297183
                ],
                [
                  108.399719,
                  41.319289
                ],
                [
                  108.229603,
                  41.322232
                ],
                [
                  108.068553,
                  41.306167
                ],
                [
                  107.900278,
                  41.270056
                ],
                [
                  107.849363,
                  41.240373
                ],
                [
                  107.793794,
                  41.192743
                ],
                [
                  107.684062,
                  41.055377
                ],
                [
                  107.610564,
                  40.907668
                ],
                [
                  107.577003,
                  40.76139
                ],
                [
                  107.584027,
                  40.64224
                ],
                [
                  107.630529,
                  40.530299
                ],
                [
                  107.711345,
                  40.441886
                ],
                [
                  107.817072,
                  40.376646
                ],
                [
                  107.936673,
                  40.332014
                ],
                [
                  108.085532,
                  40.299684
                ],
                [
                  108.266061,
                  40.281407
                ],
                [
                  108.480719,
                  40.278898
                ],
                [
                  108.601631,
                  40.284081
                ],
                [
                  108.950217,
                  40.374086
                ],
                [
                  109.299958,
                  40.430264
                ],
                [
                  109.61709,
                  40.447348
                ],
                [
                  109.761544,
                  40.442251
                ],
                [
                  109.895605,
                  40.428606
                ],
                [
                  110.018546,
                  40.406823
                ],
                [
                  110.144515,
                  40.37249
                ],
                [
                  110.253972,
                  40.328671
                ],
                [
                  110.34588,
                  40.275973
                ],
                [
                  110.419223,
                  40.214999
                ],
                [
                  110.467382,
                  40.155328
                ],
                [
                  110.503231,
                  40.080441
                ],
                [
                  110.51708,
                  40.009499
                ],
                [
                  110.507177,
                  39.900179
                ],
                [
                  110.467046,
                  39.794583
                ],
                [
                  110.38611,
                  39.670228
                ],
                [
                  110.279138,
                  39.552813
                ],
                [
                  110.138506,
                  39.430944
                ],
                [
                  109.984222,
                  39.319441
                ],
                [
                  109.776574,
                  39.191032
                ],
                [
                  109.560739,
                  39.07474
                ],
                [
                  109.431457,
                  38.778465
                ],
                [
                  109.176204,
                  38.080119
                ],
                [
                  109.095906,
                  37.91956
                ],
                [
                  108.998921,
                  37.781479
                ],
                [
                  108.877974,
                  37.668648
                ],
                [
                  108.806237,
                  37.622558
                ],
                [
                  108.725774,
                  37.583802
                ],
                [
                  108.635663,
                  37.552712
                ],
                [
                  108.534982,
                  37.529617
                ],
                [
                  108.32414,
                  37.509215
                ],
                [
                  108.142055,
                  37.512892
                ],
                [
                  108.013669,
                  37.53057
                ],
                [
                  107.884085,
                  37.567878
                ],
                [
                  107.772369,
                  37.62097
                ],
                [
                  107.68776,
                  37.677289
                ],
                [
                  107.598484,
                  37.753547
                ],
                [
                  107.209516,
                  38.182674
                ],
                [
                  107.103895,
                  38.279687
                ],
                [
                  106.981992,
                  38.372585
                ],
                [
                  106.817507,
                  38.470604
                ],
                [
                  106.646998,
                  38.546488
                ],
                [
                  106.429453,
                  38.615121
                ],
                [
                  106.295797,
                  38.634796
                ],
                [
                  106.20648,
                  38.631236
                ],
                [
                  106.112577,
                  38.609435
                ],
                [
                  106.028164,
                  38.570872
                ],
                [
                  105.941131,
                  38.509286
                ],
                [
                  105.805595,
                  38.366714
                ],
                [
                  105.558917,
                  38.028188
                ],
                [
                  105.434635,
                  37.878909
                ],
                [
                  105.288972,
                  37.746919
                ],
                [
                  105.205382,
                  37.691047
                ],
                [
                  105.129167,
                  37.651059
                ],
                [
                  105.028878,
                  37.612212
                ],
                [
                  104.937179,
                  37.588431
                ],
                [
                  104.816407,
                  37.571448
                ],
                [
                  104.706034,
                  37.567893
                ],
                [
                  104.560896,
                  37.57757
                ],
                [
                  104.419195,
                  37.600026
                ],
                [
                  104.281912,
                  37.632458
                ],
                [
                  104.15876,
                  37.671787
                ],
                [
                  103.997399,
                  37.741238
                ],
                [
                  103.85983,
                  37.819814
                ],
                [
                  103.705189,
                  37.932058
                ],
                [
                  103.392817,
                  38.192402
                ],
                [
                  103.316194,
                  38.240394
                ],
                [
                  103.191292,
                  38.300731
                ],
                [
                  103.104142,
                  38.333234
                ],
                [
                  103.000224,
                  38.359767
                ],
                [
                  102.56404,
                  38.424263
                ],
                [
                  102.34883,
                  38.471586
                ],
                [
                  102.133865,
                  38.546784
                ],
                [
                  101.921615,
                  38.653924
                ],
                [
                  101.693354,
                  38.808089
                ],
                [
                  101.554301,
                  38.927805
                ]
              ],
              [
                [
                  100.933957,
                  37.553269
                ],
                [
                  100.936212,
                  37.551927
                ],
                [
                  101.042242,
                  37.473907
                ],
                [
                  101.130852,
                  37.390663
                ],
                [
                  101.192696,
                  37.314846
                ],
                [
                  101.260598,
                  37.192797
                ],
                [
                  101.295449,
                  37.075287
                ],
                [
                  101.305397,
                  36.932107
                ],
                [
                  101.287232,
                  36.803664
                ],
                [
                  101.254499,
                  36.726742
                ],
                [
                  101.199216,
                  36.653674
                ],
                [
                  101.14111,
                  36.600466
                ],
                [
                  100.921445,
                  36.429614
                ],
                [
                  100.861007,
                  36.363962
                ],
                [
                  100.809214,
                  36.284138
                ],
                [
                  100.769501,
                  36.185913
                ],
                [
                  100.745282,
                  36.065058
                ],
                [
                  100.739931,
                  35.91734
                ],
                [
                  100.752284,
                  35.770661
                ],
                [
                  100.842225,
                  35.686297
                ],
                [
                  100.94044,
                  35.617198
                ],
                [
                  101.045755,
                  35.561463
                ],
                [
                  101.171261,
                  35.512368
                ],
                [
                  101.302594,
                  35.475081
                ],
                [
                  101.453311,
                  35.444221
                ],
                [
                  102.002128,
                  35.369384
                ],
                [
                  102.215172,
                  35.326482
                ],
                [
                  102.32066,
                  35.294193
                ],
                [
                  102.41887,
                  35.252961
                ],
                [
                  102.508546,
                  35.200932
                ],
                [
                  102.579025,
                  35.145095
                ],
                [
                  102.649323,
                  35.067833
                ],
                [
                  102.707495,
                  34.974452
                ],
                [
                  102.752315,
                  34.8631
                ],
                [
                  102.779626,
                  34.749467
                ],
                [
                  102.794991,
                  34.61941
                ],
                [
                  102.797632,
                  34.47168
                ],
                [
                  102.786791,
                  34.305027
                ],
                [
                  102.761734,
                  34.118194
                ],
                [
                  103.045282,
                  33.912466
                ],
                [
                  103.280949,
                  33.725578
                ],
                [
                  103.511734,
                  33.522596
                ],
                [
                  103.692088,
                  33.342591
                ],
                [
                  103.841014,
                  33.168959
                ],
                [
                  103.955272,
                  33.003691
                ],
                [
                  104.031637,
                  32.848763
                ],
                [
                  104.065306,
                  32.719783
                ],
                [
                  104.066966,
                  32.627243
                ],
                [
                  104.05038,
                  32.55388
                ],
                [
                  104.016428,
                  32.486435
                ],
                [
                  103.964399,
                  32.425299
                ],
                [
                  103.879896,
                  32.362456
                ],
                [
                  103.391983,
                  32.086531
                ],
                [
                  103.155347,
                  31.921471
                ],
                [
                  103.050285,
                  31.82902
                ],
                [
                  102.971175,
                  31.740348
                ],
                [
                  102.913961,
                  31.652793
                ],
                [
                  102.870751,
                  31.552287
                ],
                [
                  102.835051,
                  31.382955
                ],
                [
                  102.792874,
                  30.865139
                ],
                [
                  102.737076,
                  30.52184
                ],
                [
                  102.703735,
                  30.155086
                ],
                [
                  102.674966,
                  29.995563
                ],
                [
                  102.627034,
                  29.86228
                ],
                [
                  102.558758,
                  29.741123
                ],
                [
                  102.458221,
                  29.606203
                ],
                [
                  102.3182,
                  29.448377
                ],
                [
                  102.385427,
                  29.33043
                ],
                [
                  102.439567,
                  29.201078
                ],
                [
                  102.471274,
                  29.080008
                ],
                [
                  102.484425,
                  28.966566
                ],
                [
                  102.48287,
                  28.860088
                ],
                [
                  102.470431,
                  28.759904
                ],
                [
                  102.382019,
                  28.374612
                ],
                [
                  102.380264,
                  28.242688
                ],
                [
                  102.39966,
                  28.168026
                ],
                [
                  102.431773,
                  28.104738
                ],
                [
                  102.480637,
                  28.041649
                ],
                [
                  102.535827,
                  27.988907
                ],
                [
                  102.637887,
                  27.91428
                ],
                [
                  102.772181,
                  27.838051
                ],
                [
                  102.924798,
                  27.792914
                ],
                [
                  103.183306,
                  27.69105
                ],
                [
                  103.261744,
                  27.673074
                ],
                [
                  103.330537,
                  27.669728
                ],
                [
                  103.438158,
                  27.688031
                ],
                [
                  103.566506,
                  27.739553
                ],
                [
                  103.723998,
                  27.831332
                ],
                [
                  103.888675,
                  27.94734
                ],
                [
                  104.024567,
                  28.008731
                ],
                [
                  104.105371,
                  28.030253
                ],
                [
                  104.208935,
                  28.044209
                ],
                [
                  104.314698,
                  28.044678
                ],
                [
                  104.421973,
                  28.032625
                ],
                [
                  104.530076,
                  28.009017
                ],
                [
                  104.638326,
                  27.974827
                ],
                [
                  104.74605,
                  27.931028
                ],
                [
                  104.873682,
                  27.867161
                ],
                [
                  105.099427,
                  27.723408
                ],
                [
                  105.326624,
                  27.537728
                ],
                [
                  106.689618,
                  27.815661
                ],
                [
                  107.259639,
                  27.918014
                ],
                [
                  107.412857,
                  27.851127
                ],
                [
                  107.745846,
                  27.680549
                ],
                [
                  107.889522,
                  27.617088
                ],
                [
                  108.081895,
                  27.558899
                ],
                [
                  108.285271,
                  27.526304
                ],
                [
                  108.564196,
                  27.512775
                ],
                [
                  108.922939,
                  27.525467
                ],
                [
                  109.381059,
                  27.56767
                ],
                [
                  109.909295,
                  27.635208
                ],
                [
                  110.108979,
                  27.450453
                ],
                [
                  110.247506,
                  27.297389
                ],
                [
                  110.352842,
                  27.151092
                ],
                [
                  110.435765,
                  26.990075
                ],
                [
                  110.477055,
                  26.864248
                ],
                [
                  110.502395,
                  26.71636
                ],
                [
                  110.507494,
                  26.560573
                ],
                [
                  110.492999,
                  26.371262
                ],
                [
                  110.197238,
                  25.995625
                ],
                [
                  109.993073,
                  25.693229
                ],
                [
                  109.920477,
                  25.565261
                ],
                [
                  109.859207,
                  25.436988
                ],
                [
                  109.81701,
                  25.322962
                ],
                [
                  109.791294,
                  25.220712
                ],
                [
                  109.778513,
                  25.108121
                ],
                [
                  109.782841,
                  24.995817
                ],
                [
                  109.865255,
                  24.595035
                ],
                [
                  109.884818,
                  24.395756
                ],
                [
                  109.873824,
                  24.164454
                ],
                [
                  109.82524,
                  23.896547
                ],
                [
                  109.780065,
                  23.853345
                ],
                [
                  109.721217,
                  23.815603
                ],
                [
                  109.33082,
                  23.640921
                ],
                [
                  109.2193,
                  23.5764
                ],
                [
                  109.133969,
                  23.513319
                ],
                [
                  109.079466,
                  23.372529
                ],
                [
                  109.046403,
                  23.26087
                ],
                [
                  109.025722,
                  23.127674
                ],
                [
                  109.032699,
                  22.977506
                ],
                [
                  109.020948,
                  22.944349
                ],
                [
                  108.989524,
                  22.906417
                ],
                [
                  108.785257,
                  22.751841
                ],
                [
                  108.709027,
                  22.713348
                ],
                [
                  108.602076,
                  22.684338
                ],
                [
                  108.217465,
                  22.609044
                ],
                [
                  108.073135,
                  22.562522
                ],
                [
                  107.943208,
                  22.505288
                ],
                [
                  107.831388,
                  22.442214
                ],
                [
                  107.740076,
                  22.379979
                ],
                [
                  107.62417,
                  22.285481
                ],
                [
                  107.506927,
                  22.170222
                ],
                [
                  107.404174,
                  22.102521
                ],
                [
                  107.2001,
                  21.994636
                ],
                [
                  106.974003,
                  21.912585
                ],
                [
                  106.826123,
                  21.878108
                ],
                [
                  106.657278,
                  21.855532
                ],
                [
                  106.493203,
                  21.849234
                ],
                [
                  106.312646,
                  21.8583
                ],
                [
                  106.038414,
                  21.899444
                ],
                [
                  105.486639,
                  22.037491
                ],
                [
                  105.403328,
                  22.052484
                ],
                [
                  105.334084,
                  22.056116
                ],
                [
                  105.273474,
                  22.042705
                ],
                [
                  105.196261,
                  21.985618
                ],
                [
                  105.135963,
                  21.913081
                ],
                [
                  105.077331,
                  21.806186
                ],
                [
                  105.039448,
                  21.70452
                ],
                [
                  105.006554,
                  21.572451
                ],
                [
                  104.986689,
                  21.434877
                ],
                [
                  104.979132,
                  21.297583
                ],
                [
                  104.991928,
                  21.085049
                ],
                [
                  105.04571,
                  20.850829
                ],
                [
                  105.061888,
                  20.746387
                ],
                [
                  105.06642,
                  20.551042
                ],
                [
                  105.040373,
                  20.352472
                ],
                [
                  104.947788,
                  19.966518
                ],
                [
                  104.921382,
                  19.816975
                ],
                [
                  104.913195,
                  19.663321
                ],
                [
                  104.93151,
                  19.502311
                ],
                [
                  104.962504,
                  19.389275
                ],
                [
                  105.011344,
                  19.270549
                ],
                [
                  105.186129,
                  18.971511
                ],
                [
                  105.300664,
                  18.753123
                ],
                [
                  105.679796,
                  17.909901
                ],
                [
                  105.791634,
                  17.707002
                ]
              ],
              [
                [
                  106.59184,
                  17.678172
                ],
                [
                  106.615042,
                  17.785413
                ],
                [
                  106.542878,
                  18.02122
                ],
                [
                  106.306312,
                  18.196188
                ],
                [
                  106.166987,
                  18.212227
                ],
                [
                  105.887061,
                  18.544473
                ],
                [
                  105.856243,
                  18.700781
                ],
                [
                  105.731392,
                  18.827171
                ],
                [
                  105.678084,
                  18.973302
                ],
                [
                  105.788235,
                  19.09236
                ],
                [
                  105.8762,
                  19.278244
                ],
                [
                  105.875346,
                  19.589935
                ],
                [
                  105.97553,
                  19.731552
                ],
                [
                  106.039818,
                  19.886833
                ],
                [
                  106.233368,
                  19.957438
                ],
                [
                  106.40587,
                  20.118403
                ],
                [
                  106.539465,
                  20.181095
                ],
                [
                  106.701583,
                  20.35324
                ],
                [
                  106.661211,
                  20.545989
                ],
                [
                  106.796989,
                  20.640287
                ],
                [
                  106.818865,
                  20.864036
                ],
                [
                  106.763635,
                  20.956481
                ],
                [
                  106.940833,
                  20.903349
                ],
                [
                  107.110909,
                  20.95293
                ],
                [
                  107.252915,
                  20.911919
                ],
                [
                  107.411881,
                  20.972642
                ],
                [
                  107.435847,
                  21.207626
                ],
                [
                  107.547787,
                  21.269041
                ],
                [
                  107.694359,
                  21.306425
                ],
                [
                  107.833554,
                  21.423257
                ],
                [
                  108.06607,
                  21.468339
                ],
                [
                  108.084365,
                  21.525814
                ],
                [
                  108.24115,
                  21.573122
                ],
                [
                  108.265232,
                  21.550941
                ],
                [
                  108.362088,
                  21.545642
                ],
                [
                  108.415955,
                  21.642888
                ],
                [
                  108.550887,
                  21.670112
                ],
                [
                  108.564386,
                  21.882487
                ],
                [
                  108.69961,
                  21.908161
                ],
                [
                  108.726689,
                  21.771411
                ],
                [
                  108.837939,
                  21.618597
                ],
                [
                  108.914061,
                  21.682286
                ],
                [
                  109.042142,
                  21.606251
                ],
                [
                  109.172442,
                  21.564748
                ],
                [
                  109.209016,
                  21.38286
                ],
                [
                  109.29621,
                  21.433005
                ],
                [
                  109.588924,
                  21.471014
                ],
                [
                  109.555354,
                  21.66408
                ],
                [
                  109.615809,
                  21.671214
                ],
                [
                  109.747638,
                  21.493766
                ],
                [
                  110.022578,
                  21.452442
                ],
                [
                  109.955196,
                  21.355516
                ],
                [
                  109.80845,
                  21.175011
                ],
                [
                  109.732394,
                  20.820119
                ],
                [
                  109.861325,
                  20.777912
                ],
                [
                  109.865199,
                  20.519361
                ],
                [
                  110.06046,
                  20.404302
                ],
                [
                  109.996714,
                  20.364438
                ],
                [
                  110.024717,
                  20.250108
                ],
                [
                  110.380868,
                  20.23528
                ],
                [
                  110.559757,
                  20.378599
                ],
                [
                  110.577197,
                  20.445288
                ],
                [
                  110.423851,
                  20.613771
                ],
                [
                  110.401339,
                  20.772453
                ],
                [
                  110.273553,
                  20.826356
                ],
                [
                  110.23801,
                  20.974934
                ],
                [
                  110.352791,
                  21.068067
                ],
                [
                  110.530961,
                  21.167502
                ],
                [
                  110.650447,
                  21.169566
                ],
                [
                  110.837937,
                  21.369555
                ],
                [
                  111.030421,
                  21.365494
                ],
                [
                  111.122547,
                  21.458452
                ],
                [
                  111.388107,
                  21.449241
                ],
                [
                  111.479017,
                  21.508584
                ],
                [
                  111.63503,
                  21.495369
                ],
                [
                  111.800861,
                  21.582932
                ],
                [
                  111.810609,
                  21.682583
                ],
                [
                  111.9595,
                  21.715612
                ],
                [
                  112.073734,
                  21.76133
                ],
                [
                  112.422089,
                  21.729645
                ],
                [
                  112.468401,
                  21.827357
                ],
                [
                  112.643887,
                  21.766177
                ],
                [
                  112.863891,
                  21.880753
                ],
                [
                  113.056051,
                  21.862024
                ],
                [
                  113.065808,
                  22.125526
                ],
                [
                  113.122664,
                  22.215135
                ],
                [
                  113.262025,
                  22.005274
                ],
                [
                  113.453855,
                  22.190328
                ],
                [
                  113.408883,
                  22.337806
                ],
                [
                  113.529629,
                  22.205001
                ],
                [
                  113.602796,
                  22.210085
                ],
                [
                  113.658739,
                  22.286978
                ],
                [
                  113.656255,
                  22.368535
                ],
                [
                  113.608129,
                  22.538973
                ],
                [
                  113.608409,
                  22.696077
                ],
                [
                  113.574869,
                  22.75987
                ],
                [
                  113.621572,
                  22.84632
                ],
                [
                  113.708588,
                  22.746079
                ],
                [
                  113.8164,
                  22.744666
                ],
                [
                  113.8501,
                  22.633048
                ],
                [
                  113.95232,
                  22.52402
                ],
                [
                  114.0865,
                  22.516706
                ],
                [
                  114.017619,
                  22.362758
                ],
                [
                  114.140115,
                  22.360814
                ],
                [
                  114.350018,
                  22.294444
                ],
                [
                  114.333176,
                  22.37766
                ],
                [
                  114.437535,
                  22.423683
                ],
                [
                  114.299811,
                  22.55955
                ],
                [
                  114.469151,
                  22.601275
                ],
                [
                  114.600859,
                  22.526204
                ],
                [
                  114.635889,
                  22.692222
                ],
                [
                  114.81547,
                  22.750593
                ],
                [
                  114.817547,
                  22.580334
                ],
                [
                  114.97624,
                  22.573344
                ],
                [
                  115.064544,
                  22.676932
                ],
                [
                  115.253551,
                  22.802425
                ],
                [
                  115.400583,
                  22.796231
                ],
                [
                  115.456003,
                  22.75584
                ],
                [
                  115.454086,
                  22.653401
                ],
                [
                  115.587355,
                  22.63733
                ],
                [
                  115.651252,
                  22.822307
                ],
                [
                  115.707219,
                  22.873192
                ],
                [
                  115.886368,
                  22.748407
                ],
                [
                  116.085402,
                  22.84887
                ],
                [
                  116.198079,
                  22.857188
                ],
                [
                  116.358388,
                  22.939611
                ],
                [
                  116.594364,
                  22.942952
                ],
                [
                  116.653816,
                  23.174929
                ],
                [
                  116.859599,
                  23.226883
                ],
                [
                  116.804526,
                  23.348499
                ],
                [
                  116.711879,
                  23.395965
                ],
                [
                  116.995501,
                  23.381053
                ],
                [
                  117.189869,
                  23.434031
                ],
                [
                  117.104258,
                  23.52612
                ],
                [
                  117.207875,
                  23.626638
                ],
                [
                  117.376656,
                  23.592362
                ],
                [
                  117.437899,
                  23.74379
                ],
                [
                  117.568771,
                  23.703107
                ],
                [
                  117.552859,
                  23.910518
                ],
                [
                  117.728688,
                  23.840776
                ],
                [
                  117.759775,
                  24.03044
                ],
                [
                  117.894576,
                  24.011491
                ],
                [
                  118.017258,
                  24.142912
                ],
                [
                  118.129429,
                  24.219069
                ],
                [
                  118.087588,
                  24.339929
                ],
                [
                  117.99149,
                  24.444375
                ],
                [
                  118.193291,
                  24.449666
                ],
                [
                  118.299109,
                  24.549416
                ],
                [
                  118.458432,
                  24.595892
                ],
                [
                  118.666947,
                  24.565301
                ],
                [
                  118.742947,
                  24.633621
                ],
                [
                  118.809507,
                  24.72749
                ],
                [
                  118.720181,
                  24.797605
                ],
                [
                  118.699388,
                  24.893093
                ],
                [
                  118.960815,
                  24.865568
                ],
                [
                  119.023785,
                  24.937195
                ],
                [
                  118.972543,
                  25.071541
                ],
                [
                  119.198134,
                  25.19839
                ],
                [
                  119.315932,
                  25.21463
                ],
                [
                  119.226635,
                  25.35503
                ],
                [
                  119.273711,
                  25.474705
                ],
                [
                  119.377525,
                  25.550103
                ],
                [
                  119.499792,
                  25.451476
                ],
                [
                  119.606085,
                  25.412213
                ],
                [
                  119.646655,
                  25.485768
                ],
                [
                  119.561734,
                  25.648709
                ],
                [
                  119.70363,
                  25.789378
                ],
                [
                  119.659266,
                  25.899054
                ],
                [
                  119.702997,
                  25.9965
                ],
                [
                  119.65007,
                  26.120393
                ],
                [
                  119.745727,
                  26.289868
                ],
                [
                  119.853237,
                  26.377462
                ],
                [
                  119.818486,
                  26.462949
                ],
                [
                  119.65685,
                  26.638135
                ],
                [
                  119.719152,
                  26.755811
                ],
                [
                  119.878159,
                  26.708234
                ],
                [
                  119.917214,
                  26.644906
                ],
                [
                  119.989025,
                  26.81825
                ],
                [
                  120.172114,
                  26.893897
                ],
                [
                  120.259277,
                  26.937342
                ],
                [
                  120.302629,
                  27.092321
                ],
                [
                  120.42034,
                  27.166663
                ],
                [
                  120.343929,
                  27.236215
                ],
                [
                  120.470416,
                  27.215967
                ],
                [
                  120.643416,
                  27.363009
                ],
                [
                  120.663254,
                  27.533397
                ],
                [
                  120.697881,
                  27.632552
                ],
                [
                  120.831318,
                  27.842017
                ],
                [
                  120.940596,
                  27.986489
                ],
                [
                  121.040486,
                  28.029006
                ],
                [
                  121.121793,
                  28.294508
                ],
                [
                  121.286528,
                  28.324753
                ],
                [
                  121.278563,
                  28.093081
                ],
                [
                  121.452985,
                  28.23938
                ],
                [
                  121.641455,
                  28.311187
                ],
                [
                  121.579978,
                  28.520251
                ],
                [
                  121.518682,
                  28.670232
                ],
                [
                  121.68388,
                  28.759046
                ],
                [
                  121.717886,
                  28.916099
                ],
                [
                  121.895915,
                  29.060249
                ],
                [
                  121.874581,
                  29.203746
                ],
                [
                  121.978421,
                  29.255254
                ],
                [
                  121.964847,
                  29.43356
                ],
                [
                  121.998991,
                  29.707672
                ],
                [
                  121.865445,
                  29.531254
                ],
                [
                  121.720774,
                  29.544151
                ],
                [
                  121.950231,
                  29.727518
                ],
                [
                  122.202208,
                  29.836003
                ],
                [
                  122.400847,
                  29.882546
                ],
                [
                  122.400759,
                  29.999587
                ],
                [
                  122.137755,
                  30.150337
                ],
                [
                  122.012886,
                  30.136952
                ],
                [
                  121.900504,
                  29.991412
                ],
                [
                  121.7606,
                  29.968801
                ],
                [
                  121.614072,
                  30.098624
                ],
                [
                  121.414691,
                  30.294612
                ],
                [
                  121.213065,
                  30.304476
                ],
                [
                  120.9255,
                  30.151932
                ],
                [
                  120.785598,
                  30.128152
                ],
                [
                  120.558691,
                  30.19856
                ],
                [
                  120.358218,
                  30.277341
                ],
                [
                  120.330807,
                  30.339178
                ],
                [
                  120.516911,
                  30.392339
                ],
                [
                  120.796401,
                  30.371386
                ],
                [
                  120.962549,
                  30.391022
                ],
                [
                  121.004115,
                  30.524207
                ],
                [
                  121.379667,
                  30.697127
                ],
                [
                  121.646692,
                  30.804805
                ],
                [
                  121.856905,
                  30.956175
                ],
                [
                  121.937737,
                  31.129048
                ],
                [
                  121.782315,
                  31.295104
                ],
                [
                  121.526591,
                  31.431076
                ],
                [
                  121.33634,
                  31.567382
                ],
                [
                  121.253402,
                  31.684687
                ],
                [
                  120.803644,
                  31.826646
                ],
                [
                  120.803776,
                  31.955033
                ],
                [
                  120.611642,
                  32.019478
                ],
                [
                  120.378487,
                  31.961503
                ],
                [
                  120.294791,
                  31.951163
                ],
                [
                  120.412911,
                  32.061508
                ],
                [
                  120.600409,
                  32.103427
                ],
                [
                  120.849479,
                  32.041684
                ],
                [
                  120.919098,
                  31.913882
                ],
                [
                  121.053843,
                  31.84499
                ],
                [
                  121.306725,
                  31.804632
                ],
                [
                  121.487208,
                  31.752366
                ],
                [
                  121.65259,
                  31.632916
                ],
                [
                  121.883654,
                  31.558638
                ],
                [
                  122.006384,
                  31.561306
                ],
                [
                  122.062735,
                  31.622716
                ],
                [
                  121.95521,
                  31.815623
                ],
                [
                  121.724359,
                  32.076359
                ],
                [
                  121.484881,
                  32.173135
                ],
                [
                  121.440904,
                  32.414284
                ],
                [
                  121.216652,
                  32.530999
                ],
                [
                  120.962382,
                  32.630244
                ],
                [
                  120.879892,
                  32.700845
                ],
                [
                  120.953124,
                  32.841025
                ],
                [
                  120.916705,
                  32.99828
                ],
                [
                  120.678077,
                  33.443483
                ],
                [
                  120.535603,
                  33.756559
                ],
                [
                  120.362845,
                  34.202183
                ],
                [
                  120.251546,
                  34.335451
                ],
                [
                  119.614708,
                  34.601751
                ],
                [
                  119.513625,
                  34.73265
                ],
                [
                  119.219174,
                  34.819668
                ],
                [
                  119.232942,
                  35.027907
                ],
                [
                  119.394246,
                  35.120779
                ],
                [
                  119.461124,
                  35.310157
                ],
                [
                  119.564531,
                  35.400851
                ],
                [
                  119.723062,
                  35.610462
                ],
                [
                  119.913484,
                  35.631074
                ],
                [
                  119.978514,
                  35.737059
                ],
                [
                  120.101807,
                  35.906728
                ],
                [
                  120.26337,
                  35.987241
                ],
                [
                  120.138748,
                  36.1449
                ],
                [
                  120.236667,
                  36.201449
                ],
                [
                  120.364419,
                  36.123934
                ],
                [
                  120.541089,
                  36.075132
                ],
                [
                  120.722532,
                  36.176755
                ],
                [
                  120.769211,
                  36.449581
                ],
                [
                  120.880528,
                  36.561431
                ],
                [
                  121.012426,
                  36.564869
                ],
                [
                  121.304962,
                  36.695397
                ],
                [
                  121.511338,
                  36.769308
                ],
                [
                  121.784406,
                  36.878807
                ],
                [
                  121.960585,
                  37.003002
                ],
                [
                  122.110307,
                  36.956393
                ],
                [
                  122.193546,
                  37.00104
                ],
                [
                  122.321283,
                  36.865137
                ],
                [
                  122.531409,
                  36.947105
                ],
                [
                  122.49829,
                  37.105676
                ],
                [
                  122.581802,
                  37.207903
                ],
                [
                  122.618573,
                  37.413035
                ],
                [
                  122.44857,
                  37.49804
                ],
                [
                  122.276086,
                  37.45605
                ],
                [
                  122.108357,
                  37.551719
                ],
                [
                  121.802468,
                  37.506802
                ],
                [
                  121.554495,
                  37.450969
                ],
                [
                  121.436894,
                  37.514936
                ],
                [
                  121.359799,
                  37.620258
                ],
                [
                  121.226169,
                  37.617186
                ],
                [
                  121.013699,
                  37.77687
                ],
                [
                  120.843823,
                  37.870836
                ],
                [
                  120.599004,
                  37.837121
                ],
                [
                  120.324328,
                  37.72519
                ],
                [
                  120.24183,
                  37.549818
                ],
                [
                  119.945525,
                  37.405781
                ],
                [
                  119.862065,
                  37.220324
                ],
                [
                  119.643921,
                  37.086476
                ],
                [
                  119.254812,
                  37.175184
                ],
                [
                  118.974455,
                  37.304333
                ],
                [
                  119.020111,
                  37.739142
                ],
                [
                  118.866869,
                  37.922717
                ],
                [
                  118.604958,
                  38.013721
                ],
                [
                  118.453027,
                  38.137612
                ],
                [
                  118.285538,
                  38.111282
                ],
                [
                  118.081245,
                  38.044861
                ],
                [
                  117.72878,
                  38.35402
                ],
                [
                  117.614689,
                  38.609451
                ],
                [
                  117.64205,
                  38.906588
                ],
                [
                  117.780027,
                  39.087573
                ],
                [
                  118.038716,
                  39.183852
                ],
                [
                  118.172995,
                  39.190453
                ],
                [
                  118.362472,
                  39.085661
                ],
                [
                  118.518108,
                  39.125039
                ],
                [
                  118.622342,
                  39.192176
                ],
                [
                  118.825915,
                  39.166499
                ],
                [
                  118.921958,
                  39.201532
                ],
                [
                  118.990836,
                  39.168371
                ],
                [
                  119.081677,
                  39.388729
                ],
                [
                  119.197221,
                  39.582909
                ],
                [
                  119.401883,
                  39.763975
                ],
                [
                  119.563321,
                  39.811571
                ],
                [
                  119.585615,
                  39.913173
                ],
                [
                  119.92687,
                  40.018254
                ],
                [
                  120.32579,
                  40.173432
                ],
                [
                  120.522929,
                  40.238055
                ],
                [
                  120.590132,
                  40.460912
                ],
                [
                  120.867139,
                  40.665963
                ],
                [
                  120.972773,
                  40.719923
                ],
                [
                  121.037225,
                  40.861293
                ],
                [
                  121.25172,
                  40.924059
                ],
                [
                  121.549621,
                  40.892775
                ],
                [
                  121.645899,
                  40.93041
                ],
                [
                  121.75259,
                  40.983991
                ],
                [
                  121.827109,
                  41.031482
                ],
                [
                  121.906826,
                  41.095814
                ],
                [
                  121.971735,
                  41.164756
                ],
                [
                  122.021952,
                  41.237327
                ],
                [
                  122.057585,
                  41.312544
                ],
                [
                  122.081242,
                  41.404904
                ],
                [
                  122.085155,
                  41.482454
                ],
                [
                  122.071039,
                  41.574723
                ],
                [
                  122.043719,
                  41.649779
                ],
                [
                  122.002368,
                  41.722094
                ],
                [
                  121.947096,
                  41.79066
                ],
                [
                  121.878021,
                  41.854464
                ],
                [
                  121.795269,
                  41.912491
                ],
                [
                  121.698977,
                  41.96372
                ],
                [
                  121.589294,
                  42.007131
                ],
                [
                  121.492016,
                  42.03554
                ],
                [
                  121.358652,
                  42.062288
                ],
                [
                  121.237662,
                  42.076428
                ]
              ],
              [
                [
                  118.751853,
                  33.138254
                ],
                [
                  118.627031,
                  33.132224
                ],
                [
                  118.583269,
                  33.046113
                ],
                [
                  118.474377,
                  33.124055
                ],
                [
                  118.448906,
                  33.207985
                ],
                [
                  118.504614,
                  33.321295
                ],
                [
                  118.63993,
                  33.30881
                ],
                [
                  118.71211,
                  33.362305
                ],
                [
                  118.673058,
                  33.482669
                ],
                [
                  118.801299,
                  33.396185
                ],
                [
                  118.897028,
                  33.285232
                ],
                [
                  118.837824,
                  33.120726
                ],
                [
                  118.751853,
                  33.138254
                ]
              ],
              [
                [
                  120.28772,
                  31.0097
                ],
                [
                  120.180611,
                  31.077911
                ],
                [
                  120.119321,
                  31.173639
                ],
                [
                  120.146624,
                  31.440329
                ],
                [
                  120.217028,
                  31.487293
                ],
                [
                  120.344255,
                  31.416024
                ],
                [
                  120.400458,
                  31.263285
                ],
                [
                  120.472981,
                  31.125277
                ],
                [
                  120.386619,
                  31.000268
                ],
                [
                  120.28772,
                  31.0097
                ]
              ],
              [
                [
                  110.68925,
                  20.041312
                ],
                [
                  110.485486,
                  20.001456
                ],
                [
                  110.176242,
                  19.984189
                ],
                [
                  110.128327,
                  19.918402
                ],
                [
                  109.976607,
                  19.897405
                ],
                [
                  109.73806,
                  19.952805
                ],
                [
                  109.678979,
                  19.949917
                ],
                [
                  109.594041,
                  19.915511
                ],
                [
                  109.588268,
                  19.837001
                ],
                [
                  109.520247,
                  19.811108
                ],
                [
                  109.337937,
                  19.830014
                ],
                [
                  109.234143,
                  19.774444
                ],
                [
                  109.227936,
                  19.685412
                ],
                [
                  109.340334,
                  19.67053
                ],
                [
                  109.336824,
                  19.665886
                ],
                [
                  109.342403,
                  19.66512
                ],
                [
                  109.271109,
                  19.568812
                ],
                [
                  109.143468,
                  19.545167
                ],
                [
                  108.772324,
                  19.333198
                ],
                [
                  108.708057,
                  19.219721
                ],
                [
                  108.733062,
                  19.109267
                ],
                [
                  108.68591,
                  19.010037
                ],
                [
                  108.713082,
                  18.79762
                ],
                [
                  108.762499,
                  18.662494
                ],
                [
                  108.783698,
                  18.4741
                ],
                [
                  109.210796,
                  18.260522
                ],
                [
                  109.491042,
                  18.257245
                ],
                [
                  109.581279,
                  18.165949
                ],
                [
                  109.787626,
                  18.181983
                ],
                [
                  109.799202,
                  18.336544
                ],
                [
                  109.964925,
                  18.364734
                ],
                [
                  110.112437,
                  18.362355
                ],
                [
                  110.127726,
                  18.446564
                ],
                [
                  110.306039,
                  18.62759
                ],
                [
                  110.405639,
                  18.620124
                ],
                [
                  110.514951,
                  18.660051
                ],
                [
                  110.629585,
                  19.12719
                ],
                [
                  110.772769,
                  19.367516
                ],
                [
                  110.910577,
                  19.521195
                ],
                [
                  111.03387,
                  19.605397
                ],
                [
                  111.023542,
                  19.754385
                ],
                [
                  110.971502,
                  19.931756
                ],
                [
                  110.985206,
                  20.087319
                ],
                [
                  110.919872,
                  20.116113
                ],
                [
                  110.68925,
                  20.041312
                ]
              ]
            ]
          }
        }
      }
    }
  ]
}
