{
  "type": "FeatureCollection",
  "features": [
    {
      "type": "Feature",
      "geometry": {
        "type": "MultiPolygon",
        "coordinates": [
          [
            [
              [
                105.083071,
                37.761048
              ],
              [
                105.204517,
                37.812551
              ],
              [
                105.318399,
                37.875714
              ],
              [
                105.442168,
                37.962878
              ],
              [
                105.556658,
                38.063118
              ],
              [
                105.662395,
                38.174922
              ],
              [
                105.773173,
                38.314916
              ],
              [
                105.885858,
                38.485278
              ],
              [
                105.986903,
                38.666153
              ],
              [
                106.077329,
                38.854306
              ],
              [
                106.174904,
                39.089429
              ],
              [
                106.267134,
                39.345857
              ],
              [
                106.493966,
                40.084375
              ],
              [
                106.560739,
                40.229787
              ],
              [
                106.650481,
                40.375248
              ],
              [
                106.759706,
                40.518231
              ],
              [
                106.884884,
                40.656215
              ],
              [
                107.022438,
                40.78669
              ],
              [
                107.168743,
                40.907156
              ],
              [
                107.341951,
                41.029397
              ],
              [
                107.494581,
                41.120086
              ],
              [
                107.64427,
                41.193029
              ],
              [
                107.787223,
                41.245798
              ],
              [
                107.901501,
                41.273142
              ],
              [
                108.029131,
                41.285745
              ],
              [
                108.139719,
                41.281083
              ],
              [
                108.250985,
                41.258248
              ],
              [
                108.388525,
                41.203917
              ],
              [
                108.758262,
                41.000856
              ],
              [
                108.984927,
                40.89691
              ],
              [
                109.251635,
                40.804658
              ],
              [
                109.558107,
                40.729094
              ],
              [
                109.861552,
                40.677266
              ],
              [
                110.176828,
                40.641028
              ],
              [
                110.444356,
                40.621022
              ],
              [
                111.233146,
                40.577053
              ],
              [
                111.533312,
                40.547727
              ],
              [
                111.768697,
                40.514893
              ],
              [
                111.969083,
                40.475185
              ],
              [
                112.129188,
                40.429307
              ],
              [
                112.243172,
                40.383287
              ],
              [
                112.422937,
                40.293389
              ],
              [
                112.511799,
                40.260415
              ],
              [
                112.660496,
                40.226825
              ],
              [
                112.766583,
                40.217605
              ],
              [
                112.855309,
                40.220561
              ],
              [
                112.970512,
                40.235672
              ],
              [
                113.089899,
                40.261801
              ],
              [
                113.237786,
                40.30519
              ],
              [
                113.492545,
                40.398703
              ],
              [
                114.142186,
                40.663592
              ],
              [
                114.31841,
                40.723583
              ],
              [
                114.46454,
                40.763125
              ],
              [
                114.581831,
                40.785389
              ],
              [
                114.694214,
                40.796074
              ],
              [
                114.800902,
                40.793432
              ],
              [
                115.01938,
                40.766825
              ],
              [
                115.105429,
                40.770967
              ],
              [
                115.178959,
                40.785707
              ],
              [
                115.297473,
                40.839184
              ],
              [
                115.506799,
                41.004764
              ],
              [
                115.600338,
                41.056465
              ],
              [
                115.664245,
                41.076252
              ],
              [
                115.73853,
                41.086464
              ],
              [
                115.892459,
                41.07641
              ],
              [
                115.951762,
                41.058804
              ],
              [
                115.991113,
                41.033412
              ],
              [
                116.012986,
                41.001345
              ],
              [
                116.019529,
                40.953548
              ],
              [
                115.981714,
                40.840352
              ],
              [
                115.818864,
                40.563395
              ],
              [
                115.808995,
                40.506621
              ],
              [
                115.820759,
                40.483459
              ],
              [
                115.839752,
                40.471356
              ],
              [
                115.8806,
                40.463116
              ],
              [
                115.941441,
                40.464891
              ],
              [
                116.509917,
                40.540195
              ],
              [
                116.914728,
                40.56869
              ],
              [
                117.058858,
                40.567154
              ],
              [
                117.175545,
                40.555377
              ],
              [
                117.25627,
                40.534357
              ],
              [
                117.307536,
                40.502991
              ],
              [
                117.324847,
                40.475018
              ],
              [
                117.326801,
                40.440465
              ],
              [
                117.285321,
                40.358122
              ],
              [
                117.201799,
                40.267298
              ],
              [
                116.976274,
                40.061074
              ],
              [
                116.918863,
                39.985482
              ],
              [
                116.915591,
                39.953686
              ],
              [
                116.93659,
                39.932236
              ],
              [
                116.98053,
                39.920489
              ],
              [
                117.051363,
                39.917563
              ],
              [
                117.22044,
                39.932367
              ],
              [
                117.458289,
                39.970626
              ],
              [
                118.178093,
                40.122143
              ],
              [
                118.612984,
                40.121257
              ],
              [
                118.929657,
                40.146982
              ],
              [
                119.042453,
                40.168012
              ],
              [
                119.134397,
                40.194567
              ],
              [
                119.207174,
                40.226492
              ],
              [
                119.262462,
                40.26362
              ],
              [
                119.301936,
                40.305771
              ],
              [
                119.327268,
                40.352759
              ],
              [
                119.340941,
                40.411161
              ],
              [
                119.341204,
                40.475159
              ],
              [
                119.315959,
                40.601858
              ],
              [
                119.197948,
                40.950192
              ],
              [
                119.151203,
                41.131942
              ],
              [
                119.132036,
                41.324716
              ],
              [
                119.151316,
                41.502456
              ],
              [
                119.216615,
                41.685978
              ],
              [
                119.329405,
                41.861259
              ],
              [
                119.487568,
                42.026395
              ],
              [
                119.686127,
                42.179924
              ],
              [
                119.837021,
                42.224751
              ],
              [
                120.013658,
                42.266392
              ],
              [
                120.323627,
                42.310562
              ],
              [
                120.61359,
                42.316818
              ],
              [
                120.762484,
                42.305816
              ],
              [
                120.904373,
                42.285547
              ],
              [
                121.038905,
                42.256721
              ],
              [
                121.186109,
                42.213223
              ],
              [
                121.303552,
                42.168292
              ],
              [
                121.429934,
                42.107948
              ],
              [
                121.544397,
                42.04014
              ],
              [
                121.646469,
                41.965994
              ],
              [
                121.735691,
                41.886632
              ],
              [
                121.811614,
                41.803176
              ],
              [
                121.88899,
                41.691662
              ],
              [
                121.942761,
                41.577606
              ],
              [
                121.972041,
                41.463374
              ],
              [
                121.976797,
                41.363594
              ],
              [
                121.957427,
                41.255453
              ],
              [
                121.917551,
                41.164799
              ],
              [
                121.855702,
                41.080991
              ],
              [
                121.771239,
                41.005648
              ],
              [
                121.663507,
                40.940375
              ],
              [
                121.54962,
                40.892775
              ],
              [
                121.25172,
                40.924059
              ],
              [
                121.037225,
                40.861293
              ],
              [
                120.972772,
                40.719923
              ],
              [
                120.867139,
                40.665963
              ],
              [
                120.590131,
                40.460912
              ],
              [
                120.522929,
                40.238055
              ],
              [
                120.32579,
                40.173432
              ],
              [
                119.92687,
                40.018254
              ],
              [
                119.585615,
                39.913173
              ],
              [
                119.563321,
                39.811571
              ],
              [
                119.401882,
                39.763975
              ],
              [
                119.197221,
                39.582909
              ],
              [
                119.081677,
                39.388729
              ],
              [
                118.990836,
                39.168371
              ],
              [
                118.921957,
                39.201532
              ],
              [
                118.825915,
                39.166499
              ],
              [
                118.622342,
                39.192176
              ],
              [
                118.518108,
                39.125039
              ],
              [
                118.362472,
                39.085661
              ],
              [
                118.172995,
                39.190453
              ],
              [
                118.038716,
                39.183852
              ],
              [
                117.780027,
                39.087573
              ],
              [
                117.64205,
                38.906588
              ],
              [
                117.614689,
                38.609451
              ],
              [
                117.72878,
                38.35402
              ],
              [
                118.081245,
                38.044861
              ],
              [
                118.285538,
                38.111282
              ],
              [
                118.453028,
                38.137611
              ],
              [
                118.604957,
                38.013721
              ],
              [
                118.866869,
                37.922717
              ],
              [
                119.020111,
                37.739142
              ],
              [
                118.974455,
                37.304333
              ],
              [
                119.254812,
                37.175184
              ],
              [
                119.643923,
                37.086475
              ],
              [
                119.862065,
                37.220324
              ],
              [
                119.945525,
                37.405781
              ],
              [
                120.24183,
                37.549818
              ],
              [
                120.324328,
                37.72519
              ],
              [
                120.599007,
                37.83712
              ],
              [
                120.843824,
                37.870836
              ],
              [
                121.013698,
                37.77687
              ],
              [
                121.226169,
                37.617186
              ],
              [
                121.359799,
                37.620258
              ],
              [
                121.436894,
                37.514936
              ],
              [
                121.554495,
                37.450969
              ],
              [
                121.802468,
                37.506802
              ],
              [
                122.108357,
                37.551719
              ],
              [
                122.276086,
                37.45605
              ],
              [
                122.44857,
                37.49804
              ],
              [
                122.618573,
                37.413035
              ],
              [
                122.581802,
                37.207903
              ],
              [
                122.49829,
                37.105676
              ],
              [
                122.531409,
                36.947105
              ],
              [
                122.321283,
                36.865137
              ],
              [
                122.193548,
                37.00104
              ],
              [
                122.110308,
                36.956393
              ],
              [
                121.960584,
                37.003002
              ],
              [
                121.784406,
                36.878807
              ],
              [
                121.511338,
                36.769308
              ],
              [
                121.304962,
                36.695397
              ],
              [
                121.012426,
                36.564869
              ],
              [
                120.880527,
                36.561431
              ],
              [
                120.76921,
                36.449581
              ],
              [
                120.722532,
                36.176755
              ],
              [
                120.541089,
                36.075132
              ],
              [
                120.364419,
                36.123934
              ],
              [
                120.23667,
                36.201449
              ],
              [
                120.138748,
                36.1449
              ],
              [
                120.263369,
                35.987241
              ],
              [
                120.101807,
                35.906728
              ],
              [
                119.978514,
                35.737059
              ],
              [
                119.913483,
                35.631074
              ],
              [
                119.723062,
                35.610462
              ],
              [
                119.56453,
                35.400851
              ],
              [
                119.461124,
                35.310157
              ],
              [
                119.394245,
                35.120779
              ],
              [
                119.232942,
                35.027907
              ],
              [
                119.219174,
                34.819668
              ],
              [
                119.513625,
                34.73265
              ],
              [
                119.614707,
                34.601751
              ],
              [
                120.251546,
                34.335451
              ],
              [
                120.362845,
                34.202183
              ],
              [
                120.535602,
                33.756559
              ],
              [
                120.678077,
                33.443483
              ],
              [
                120.916705,
                32.99828
              ],
              [
                120.953124,
                32.841025
              ],
              [
                120.879892,
                32.700845
              ],
              [
                120.962381,
                32.630244
              ],
              [
                121.216652,
                32.530999
              ],
              [
                121.440904,
                32.414284
              ],
              [
                121.48488,
                32.173135
              ],
              [
                121.724359,
                32.076359
              ],
              [
                121.95521,
                31.815623
              ],
              [
                122.062734,
                31.622716
              ],
              [
                122.006384,
                31.561306
              ],
              [
                121.883655,
                31.558638
              ],
              [
                121.652592,
                31.632916
              ],
              [
                121.487208,
                31.752366
              ],
              [
                121.306727,
                31.804632
              ],
              [
                121.053845,
                31.844989
              ],
              [
                120.9191,
                31.913882
              ],
              [
                120.849479,
                32.041684
              ],
              [
                120.600409,
                32.103427
              ],
              [
                120.412911,
                32.061508
              ],
              [
                120.294791,
                31.951163
              ],
              [
                120.37849,
                31.961502
              ],
              [
                120.611644,
                32.019478
              ],
              [
                120.803775,
                31.955033
              ],
              [
                120.803643,
                31.826646
              ],
              [
                121.253402,
                31.684687
              ],
              [
                121.33634,
                31.567382
              ],
              [
                121.526591,
                31.431076
              ],
              [
                121.782314,
                31.295104
              ],
              [
                121.937736,
                31.129049
              ],
              [
                121.856905,
                30.956175
              ],
              [
                121.646692,
                30.804805
              ],
              [
                121.379667,
                30.697127
              ],
              [
                121.004115,
                30.524207
              ],
              [
                120.962549,
                30.391022
              ],
              [
                120.7964,
                30.371386
              ],
              [
                120.51691,
                30.392339
              ],
              [
                120.330807,
                30.339178
              ],
              [
                120.358218,
                30.277341
              ],
              [
                120.558691,
                30.19856
              ],
              [
                120.785598,
                30.128152
              ],
              [
                120.925502,
                30.151932
              ],
              [
                121.213065,
                30.304476
              ],
              [
                121.414691,
                30.294612
              ],
              [
                121.614072,
                30.098624
              ],
              [
                121.760599,
                29.968801
              ],
              [
                121.900506,
                29.991412
              ],
              [
                122.012888,
                30.136952
              ],
              [
                122.137755,
                30.150337
              ],
              [
                122.400759,
                29.999587
              ],
              [
                122.400846,
                29.882546
              ],
              [
                122.202208,
                29.836003
              ],
              [
                121.95023,
                29.727518
              ],
              [
                121.720774,
                29.544151
              ],
              [
                121.865447,
                29.531254
              ],
              [
                121.99899,
                29.707671
              ],
              [
                121.964846,
                29.43356
              ],
              [
                121.978421,
                29.255254
              ],
              [
                121.874581,
                29.203746
              ],
              [
                121.895915,
                29.060249
              ],
              [
                121.717886,
                28.916099
              ],
              [
                121.68388,
                28.759046
              ],
              [
                121.518682,
                28.670232
              ],
              [
                121.579978,
                28.520251
              ],
              [
                121.641455,
                28.311187
              ],
              [
                121.452985,
                28.23938
              ],
              [
                121.278563,
                28.093082
              ],
              [
                121.28653,
                28.324753
              ],
              [
                121.121792,
                28.294508
              ],
              [
                121.040485,
                28.029006
              ],
              [
                120.940595,
                27.986489
              ],
              [
                120.831318,
                27.842017
              ],
              [
                120.697881,
                27.632552
              ],
              [
                120.663253,
                27.533397
              ],
              [
                120.643416,
                27.363009
              ],
              [
                120.470416,
                27.215967
              ],
              [
                120.343929,
                27.236215
              ],
              [
                120.42034,
                27.166663
              ],
              [
                120.302629,
                27.092321
              ],
              [
                120.259277,
                26.937342
              ],
              [
                120.172113,
                26.893897
              ],
              [
                119.989025,
                26.81825
              ],
              [
                119.917214,
                26.644908
              ],
              [
                119.878161,
                26.708234
              ],
              [
                119.719151,
                26.755811
              ],
              [
                119.65685,
                26.638135
              ],
              [
                119.818486,
                26.462949
              ],
              [
                119.853237,
                26.377462
              ],
              [
                119.745727,
                26.289868
              ],
              [
                119.65007,
                26.120393
              ],
              [
                119.702997,
                25.9965
              ],
              [
                119.659265,
                25.899055
              ],
              [
                119.70363,
                25.789378
              ],
              [
                119.561734,
                25.648709
              ],
              [
                119.646655,
                25.485768
              ],
              [
                119.606084,
                25.412213
              ],
              [
                119.499792,
                25.451476
              ],
              [
                119.377527,
                25.550102
              ],
              [
                119.27371,
                25.474705
              ],
              [
                119.226634,
                25.35503
              ],
              [
                119.315932,
                25.21463
              ],
              [
                119.198134,
                25.19839
              ],
              [
                118.972543,
                25.071541
              ],
              [
                119.023785,
                24.937195
              ],
              [
                118.960815,
                24.865568
              ],
              [
                118.699388,
                24.893093
              ],
              [
                118.720181,
                24.797605
              ],
              [
                118.809506,
                24.72749
              ],
              [
                118.742946,
                24.633622
              ],
              [
                118.666947,
                24.565301
              ],
              [
                118.458431,
                24.595892
              ],
              [
                118.299109,
                24.549416
              ],
              [
                118.193291,
                24.449666
              ],
              [
                117.99149,
                24.444375
              ],
              [
                118.087587,
                24.339929
              ],
              [
                118.129428,
                24.219069
              ],
              [
                118.017257,
                24.142912
              ],
              [
                117.894576,
                24.011491
              ],
              [
                117.759774,
                24.03044
              ],
              [
                117.728687,
                23.840776
              ],
              [
                117.552859,
                23.910518
              ],
              [
                117.568771,
                23.703107
              ],
              [
                117.437898,
                23.74379
              ],
              [
                117.376655,
                23.592362
              ],
              [
                117.207875,
                23.626638
              ],
              [
                117.104257,
                23.52612
              ],
              [
                117.189869,
                23.434031
              ],
              [
                116.9955,
                23.381053
              ],
              [
                116.711878,
                23.395965
              ],
              [
                116.804526,
                23.348499
              ],
              [
                116.859599,
                23.226883
              ],
              [
                116.653816,
                23.174929
              ],
              [
                116.594363,
                22.942952
              ],
              [
                116.358387,
                22.939611
              ],
              [
                116.198079,
                22.857188
              ],
              [
                116.085402,
                22.84887
              ],
              [
                115.886369,
                22.748407
              ],
              [
                115.707219,
                22.873192
              ],
              [
                115.651252,
                22.822307
              ],
              [
                115.587355,
                22.63733
              ],
              [
                115.454086,
                22.653401
              ],
              [
                115.456003,
                22.75584
              ],
              [
                115.400583,
                22.796231
              ],
              [
                115.253551,
                22.802425
              ],
              [
                115.064544,
                22.676932
              ],
              [
                114.97624,
                22.573344
              ],
              [
                114.817547,
                22.580334
              ],
              [
                114.81547,
                22.750593
              ],
              [
                114.635889,
                22.692222
              ],
              [
                114.600859,
                22.526204
              ],
              [
                114.469151,
                22.601275
              ],
              [
                114.299811,
                22.55955
              ],
              [
                114.437535,
                22.423683
              ],
              [
                114.333176,
                22.37766
              ],
              [
                114.350018,
                22.294444
              ],
              [
                114.140115,
                22.360814
              ],
              [
                114.017619,
                22.362758
              ],
              [
                114.0865,
                22.516706
              ],
              [
                113.95232,
                22.52402
              ],
              [
                113.8501,
                22.633048
              ],
              [
                113.8164,
                22.744666
              ],
              [
                113.708588,
                22.746079
              ],
              [
                113.621572,
                22.84632
              ],
              [
                113.574869,
                22.75987
              ],
              [
                113.608409,
                22.696077
              ],
              [
                113.608129,
                22.538973
              ],
              [
                113.656255,
                22.368535
              ],
              [
                113.658739,
                22.286978
              ],
              [
                113.602796,
                22.210085
              ],
              [
                113.529629,
                22.205001
              ],
              [
                113.408883,
                22.337806
              ],
              [
                113.453855,
                22.190328
              ],
              [
                113.262025,
                22.005274
              ],
              [
                113.122664,
                22.215135
              ],
              [
                113.065808,
                22.125526
              ],
              [
                113.056051,
                21.862024
              ],
              [
                112.863891,
                21.880753
              ],
              [
                112.643887,
                21.766177
              ],
              [
                112.468401,
                21.827357
              ],
              [
                112.422089,
                21.729645
              ],
              [
                112.073734,
                21.76133
              ],
              [
                111.9595,
                21.715612
              ],
              [
                111.810609,
                21.682583
              ],
              [
                111.800861,
                21.582932
              ],
              [
                111.63503,
                21.495369
              ],
              [
                111.479017,
                21.508584
              ],
              [
                111.388107,
                21.449241
              ],
              [
                111.122547,
                21.458452
              ],
              [
                111.030421,
                21.365494
              ],
              [
                110.837937,
                21.369555
              ],
              [
                110.650447,
                21.169566
              ],
              [
                110.530961,
                21.167502
              ],
              [
                110.352791,
                21.068067
              ],
              [
                110.23801,
                20.974934
              ],
              [
                110.273553,
                20.826356
              ],
              [
                110.401339,
                20.772453
              ],
              [
                110.423851,
                20.613771
              ],
              [
                110.577197,
                20.445288
              ],
              [
                110.559757,
                20.378599
              ],
              [
                110.380868,
                20.23528
              ],
              [
                110.024717,
                20.250108
              ],
              [
                109.996714,
                20.364438
              ],
              [
                110.06046,
                20.404302
              ],
              [
                109.865199,
                20.519361
              ],
              [
                109.861325,
                20.777912
              ],
              [
                109.732394,
                20.820119
              ],
              [
                109.80845,
                21.175011
              ],
              [
                109.955196,
                21.355516
              ],
              [
                110.022578,
                21.452442
              ],
              [
                109.747638,
                21.493766
              ],
              [
                109.615809,
                21.671214
              ],
              [
                109.555354,
                21.66408
              ],
              [
                109.588924,
                21.471014
              ],
              [
                109.29621,
                21.433005
              ],
              [
                109.209016,
                21.38286
              ],
              [
                109.172442,
                21.564748
              ],
              [
                109.042142,
                21.606251
              ],
              [
                108.914061,
                21.682286
              ],
              [
                108.837939,
                21.618597
              ],
              [
                108.726689,
                21.771411
              ],
              [
                108.69961,
                21.908161
              ],
              [
                108.564386,
                21.882487
              ],
              [
                108.550887,
                21.670112
              ],
              [
                108.415955,
                21.642888
              ],
              [
                108.362088,
                21.545642
              ],
              [
                108.265232,
                21.550941
              ],
              [
                108.24115,
                21.573122
              ],
              [
                108.084365,
                21.525814
              ],
              [
                108.06607,
                21.468339
              ],
              [
                107.833554,
                21.423257
              ],
              [
                107.694359,
                21.306425
              ],
              [
                107.547787,
                21.269041
              ],
              [
                107.435847,
                21.207626
              ],
              [
                107.411881,
                20.972642
              ],
              [
                107.252915,
                20.911919
              ],
              [
                107.110909,
                20.95293
              ],
              [
                106.940833,
                20.903349
              ],
              [
                106.763635,
                20.956481
              ],
              [
                106.818865,
                20.864036
              ],
              [
                106.796989,
                20.640287
              ],
              [
                106.661211,
                20.545989
              ],
              [
                106.701583,
                20.35324
              ],
              [
                106.539465,
                20.181095
              ],
              [
                106.40587,
                20.118403
              ],
              [
                106.233368,
                19.957438
              ],
              [
                106.039818,
                19.886833
              ],
              [
                105.97553,
                19.731552
              ],
              [
                105.875346,
                19.589935
              ],
              [
                105.8762,
                19.278244
              ],
              [
                105.788235,
                19.09236
              ],
              [
                105.678084,
                18.973302
              ],
              [
                105.731392,
                18.827171
              ],
              [
                105.856243,
                18.700781
              ],
              [
                105.887061,
                18.544473
              ],
              [
                106.166987,
                18.212227
              ],
              [
                106.306312,
                18.196188
              ],
              [
                106.542878,
                18.02122
              ],
              [
                106.615042,
                17.785413
              ],
              [
                106.586561,
                17.653743
              ],
              [
                106.640161,
                17.564018
              ],
              [
                106.837831,
                17.30153
              ],
              [
                105.683712,
                17.359243
              ],
              [
                105.539202,
                18.070122
              ],
              [
                105.449013,
                18.460189
              ],
              [
                105.34262,
                18.843315
              ],
              [
                105.231136,
                19.169661
              ],
              [
                105.110755,
                19.451612
              ],
              [
                105.0,
                19.654327
              ],
              [
                105.0,
                22.18129
              ],
              [
                105.008536,
                22.181283
              ],
              [
                105.146411,
                22.167146
              ],
              [
                105.286045,
                22.140264
              ],
              [
                105.423912,
                22.101149
              ],
              [
                105.534915,
                22.059594
              ],
              [
                105.66042,
                21.999451
              ],
              [
                105.756224,
                21.941151
              ],
              [
                105.841898,
                21.875768
              ],
              [
                105.93798,
                21.783902
              ],
              [
                106.028487,
                21.773048
              ],
              [
                106.204478,
                21.778724
              ],
              [
                106.410852,
                21.799103
              ],
              [
                106.617217,
                21.828885
              ],
              [
                106.831875,
                21.869318
              ],
              [
                107.016471,
                21.913261
              ],
              [
                107.189077,
                21.965107
              ],
              [
                107.320968,
                22.015813
              ],
              [
                107.432309,
                22.072306
              ],
              [
                107.505465,
                22.123816
              ],
              [
                107.564962,
                22.190963
              ],
              [
                107.581535,
                22.226722
              ],
              [
                107.588407,
                22.263938
              ],
              [
                107.56953,
                22.366639
              ],
              [
                107.518427,
                22.485163
              ],
              [
                107.444019,
                22.605329
              ],
              [
                107.353216,
                22.725069
              ],
              [
                106.929082,
                23.203948
              ],
              [
                106.866876,
                23.297393
              ],
              [
                106.846349,
                23.362672
              ],
              [
                106.945817,
                23.902033
              ],
              [
                107.035661,
                24.293775
              ],
              [
                107.140499,
                24.652422
              ],
              [
                107.271247,
                25.008643
              ],
              [
                107.370538,
                25.090952
              ],
              [
                107.503681,
                25.171586
              ],
              [
                108.067341,
                25.43991
              ],
              [
                108.238906,
                25.528609
              ],
              [
                108.329113,
                25.584466
              ],
              [
                108.482673,
                25.696133
              ],
              [
                108.63781,
                25.784069
              ],
              [
                108.859775,
                25.876441
              ],
              [
                109.289518,
                26.012074
              ],
              [
                109.41737,
                26.070209
              ],
              [
                109.488425,
                26.127491
              ],
              [
                109.525876,
                26.189433
              ],
              [
                109.538723,
                26.266766
              ],
              [
                109.527311,
                26.371856
              ],
              [
                109.511934,
                26.425857
              ],
              [
                109.482489,
                26.485899
              ],
              [
                109.451186,
                26.528303
              ],
              [
                109.40296,
                26.574729
              ],
              [
                109.292817,
                26.641506
              ],
              [
                109.13956,
                26.693676
              ],
              [
                108.978398,
                26.724261
              ],
              [
                108.778773,
                26.744051
              ],
              [
                107.830412,
                26.761865
              ],
              [
                107.630346,
                26.772858
              ],
              [
                107.440391,
                26.793764
              ],
              [
                107.264551,
                26.827958
              ],
              [
                107.106824,
                26.878835
              ],
              [
                106.98506,
                26.940825
              ],
              [
                106.85297,
                27.034839
              ],
              [
                106.738128,
                27.136704
              ],
              [
                106.649856,
                27.242211
              ],
              [
                106.577886,
                27.366345
              ],
              [
                106.532703,
                27.493231
              ],
              [
                106.50861,
                27.637874
              ],
              [
                106.509056,
                27.815109
              ],
              [
                106.531895,
                27.990028
              ],
              [
                106.613915,
                28.404327
              ],
              [
                106.624317,
                28.509466
              ],
              [
                106.622168,
                28.594953
              ],
              [
                106.598968,
                28.694639
              ],
              [
                106.554314,
                28.772356
              ],
              [
                106.482402,
                28.838589
              ],
              [
                106.378788,
                28.892128
              ],
              [
                106.305093,
                28.87549
              ],
              [
                106.215791,
                28.844249
              ],
              [
                105.689577,
                28.613881
              ],
              [
                105.438655,
                28.520897
              ],
              [
                105.368573,
                28.514778
              ],
              [
                105.282674,
                28.517766
              ],
              [
                105.0,
                28.544133
              ],
              [
                105.0,
                37.735229
              ],
              [
                105.083071,
                37.761048
              ]
            ],
            [
              [
                118.837824,
                33.120726
              ],
              [
                118.897028,
                33.285232
              ],
              [
                118.801299,
                33.396185
              ],
              [
                118.673058,
                33.482669
              ],
              [
                118.71211,
                33.362305
              ],
              [
                118.63993,
                33.30881
              ],
              [
                118.504614,
                33.321295
              ],
              [
                118.448906,
                33.207985
              ],
              [
                118.474377,
                33.124055
              ],
              [
                118.583269,
                33.046113
              ],
              [
                118.627031,
                33.132224
              ],
              [
                118.751853,
                33.138254
              ],
              [
                118.837824,
                33.120726
              ]
            ],
            [
              [
                120.386619,
                31.000268
              ],
              [
                120.472981,
                31.125277
              ],
              [
                120.400458,
                31.263285
              ],
              [
                120.344255,
                31.416024
              ],
              [
                120.217028,
                31.487293
              ],
              [
                120.146624,
                31.440329
              ],
              [
                120.119321,
                31.173639
              ],
              [
                120.180611,
                31.077911
              ],
              [
                120.28772,
                31.0097
              ],
              [
                120.386619,
                31.000268
              ]
            ]
          ],
          [
            [
              [
                110.920345,
                20.116134
              ],
              [
                110.985131,
                20.087581
              ],
              [
                110.971422,
                19.931956
              ],
              [
                111.022907,
                19.754706
              ],
              [
                111.034474,
                19.605486
              ],
              [
                110.91065,
                19.520742
              ],
              [
                110.772436,
                19.367103
              ],
              [
                110.628897,
                19.127539
              ],
              [
                110.514884,
                18.660233
              ],
              [
                110.405056,
                18.620749
              ],
              [
                110.306289,
                18.628153
              ],
              [
                110.127824,
                18.446033
              ],
              [
                110.112663,
                18.362529
              ],
              [
                109.964958,
                18.364991
              ],
              [
                109.799194,
                18.337138
              ],
              [
                109.787613,
                18.182514
              ],
              [
                109.581469,
                18.165357
              ],
              [
                109.490659,
                18.257341
              ],
              [
                109.211332,
                18.260684
              ],
              [
                108.783615,
                18.4741
              ],
              [
                108.762681,
                18.662276
              ],
              [
                108.713766,
                18.797629
              ],
              [
                108.685472,
                19.009714
              ],
              [
                108.733756,
                19.10939
              ],
              [
                108.707607,
                19.220368
              ],
              [
                108.772778,
                19.332808
              ],
              [
                109.143887,
                19.545551
              ],
              [
                109.270459,
                19.568998
              ],
              [
                109.3427,
                19.66577
              ],
              [
                109.227705,
                19.685443
              ],
              [
                109.233897,
                19.774272
              ],
              [
                109.338368,
                19.830649
              ],
              [
                109.520504,
                19.81044
              ],
              [
                109.588055,
                19.837482
              ],
              [
                109.59378,
                19.915335
              ],
              [
                109.679457,
                19.949354
              ],
              [
                109.738043,
                19.952218
              ],
              [
                109.976044,
                19.897181
              ],
              [
                110.127943,
                19.917899
              ],
              [
                110.175565,
                19.984501
              ],
              [
                110.485123,
                20.00141
              ],
              [
                110.688632,
                20.040822
              ],
              [
                110.920345,
                20.116134
              ]
            ]
          ]
        ]
      },
      "properties": {
        "id": "tang-742-eastern-administration",
        "entityId": "tang",
        "regionIds": [
          "china-core",
          "southeast-asia"
        ],
        "validity": {
          "start": {
            "earliest": "0742-01-01",
            "latest": "0742-01-01"
          },
          "endExclusive": {
            "earliest": "0743-01-01",
            "latest": "0743-01-01"
          },
          "precision": "year",
          "label": "742年图幅 · 唐代东部行政参考（105°E以东；不代表全年实控）"
        },
        "temporalSupport": "snapshot",
        "snapshotYear": 742,
        "relation": "administration",
        "spatialPrecision": "disputed",
        "interpretationId": "yug-742-eastern-administration",
        "evidence": [
          {
            "sourceId": "commons-china-742",
            "locator": "Commons Summary: main part, Cambridge History Vol.3 map11 p.403; SVG Tang742/path6536",
            "note": "仅105°E以东来源行政参考；西部采用图8和约750年地图，全部排除。105°E是编制裁切限度，不是历史边界。未独立核对原书。"
          },
          {
            "sourceId": "natural-earth-registration-lakes",
            "locator": "data/registration/tang-742.json；六湖拟合、四湖独立检查",
            "note": "逐湖重读本SVG重心；现代湖泊只作配准，不生成历史边界。"
          }
        ],
        "review": {
          "status": "verified",
          "reviewerKind": "agent",
          "reviewer": "Codex（原图轮廓与配准一致性复核，非历史专家审定）",
          "checkedAt": "2026-10-05",
          "evidence": [
            {
              "sourceId": "commons-china-742",
              "locator": "Commons Summary: main part, Cambridge History Vol.3 map11 p.403; SVG Tang742/path6536",
              "note": "仅105°E以东来源行政参考；西部采用图8和约750年地图，全部排除。105°E是编制裁切限度，不是历史边界。未独立核对原书。"
            },
            {
              "sourceId": "natural-earth-registration-lakes",
              "locator": "data/registration/tang-742.json；六湖拟合、四湖独立检查",
              "note": "逐湖重读本SVG重心；现代湖泊只作配准，不生成历史边界。"
            }
          ]
        },
        "compilation": {
          "method": "相对及绝对M/L/C/Z显式转换；原填色路径、陆地与湖泊遮罩；0.1px保拓扑简化；LCC23/45仿射转换；仅105°E以东与画布内。边线取裁切前来源轮廓，人工裁切线不描边。",
          "sourceScale": null,
          "controlPoints": [
            [
              75.60486474487841,
              46.293999281742934
            ],
            [
              77.2717694322597,
              42.443675125013336
            ],
            [
              100.20433043045253,
              36.881116037183446
            ],
            [
              132.3903323708941,
              44.985999477910234
            ],
            [
              100.47905089635447,
              51.083946174389915
            ],
            [
              117.42480223631392,
              48.95548762046886
            ]
          ],
          "errorNote": "部分来源范围：105°E以西及画布外未录入，裁切限度不作为国界。四湖独立配准检查最大残差47.2公里；不是全图误差上限或历史精度。西部不使用异时资料拼接，邻国及原书史实仍待专家复核。",
          "extent": "partial-source",
          "boundaryGeometry": {
            "type": "MultiLineString",
            "coordinates": [
              [
                [
                  106.837831,
                  17.30153
                ],
                [
                  106.640161,
                  17.564018
                ],
                [
                  106.586561,
                  17.653743
                ],
                [
                  106.615042,
                  17.785413
                ],
                [
                  106.542878,
                  18.02122
                ],
                [
                  106.306312,
                  18.196188
                ],
                [
                  106.166987,
                  18.212227
                ],
                [
                  105.887061,
                  18.544473
                ],
                [
                  105.856243,
                  18.700781
                ],
                [
                  105.731392,
                  18.827171
                ],
                [
                  105.678084,
                  18.973302
                ],
                [
                  105.788235,
                  19.09236
                ],
                [
                  105.8762,
                  19.278244
                ],
                [
                  105.875346,
                  19.589935
                ],
                [
                  105.97553,
                  19.731552
                ],
                [
                  106.039818,
                  19.886833
                ],
                [
                  106.233368,
                  19.957438
                ],
                [
                  106.40587,
                  20.118403
                ],
                [
                  106.539465,
                  20.181095
                ],
                [
                  106.701583,
                  20.35324
                ],
                [
                  106.661211,
                  20.545989
                ],
                [
                  106.796989,
                  20.640287
                ],
                [
                  106.818865,
                  20.864036
                ],
                [
                  106.763635,
                  20.956481
                ],
                [
                  106.940833,
                  20.903349
                ],
                [
                  107.110909,
                  20.95293
                ],
                [
                  107.252915,
                  20.911919
                ],
                [
                  107.411881,
                  20.972642
                ],
                [
                  107.435847,
                  21.207626
                ],
                [
                  107.547787,
                  21.269041
                ],
                [
                  107.694359,
                  21.306425
                ],
                [
                  107.833554,
                  21.423257
                ],
                [
                  108.06607,
                  21.468339
                ],
                [
                  108.084365,
                  21.525814
                ],
                [
                  108.24115,
                  21.573122
                ],
                [
                  108.265232,
                  21.550941
                ],
                [
                  108.362088,
                  21.545642
                ],
                [
                  108.415955,
                  21.642888
                ],
                [
                  108.550887,
                  21.670112
                ],
                [
                  108.564386,
                  21.882487
                ],
                [
                  108.69961,
                  21.908161
                ],
                [
                  108.726689,
                  21.771411
                ],
                [
                  108.837939,
                  21.618597
                ],
                [
                  108.914061,
                  21.682286
                ],
                [
                  109.042142,
                  21.606251
                ],
                [
                  109.172442,
                  21.564748
                ],
                [
                  109.209016,
                  21.38286
                ],
                [
                  109.29621,
                  21.433005
                ],
                [
                  109.588924,
                  21.471014
                ],
                [
                  109.555354,
                  21.66408
                ],
                [
                  109.615809,
                  21.671214
                ],
                [
                  109.747638,
                  21.493766
                ],
                [
                  110.022578,
                  21.452442
                ],
                [
                  109.955196,
                  21.355516
                ],
                [
                  109.80845,
                  21.175011
                ],
                [
                  109.732394,
                  20.820119
                ],
                [
                  109.861325,
                  20.777912
                ],
                [
                  109.865199,
                  20.519361
                ],
                [
                  110.06046,
                  20.404302
                ],
                [
                  109.996714,
                  20.364438
                ],
                [
                  110.024717,
                  20.250108
                ],
                [
                  110.380868,
                  20.23528
                ],
                [
                  110.559757,
                  20.378599
                ],
                [
                  110.577197,
                  20.445288
                ],
                [
                  110.423851,
                  20.613771
                ],
                [
                  110.401339,
                  20.772453
                ],
                [
                  110.273553,
                  20.826356
                ],
                [
                  110.23801,
                  20.974934
                ],
                [
                  110.352791,
                  21.068067
                ],
                [
                  110.530961,
                  21.167502
                ],
                [
                  110.650447,
                  21.169566
                ],
                [
                  110.837937,
                  21.369555
                ],
                [
                  111.030421,
                  21.365494
                ],
                [
                  111.122547,
                  21.458452
                ],
                [
                  111.388107,
                  21.449241
                ],
                [
                  111.479017,
                  21.508584
                ],
                [
                  111.63503,
                  21.495369
                ],
                [
                  111.800861,
                  21.582932
                ],
                [
                  111.810609,
                  21.682583
                ],
                [
                  111.9595,
                  21.715612
                ],
                [
                  112.073734,
                  21.76133
                ],
                [
                  112.422089,
                  21.729645
                ],
                [
                  112.468401,
                  21.827357
                ],
                [
                  112.643887,
                  21.766177
                ],
                [
                  112.863891,
                  21.880753
                ],
                [
                  113.056051,
                  21.862024
                ],
                [
                  113.065808,
                  22.125526
                ],
                [
                  113.122664,
                  22.215135
                ],
                [
                  113.262025,
                  22.005274
                ],
                [
                  113.453855,
                  22.190328
                ],
                [
                  113.408883,
                  22.337806
                ],
                [
                  113.529629,
                  22.205001
                ],
                [
                  113.602796,
                  22.210085
                ],
                [
                  113.658739,
                  22.286978
                ],
                [
                  113.656255,
                  22.368535
                ],
                [
                  113.608129,
                  22.538973
                ],
                [
                  113.608409,
                  22.696077
                ],
                [
                  113.574869,
                  22.75987
                ],
                [
                  113.621572,
                  22.84632
                ],
                [
                  113.708588,
                  22.746079
                ],
                [
                  113.8164,
                  22.744666
                ],
                [
                  113.8501,
                  22.633048
                ],
                [
                  113.95232,
                  22.52402
                ],
                [
                  114.0865,
                  22.516706
                ],
                [
                  114.017619,
                  22.362758
                ],
                [
                  114.140115,
                  22.360814
                ],
                [
                  114.350018,
                  22.294444
                ],
                [
                  114.333176,
                  22.37766
                ],
                [
                  114.437535,
                  22.423683
                ],
                [
                  114.299811,
                  22.55955
                ],
                [
                  114.469151,
                  22.601275
                ],
                [
                  114.600859,
                  22.526204
                ],
                [
                  114.635889,
                  22.692222
                ],
                [
                  114.81547,
                  22.750593
                ],
                [
                  114.817547,
                  22.580334
                ],
                [
                  114.97624,
                  22.573344
                ],
                [
                  115.064544,
                  22.676932
                ],
                [
                  115.253551,
                  22.802425
                ],
                [
                  115.400583,
                  22.796231
                ],
                [
                  115.456003,
                  22.75584
                ],
                [
                  115.454086,
                  22.653401
                ],
                [
                  115.587355,
                  22.63733
                ],
                [
                  115.651252,
                  22.822307
                ],
                [
                  115.707219,
                  22.873192
                ],
                [
                  115.886369,
                  22.748407
                ],
                [
                  116.085402,
                  22.84887
                ],
                [
                  116.198079,
                  22.857188
                ],
                [
                  116.358387,
                  22.939611
                ],
                [
                  116.594363,
                  22.942952
                ],
                [
                  116.653816,
                  23.174929
                ],
                [
                  116.859599,
                  23.226883
                ],
                [
                  116.804526,
                  23.348499
                ],
                [
                  116.711878,
                  23.395965
                ],
                [
                  116.9955,
                  23.381053
                ],
                [
                  117.189869,
                  23.434031
                ],
                [
                  117.104257,
                  23.52612
                ],
                [
                  117.207875,
                  23.626638
                ],
                [
                  117.376655,
                  23.592362
                ],
                [
                  117.437898,
                  23.74379
                ],
                [
                  117.568771,
                  23.703107
                ],
                [
                  117.552859,
                  23.910518
                ],
                [
                  117.728687,
                  23.840776
                ],
                [
                  117.759774,
                  24.03044
                ],
                [
                  117.894576,
                  24.011491
                ],
                [
                  118.017257,
                  24.142912
                ],
                [
                  118.129428,
                  24.219069
                ],
                [
                  118.087587,
                  24.339929
                ],
                [
                  117.99149,
                  24.444375
                ],
                [
                  118.193291,
                  24.449666
                ],
                [
                  118.299109,
                  24.549416
                ],
                [
                  118.458431,
                  24.595892
                ],
                [
                  118.666947,
                  24.565301
                ],
                [
                  118.742946,
                  24.633622
                ],
                [
                  118.809506,
                  24.72749
                ],
                [
                  118.720181,
                  24.797605
                ],
                [
                  118.699388,
                  24.893093
                ],
                [
                  118.960815,
                  24.865568
                ],
                [
                  119.023785,
                  24.937195
                ],
                [
                  118.972543,
                  25.071541
                ],
                [
                  119.198134,
                  25.19839
                ],
                [
                  119.315932,
                  25.21463
                ],
                [
                  119.226634,
                  25.35503
                ],
                [
                  119.27371,
                  25.474705
                ],
                [
                  119.377527,
                  25.550102
                ],
                [
                  119.499792,
                  25.451476
                ],
                [
                  119.606084,
                  25.412213
                ],
                [
                  119.646655,
                  25.485768
                ],
                [
                  119.561734,
                  25.648709
                ],
                [
                  119.70363,
                  25.789378
                ],
                [
                  119.659265,
                  25.899055
                ],
                [
                  119.702997,
                  25.9965
                ],
                [
                  119.65007,
                  26.120393
                ],
                [
                  119.745727,
                  26.289868
                ],
                [
                  119.853237,
                  26.377462
                ],
                [
                  119.818486,
                  26.462949
                ],
                [
                  119.65685,
                  26.638135
                ],
                [
                  119.719151,
                  26.755811
                ],
                [
                  119.878161,
                  26.708234
                ],
                [
                  119.917214,
                  26.644908
                ],
                [
                  119.989025,
                  26.81825
                ],
                [
                  120.172113,
                  26.893897
                ],
                [
                  120.259277,
                  26.937342
                ],
                [
                  120.302629,
                  27.092321
                ],
                [
                  120.42034,
                  27.166663
                ],
                [
                  120.343929,
                  27.236215
                ],
                [
                  120.470416,
                  27.215967
                ],
                [
                  120.643416,
                  27.363009
                ],
                [
                  120.663253,
                  27.533397
                ],
                [
                  120.697881,
                  27.632552
                ],
                [
                  120.831318,
                  27.842017
                ],
                [
                  120.940595,
                  27.986489
                ],
                [
                  121.040485,
                  28.029006
                ],
                [
                  121.121792,
                  28.294508
                ],
                [
                  121.28653,
                  28.324753
                ],
                [
                  121.278563,
                  28.093082
                ],
                [
                  121.452985,
                  28.23938
                ],
                [
                  121.641455,
                  28.311187
                ],
                [
                  121.579978,
                  28.520251
                ],
                [
                  121.518682,
                  28.670232
                ],
                [
                  121.68388,
                  28.759046
                ],
                [
                  121.717886,
                  28.916099
                ],
                [
                  121.895915,
                  29.060249
                ],
                [
                  121.874581,
                  29.203746
                ],
                [
                  121.978421,
                  29.255254
                ],
                [
                  121.964846,
                  29.43356
                ],
                [
                  121.99899,
                  29.707671
                ],
                [
                  121.865447,
                  29.531254
                ],
                [
                  121.720774,
                  29.544151
                ],
                [
                  121.95023,
                  29.727518
                ],
                [
                  122.202208,
                  29.836003
                ],
                [
                  122.400846,
                  29.882546
                ],
                [
                  122.400759,
                  29.999587
                ],
                [
                  122.137755,
                  30.150337
                ],
                [
                  122.012888,
                  30.136952
                ],
                [
                  121.900506,
                  29.991412
                ],
                [
                  121.760599,
                  29.968801
                ],
                [
                  121.614072,
                  30.098624
                ],
                [
                  121.414691,
                  30.294612
                ],
                [
                  121.213065,
                  30.304476
                ],
                [
                  120.925502,
                  30.151932
                ],
                [
                  120.785598,
                  30.128152
                ],
                [
                  120.558691,
                  30.19856
                ],
                [
                  120.358218,
                  30.277341
                ],
                [
                  120.330807,
                  30.339178
                ],
                [
                  120.51691,
                  30.392339
                ],
                [
                  120.7964,
                  30.371386
                ],
                [
                  120.962549,
                  30.391022
                ],
                [
                  121.004115,
                  30.524207
                ],
                [
                  121.379667,
                  30.697127
                ],
                [
                  121.646692,
                  30.804805
                ],
                [
                  121.856905,
                  30.956175
                ],
                [
                  121.937736,
                  31.129049
                ],
                [
                  121.782314,
                  31.295104
                ],
                [
                  121.526591,
                  31.431076
                ],
                [
                  121.33634,
                  31.567382
                ],
                [
                  121.253402,
                  31.684687
                ],
                [
                  120.803643,
                  31.826646
                ],
                [
                  120.803775,
                  31.955033
                ],
                [
                  120.611644,
                  32.019478
                ],
                [
                  120.37849,
                  31.961502
                ],
                [
                  120.294791,
                  31.951163
                ],
                [
                  120.412911,
                  32.061508
                ],
                [
                  120.600409,
                  32.103427
                ],
                [
                  120.849479,
                  32.041684
                ],
                [
                  120.9191,
                  31.913882
                ],
                [
                  121.053845,
                  31.844989
                ],
                [
                  121.306727,
                  31.804632
                ],
                [
                  121.487208,
                  31.752366
                ],
                [
                  121.652592,
                  31.632916
                ],
                [
                  121.883655,
                  31.558638
                ],
                [
                  122.006384,
                  31.561306
                ],
                [
                  122.062734,
                  31.622716
                ],
                [
                  121.95521,
                  31.815623
                ],
                [
                  121.724359,
                  32.076359
                ],
                [
                  121.48488,
                  32.173135
                ],
                [
                  121.440904,
                  32.414284
                ],
                [
                  121.216652,
                  32.530999
                ],
                [
                  120.962381,
                  32.630244
                ],
                [
                  120.879892,
                  32.700845
                ],
                [
                  120.953124,
                  32.841025
                ],
                [
                  120.916705,
                  32.99828
                ],
                [
                  120.678077,
                  33.443483
                ],
                [
                  120.535602,
                  33.756559
                ],
                [
                  120.362845,
                  34.202183
                ],
                [
                  120.251546,
                  34.335451
                ],
                [
                  119.614707,
                  34.601751
                ],
                [
                  119.513625,
                  34.73265
                ],
                [
                  119.219174,
                  34.819668
                ],
                [
                  119.232942,
                  35.027907
                ],
                [
                  119.394245,
                  35.120779
                ],
                [
                  119.461124,
                  35.310157
                ],
                [
                  119.56453,
                  35.400851
                ],
                [
                  119.723062,
                  35.610462
                ],
                [
                  119.913483,
                  35.631074
                ],
                [
                  119.978514,
                  35.737059
                ],
                [
                  120.101807,
                  35.906728
                ],
                [
                  120.263369,
                  35.987241
                ],
                [
                  120.138748,
                  36.1449
                ],
                [
                  120.23667,
                  36.201449
                ],
                [
                  120.364419,
                  36.123934
                ],
                [
                  120.541089,
                  36.075132
                ],
                [
                  120.722532,
                  36.176755
                ],
                [
                  120.76921,
                  36.449581
                ],
                [
                  120.880527,
                  36.561431
                ],
                [
                  121.012426,
                  36.564869
                ],
                [
                  121.304962,
                  36.695397
                ],
                [
                  121.511338,
                  36.769308
                ],
                [
                  121.784406,
                  36.878807
                ],
                [
                  121.960584,
                  37.003002
                ],
                [
                  122.110308,
                  36.956393
                ],
                [
                  122.193548,
                  37.00104
                ],
                [
                  122.321283,
                  36.865137
                ],
                [
                  122.531409,
                  36.947105
                ],
                [
                  122.49829,
                  37.105676
                ],
                [
                  122.581802,
                  37.207903
                ],
                [
                  122.618573,
                  37.413035
                ],
                [
                  122.44857,
                  37.49804
                ],
                [
                  122.276086,
                  37.45605
                ],
                [
                  122.108357,
                  37.551719
                ],
                [
                  121.802468,
                  37.506802
                ],
                [
                  121.554495,
                  37.450969
                ],
                [
                  121.436894,
                  37.514936
                ],
                [
                  121.359799,
                  37.620258
                ],
                [
                  121.226169,
                  37.617186
                ],
                [
                  121.013698,
                  37.77687
                ],
                [
                  120.843824,
                  37.870836
                ],
                [
                  120.599007,
                  37.83712
                ],
                [
                  120.324328,
                  37.72519
                ],
                [
                  120.24183,
                  37.549818
                ],
                [
                  119.945525,
                  37.405781
                ],
                [
                  119.862065,
                  37.220324
                ],
                [
                  119.643923,
                  37.086475
                ],
                [
                  119.254812,
                  37.175184
                ],
                [
                  118.974455,
                  37.304333
                ],
                [
                  119.020111,
                  37.739142
                ],
                [
                  118.866869,
                  37.922717
                ],
                [
                  118.604957,
                  38.013721
                ],
                [
                  118.453028,
                  38.137611
                ],
                [
                  118.285538,
                  38.111282
                ],
                [
                  118.081245,
                  38.044861
                ],
                [
                  117.72878,
                  38.35402
                ],
                [
                  117.614689,
                  38.609451
                ],
                [
                  117.64205,
                  38.906588
                ],
                [
                  117.780027,
                  39.087573
                ],
                [
                  118.038716,
                  39.183852
                ],
                [
                  118.172995,
                  39.190453
                ],
                [
                  118.362472,
                  39.085661
                ],
                [
                  118.518108,
                  39.125039
                ],
                [
                  118.622342,
                  39.192176
                ],
                [
                  118.825915,
                  39.166499
                ],
                [
                  118.921957,
                  39.201532
                ],
                [
                  118.990836,
                  39.168371
                ],
                [
                  119.081677,
                  39.388729
                ],
                [
                  119.197221,
                  39.582909
                ],
                [
                  119.401882,
                  39.763975
                ],
                [
                  119.563321,
                  39.811571
                ],
                [
                  119.585615,
                  39.913173
                ],
                [
                  119.92687,
                  40.018254
                ],
                [
                  120.32579,
                  40.173432
                ],
                [
                  120.522929,
                  40.238055
                ],
                [
                  120.590131,
                  40.460912
                ],
                [
                  120.867139,
                  40.665963
                ],
                [
                  120.972772,
                  40.719923
                ],
                [
                  121.037225,
                  40.861293
                ],
                [
                  121.25172,
                  40.924059
                ],
                [
                  121.54962,
                  40.892775
                ],
                [
                  121.663507,
                  40.940375
                ],
                [
                  121.771239,
                  41.005648
                ],
                [
                  121.855702,
                  41.080991
                ],
                [
                  121.917551,
                  41.164799
                ],
                [
                  121.957427,
                  41.255453
                ],
                [
                  121.976797,
                  41.363594
                ],
                [
                  121.972041,
                  41.463374
                ],
                [
                  121.942761,
                  41.577606
                ],
                [
                  121.88899,
                  41.691662
                ],
                [
                  121.811614,
                  41.803176
                ],
                [
                  121.735691,
                  41.886632
                ],
                [
                  121.646469,
                  41.965994
                ],
                [
                  121.544397,
                  42.04014
                ],
                [
                  121.429934,
                  42.107948
                ],
                [
                  121.303552,
                  42.168292
                ],
                [
                  121.186109,
                  42.213223
                ],
                [
                  121.038905,
                  42.256721
                ],
                [
                  120.904373,
                  42.285547
                ],
                [
                  120.762484,
                  42.305816
                ],
                [
                  120.61359,
                  42.316818
                ],
                [
                  120.323627,
                  42.310562
                ],
                [
                  120.013658,
                  42.266392
                ],
                [
                  119.837021,
                  42.224751
                ],
                [
                  119.686127,
                  42.179924
                ],
                [
                  119.487568,
                  42.026395
                ],
                [
                  119.329405,
                  41.861259
                ],
                [
                  119.216615,
                  41.685978
                ],
                [
                  119.151316,
                  41.502456
                ],
                [
                  119.132036,
                  41.324716
                ],
                [
                  119.151203,
                  41.131942
                ],
                [
                  119.197948,
                  40.950192
                ],
                [
                  119.315959,
                  40.601858
                ],
                [
                  119.341204,
                  40.475159
                ],
                [
                  119.340941,
                  40.411161
                ],
                [
                  119.327268,
                  40.352759
                ],
                [
                  119.301936,
                  40.305771
                ],
                [
                  119.262462,
                  40.26362
                ],
                [
                  119.207174,
                  40.226492
                ],
                [
                  119.134397,
                  40.194567
                ],
                [
                  119.042453,
                  40.168012
                ],
                [
                  118.929657,
                  40.146982
                ],
                [
                  118.612984,
                  40.121257
                ],
                [
                  118.178093,
                  40.122143
                ],
                [
                  117.458289,
                  39.970626
                ],
                [
                  117.22044,
                  39.932367
                ],
                [
                  117.051363,
                  39.917563
                ],
                [
                  116.98053,
                  39.920489
                ],
                [
                  116.93659,
                  39.932236
                ],
                [
                  116.915591,
                  39.953686
                ],
                [
                  116.918863,
                  39.985482
                ],
                [
                  116.976274,
                  40.061074
                ],
                [
                  117.201799,
                  40.267298
                ],
                [
                  117.285321,
                  40.358122
                ],
                [
                  117.326801,
                  40.440465
                ],
                [
                  117.324847,
                  40.475018
                ],
                [
                  117.307536,
                  40.502991
                ],
                [
                  117.25627,
                  40.534357
                ],
                [
                  117.175545,
                  40.555377
                ],
                [
                  117.058858,
                  40.567154
                ],
                [
                  116.914728,
                  40.56869
                ],
                [
                  116.509917,
                  40.540195
                ],
                [
                  115.941441,
                  40.464891
                ],
                [
                  115.8806,
                  40.463116
                ],
                [
                  115.839752,
                  40.471356
                ],
                [
                  115.820759,
                  40.483459
                ],
                [
                  115.808995,
                  40.506621
                ],
                [
                  115.818864,
                  40.563395
                ],
                [
                  115.981714,
                  40.840352
                ],
                [
                  116.019529,
                  40.953548
                ],
                [
                  116.012986,
                  41.001345
                ],
                [
                  115.991113,
                  41.033412
                ],
                [
                  115.951762,
                  41.058804
                ],
                [
                  115.892459,
                  41.07641
                ],
                [
                  115.73853,
                  41.086464
                ],
                [
                  115.664245,
                  41.076252
                ],
                [
                  115.600338,
                  41.056465
                ],
                [
                  115.506799,
                  41.004764
                ],
                [
                  115.297473,
                  40.839184
                ],
                [
                  115.178959,
                  40.785707
                ],
                [
                  115.105429,
                  40.770967
                ],
                [
                  115.01938,
                  40.766825
                ],
                [
                  114.800902,
                  40.793432
                ],
                [
                  114.694214,
                  40.796074
                ],
                [
                  114.581831,
                  40.785389
                ],
                [
                  114.46454,
                  40.763125
                ],
                [
                  114.31841,
                  40.723583
                ],
                [
                  114.142186,
                  40.663592
                ],
                [
                  113.492545,
                  40.398703
                ],
                [
                  113.237786,
                  40.30519
                ],
                [
                  113.089899,
                  40.261801
                ],
                [
                  112.970512,
                  40.235672
                ],
                [
                  112.855309,
                  40.220561
                ],
                [
                  112.766583,
                  40.217605
                ],
                [
                  112.660496,
                  40.226825
                ],
                [
                  112.511799,
                  40.260415
                ],
                [
                  112.422937,
                  40.293389
                ],
                [
                  112.243172,
                  40.383287
                ],
                [
                  112.129188,
                  40.429307
                ],
                [
                  111.969083,
                  40.475185
                ],
                [
                  111.768697,
                  40.514893
                ],
                [
                  111.533312,
                  40.547727
                ],
                [
                  111.233146,
                  40.577053
                ],
                [
                  110.444356,
                  40.621022
                ],
                [
                  110.176828,
                  40.641028
                ],
                [
                  109.861552,
                  40.677266
                ],
                [
                  109.558107,
                  40.729094
                ],
                [
                  109.251635,
                  40.804658
                ],
                [
                  108.984927,
                  40.89691
                ],
                [
                  108.758262,
                  41.000856
                ],
                [
                  108.388525,
                  41.203917
                ],
                [
                  108.250985,
                  41.258248
                ],
                [
                  108.139719,
                  41.281083
                ],
                [
                  108.029131,
                  41.285745
                ],
                [
                  107.901501,
                  41.273142
                ],
                [
                  107.787223,
                  41.245798
                ],
                [
                  107.64427,
                  41.193029
                ],
                [
                  107.494581,
                  41.120086
                ],
                [
                  107.341951,
                  41.029397
                ],
                [
                  107.168743,
                  40.907156
                ],
                [
                  107.022438,
                  40.78669
                ],
                [
                  106.884884,
                  40.656215
                ],
                [
                  106.759706,
                  40.518231
                ],
                [
                  106.650481,
                  40.375248
                ],
                [
                  106.560739,
                  40.229787
                ],
                [
                  106.493966,
                  40.084375
                ],
                [
                  106.267134,
                  39.345857
                ],
                [
                  106.174904,
                  39.089429
                ],
                [
                  106.077329,
                  38.854306
                ],
                [
                  105.986903,
                  38.666153
                ],
                [
                  105.885858,
                  38.485278
                ],
                [
                  105.773173,
                  38.314916
                ],
                [
                  105.662395,
                  38.174922
                ],
                [
                  105.556658,
                  38.063118
                ],
                [
                  105.442168,
                  37.962878
                ],
                [
                  105.318399,
                  37.875714
                ],
                [
                  105.204517,
                  37.812551
                ],
                [
                  105.083071,
                  37.761048
                ],
                [
                  105.0,
                  37.735229
                ]
              ],
              [
                [
                  105.0,
                  28.544133
                ],
                [
                  105.282674,
                  28.517766
                ],
                [
                  105.368573,
                  28.514778
                ],
                [
                  105.438655,
                  28.520897
                ],
                [
                  105.689577,
                  28.613881
                ],
                [
                  106.215791,
                  28.844249
                ],
                [
                  106.305093,
                  28.87549
                ],
                [
                  106.378788,
                  28.892128
                ],
                [
                  106.482402,
                  28.838589
                ],
                [
                  106.554314,
                  28.772356
                ],
                [
                  106.598968,
                  28.694639
                ],
                [
                  106.622168,
                  28.594953
                ],
                [
                  106.624317,
                  28.509466
                ],
                [
                  106.613915,
                  28.404327
                ],
                [
                  106.531895,
                  27.990028
                ],
                [
                  106.509056,
                  27.815109
                ],
                [
                  106.50861,
                  27.637874
                ],
                [
                  106.532703,
                  27.493231
                ],
                [
                  106.577886,
                  27.366345
                ],
                [
                  106.649856,
                  27.242211
                ],
                [
                  106.738128,
                  27.136704
                ],
                [
                  106.85297,
                  27.034839
                ],
                [
                  106.98506,
                  26.940825
                ],
                [
                  107.106824,
                  26.878835
                ],
                [
                  107.264551,
                  26.827958
                ],
                [
                  107.440391,
                  26.793764
                ],
                [
                  107.630346,
                  26.772858
                ],
                [
                  107.830412,
                  26.761865
                ],
                [
                  108.778773,
                  26.744051
                ],
                [
                  108.978398,
                  26.724261
                ],
                [
                  109.13956,
                  26.693676
                ],
                [
                  109.292817,
                  26.641506
                ],
                [
                  109.40296,
                  26.574729
                ],
                [
                  109.451186,
                  26.528303
                ],
                [
                  109.482489,
                  26.485899
                ],
                [
                  109.511934,
                  26.425857
                ],
                [
                  109.527311,
                  26.371856
                ],
                [
                  109.538723,
                  26.266766
                ],
                [
                  109.525876,
                  26.189433
                ],
                [
                  109.488425,
                  26.127491
                ],
                [
                  109.41737,
                  26.070209
                ],
                [
                  109.289518,
                  26.012074
                ],
                [
                  108.859775,
                  25.876441
                ],
                [
                  108.63781,
                  25.784069
                ],
                [
                  108.482673,
                  25.696133
                ],
                [
                  108.329113,
                  25.584466
                ],
                [
                  108.238906,
                  25.528609
                ],
                [
                  108.067341,
                  25.43991
                ],
                [
                  107.503681,
                  25.171586
                ],
                [
                  107.370538,
                  25.090952
                ],
                [
                  107.271247,
                  25.008643
                ],
                [
                  107.140499,
                  24.652422
                ],
                [
                  107.035661,
                  24.293775
                ],
                [
                  106.945817,
                  23.902033
                ],
                [
                  106.846349,
                  23.362672
                ],
                [
                  106.866876,
                  23.297393
                ],
                [
                  106.929082,
                  23.203948
                ],
                [
                  107.353216,
                  22.725069
                ],
                [
                  107.444019,
                  22.605329
                ],
                [
                  107.518427,
                  22.485163
                ],
                [
                  107.56953,
                  22.366639
                ],
                [
                  107.588407,
                  22.263938
                ],
                [
                  107.581535,
                  22.226722
                ],
                [
                  107.564962,
                  22.190963
                ],
                [
                  107.505465,
                  22.123816
                ],
                [
                  107.432309,
                  22.072306
                ],
                [
                  107.320968,
                  22.015813
                ],
                [
                  107.189077,
                  21.965107
                ],
                [
                  107.016471,
                  21.913261
                ],
                [
                  106.831875,
                  21.869318
                ],
                [
                  106.617217,
                  21.828885
                ],
                [
                  106.410852,
                  21.799103
                ],
                [
                  106.204478,
                  21.778724
                ],
                [
                  106.028487,
                  21.773048
                ],
                [
                  105.93798,
                  21.783902
                ],
                [
                  105.841898,
                  21.875768
                ],
                [
                  105.756224,
                  21.941151
                ],
                [
                  105.66042,
                  21.999451
                ],
                [
                  105.534915,
                  22.059594
                ],
                [
                  105.423912,
                  22.101149
                ],
                [
                  105.286045,
                  22.140264
                ],
                [
                  105.146411,
                  22.167146
                ],
                [
                  105.008536,
                  22.181283
                ],
                [
                  105.0,
                  22.18129
                ]
              ],
              [
                [
                  105.0,
                  19.654327
                ],
                [
                  105.110755,
                  19.451612
                ],
                [
                  105.231136,
                  19.169661
                ],
                [
                  105.34262,
                  18.843315
                ],
                [
                  105.449013,
                  18.460189
                ],
                [
                  105.539202,
                  18.070122
                ],
                [
                  105.683712,
                  17.359243
                ],
                [
                  106.837831,
                  17.30153
                ]
              ],
              [
                [
                  118.751853,
                  33.138254
                ],
                [
                  118.627031,
                  33.132224
                ],
                [
                  118.583269,
                  33.046113
                ],
                [
                  118.474377,
                  33.124055
                ],
                [
                  118.448906,
                  33.207985
                ],
                [
                  118.504614,
                  33.321295
                ],
                [
                  118.63993,
                  33.30881
                ],
                [
                  118.71211,
                  33.362305
                ],
                [
                  118.673058,
                  33.482669
                ],
                [
                  118.801299,
                  33.396185
                ],
                [
                  118.897028,
                  33.285232
                ],
                [
                  118.837824,
                  33.120726
                ],
                [
                  118.751853,
                  33.138254
                ]
              ],
              [
                [
                  120.28772,
                  31.0097
                ],
                [
                  120.180611,
                  31.077911
                ],
                [
                  120.119321,
                  31.173639
                ],
                [
                  120.146624,
                  31.440329
                ],
                [
                  120.217028,
                  31.487293
                ],
                [
                  120.344255,
                  31.416024
                ],
                [
                  120.400458,
                  31.263285
                ],
                [
                  120.472981,
                  31.125277
                ],
                [
                  120.386619,
                  31.000268
                ],
                [
                  120.28772,
                  31.0097
                ]
              ],
              [
                [
                  110.688632,
                  20.040822
                ],
                [
                  110.485123,
                  20.00141
                ],
                [
                  110.175565,
                  19.984501
                ],
                [
                  110.127943,
                  19.917899
                ],
                [
                  109.976044,
                  19.897181
                ],
                [
                  109.738043,
                  19.952218
                ],
                [
                  109.679457,
                  19.949354
                ],
                [
                  109.59378,
                  19.915335
                ],
                [
                  109.588055,
                  19.837482
                ],
                [
                  109.520504,
                  19.81044
                ],
                [
                  109.338368,
                  19.830649
                ],
                [
                  109.233897,
                  19.774272
                ],
                [
                  109.227705,
                  19.685443
                ],
                [
                  109.3427,
                  19.66577
                ],
                [
                  109.270459,
                  19.568998
                ],
                [
                  109.143887,
                  19.545551
                ],
                [
                  108.772778,
                  19.332808
                ],
                [
                  108.707607,
                  19.220368
                ],
                [
                  108.733756,
                  19.10939
                ],
                [
                  108.685472,
                  19.009714
                ],
                [
                  108.713766,
                  18.797629
                ],
                [
                  108.762681,
                  18.662276
                ],
                [
                  108.783615,
                  18.4741
                ],
                [
                  109.211332,
                  18.260684
                ],
                [
                  109.490659,
                  18.257341
                ],
                [
                  109.581469,
                  18.165357
                ],
                [
                  109.787613,
                  18.182514
                ],
                [
                  109.799194,
                  18.337138
                ],
                [
                  109.964958,
                  18.364991
                ],
                [
                  110.112663,
                  18.362529
                ],
                [
                  110.127824,
                  18.446033
                ],
                [
                  110.306289,
                  18.628153
                ],
                [
                  110.405056,
                  18.620749
                ],
                [
                  110.514884,
                  18.660233
                ],
                [
                  110.628897,
                  19.127539
                ],
                [
                  110.772436,
                  19.367103
                ],
                [
                  110.91065,
                  19.520742
                ],
                [
                  111.034474,
                  19.605486
                ],
                [
                  111.022907,
                  19.754706
                ],
                [
                  110.971422,
                  19.931956
                ],
                [
                  110.985131,
                  20.087581
                ],
                [
                  110.920345,
                  20.116134
                ],
                [
                  110.688632,
                  20.040822
                ]
              ]
            ]
          }
        }
      }
    }
  ]
}
