{
  "type": "FeatureCollection",
  "features": [
    {
      "type": "Feature",
      "geometry": {
        "type": "Polygon",
        "coordinates": [
          [
            [
              110.56766410727586,
              37.189084287032124
            ],
            [
              110.57672338517241,
              37.20949737651046
            ],
            [
              110.58578266306897,
              37.2299104659888
            ],
            [
              110.59484194096552,
              37.25032355546714
            ],
            [
              110.60390121886206,
              37.27073664494547
            ],
            [
              110.61296049675862,
              37.29114973442381
            ],
            [
              110.62201977465517,
              37.31156282390215
            ],
            [
              110.63107905255173,
              37.33197591338049
            ],
            [
              110.64013833044828,
              37.35238900285883
            ],
            [
              110.64919760834482,
              37.37280209233717
            ],
            [
              110.65825688624138,
              37.393215181815506
            ],
            [
              110.66731616413793,
              37.41362827129384
            ],
            [
              110.67637544203448,
              37.43404136077218
            ],
            [
              110.68543471993104,
              37.454454450250516
            ],
            [
              110.69449399782759,
              37.474867539728855
            ],
            [
              110.70355327572413,
              37.495280629207194
            ],
            [
              110.71261255362069,
              37.515693718685526
            ],
            [
              110.72167183151724,
              37.536106808163865
            ],
            [
              110.7307311094138,
              37.556519897642204
            ],
            [
              110.73979038731035,
              37.57693298712054
            ],
            [
              110.7488496652069,
              37.59734607659888
            ],
            [
              110.75790894310344,
              37.61775916607722
            ],
            [
              110.766968221,
              37.63817225555555
            ],
            [
              110.7628128847783,
              37.644455283598354
            ],
            [
              110.75868761829071,
              37.65068222713361
            ],
            [
              110.7545926264737,
              37.65685403852856
            ],
            [
              110.75052811426372,
              37.66297167015045
            ],
            [
              110.74649428659721,
              37.669036074366524
            ],
            [
              110.74249134841067,
              37.67504820354403
            ],
            [
              110.73851950464055,
              37.68100901005022
            ],
            [
              110.73457896022329,
              37.68691944625231
            ],
            [
              110.73066992009538,
              37.69278046451757
            ],
            [
              110.72679258919327,
              37.698593017213234
            ],
            [
              110.72294717245342,
              37.70435805670655
            ],
            [
              110.7191338748123,
              37.710076535364756
            ],
            [
              110.71535290120636,
              37.7157494055551
            ],
            [
              110.71160445657206,
              37.72137761964483
            ],
            [
              110.70788874584588,
              37.72696213000117
            ],
            [
              110.70420597396426,
              37.73250388899139
            ],
            [
              110.70055634586367,
              37.738003848982714
            ],
            [
              110.69694006648058,
              37.743462962342406
            ],
            [
              110.69335734075145,
              37.748882181437686
            ],
            [
              110.68980837361272,
              37.754262458635814
            ],
            [
              110.68629337000087,
              37.75960474630403
            ],
            [
              110.68281253485236,
              37.76490999680958
            ],
            [
              110.67936607310367,
              37.770179162519696
            ],
            [
              110.67595418969121,
              37.77541319580164
            ],
            [
              110.6725770895515,
              37.78061304902265
            ],
            [
              110.66923497762096,
              37.78577967454996
            ],
            [
              110.66592805883607,
              37.79091402475082
            ],
            [
              110.66265653813329,
              37.79601705199247
            ],
            [
              110.65942062044908,
              37.801089708642166
            ],
            [
              110.6562205107199,
              37.80613294706714
            ],
            [
              110.65305641388223,
              37.81114771963465
            ],
            [
              110.6499285348725,
              37.81613497871192
            ],
            [
              110.64683707862719,
              37.821095676666204
            ],
            [
              110.64378225008275,
              37.82603076586475
            ],
            [
              110.64076425417565,
              37.8309411986748
            ],
            [
              110.63778329584235,
              37.83582792746359
            ],
            [
              110.63483958001933,
              37.84069190459837
            ],
            [
              110.63193331164302,
              37.845534082446385
            ],
            [
              110.6290646956499,
              37.85035541337487
            ],
            [
              110.62623393697642,
              37.85515684975108
            ],
            [
              110.62344124055906,
              37.85993934394226
            ],
            [
              110.62068681133427,
              37.86470384831564
            ],
            [
              110.61797085423851,
              37.86945131523848
            ],
            [
              110.61529357420822,
              37.87418269707801
            ],
            [
              110.61265517617991,
              37.87889894620149
            ],
            [
              110.61005586509002,
              37.88360101497614
            ],
            [
              110.60749584587501,
              37.88828985576923
            ],
            [
              110.60497532347132,
              37.892966420947985
            ],
            [
              110.60249450281545,
              37.89763166287966
            ],
            [
              110.60005358884383,
              37.90228653393149
            ],
            [
              110.59765278649294,
              37.906931986470724
            ],
            [
              110.59529230069924,
              37.91156897286461
            ],
            [
              110.59297233639919,
              37.91619844548038
            ],
            [
              110.59069309852924,
              37.92082135668529
            ],
            [
              110.58845479202586,
              37.92543865884657
            ],
            [
              110.58625762182552,
              37.930051304331485
            ],
            [
              110.58410179286467,
              37.93466024550726
            ],
            [
              110.58198751007978,
              37.93926643474114
            ],
            [
              110.5799149784073,
              37.943870824400385
            ],
            [
              110.57788440278371,
              37.948474366852224
            ],
            [
              110.57589598814545,
              37.9530780144639
            ],
            [
              110.573949939429,
              37.957682719602666
            ],
            [
              110.5720464615708,
              37.962289434635764
            ],
            [
              110.57018575950734,
              37.96689911193043
            ],
            [
              110.56836803817507,
              37.97151270385392
            ],
            [
              110.56659350251044,
              37.97613116277346
            ],
            [
              110.56486235744993,
              37.98075544105631
            ],
            [
              110.56317480792997,
              37.98538649106971
            ],
            [
              110.56153105888706,
              37.990025265180904
            ],
            [
              110.55993131525763,
              37.99467271575713
            ],
            [
              110.55837578197817,
              37.99932979516564
            ],
            [
              110.55686466398512,
              38.00399745577368
            ],
            [
              110.55539816621496,
              38.008676649948484
            ],
            [
              110.55397649360413,
              38.01336833005729
            ],
            [
              110.5525998510891,
              38.01807344846736
            ],
            [
              110.55126844360635,
              38.02279295754593
            ],
            [
              110.54998247609231,
              38.02752780966025
            ],
            [
              110.54874215348346,
              38.032278957177546
            ],
            [
              110.54754768071626,
              38.03704735246508
            ],
            [
              110.54639926272716,
              38.04183394789008
            ],
            [
              110.54529710445266,
              38.04663969581981
            ],
            [
              110.54424141082917,
              38.0514655486215
            ],
            [
              110.54323238679318,
              38.05631245866239
            ],
            [
              110.54227023728114,
              38.06118137830974
            ],
            [
              110.54135516722954,
              38.06607325993078
            ],
            [
              110.5404873815748,
              38.07098905589276
            ],
            [
              110.53966708525341,
              38.07592971856292
            ],
            [
              110.53889448320183,
              38.0808962003085
            ],
            [
              110.5381697803565,
              38.08588945349676
            ],
            [
              110.5374931816539,
              38.09091043049493
            ],
            [
              110.5368648920305,
              38.095960083670256
            ],
            [
              110.53628511642273,
              38.10103936538999
            ],
            [
              110.53575405976709,
              38.10614922802136
            ],
            [
              110.535271927,
              38.11129062393162
            ],
            [
              110.53475442461433,
              38.117520171789366
            ],
            [
              110.53431503289282,
              38.12365902779059
            ],
            [
              110.53395306428447,
              38.12970838858382
            ],
            [
              110.53366783123833,
              38.13566945081758
            ],
            [
              110.5334586462034,
              38.141543411140375
            ],
            [
              110.5333248216287,
              38.147331466200725
            ],
            [
              110.53326566996324,
              38.15303481264715
            ],
            [
              110.53328050365607,
              38.15865464712817
            ],
            [
              110.5333686351562,
              38.16419216629229
            ],
            [
              110.53352937691261,
              38.169648566788034
            ],
            [
              110.53376204137437,
              38.175025045263915
            ],
            [
              110.53406594099049,
              38.18032279836846
            ],
            [
              110.53444038820996,
              38.185543022750174
            ],
            [
              110.53488469548182,
              38.19068691505758
            ],
            [
              110.5353981752551,
              38.195755671939196
            ],
            [
              110.5359801399788,
              38.20075049004353
            ],
            [
              110.53662990210195,
              38.20567256601911
            ],
            [
              110.53734677407357,
              38.21052309651445
            ],
            [
              110.53813006834267,
              38.21530327817806
            ],
            [
              110.53897909735828,
              38.22001430765847
            ],
            [
              110.5398931735694,
              38.22465738160418
            ],
            [
              110.54087160942508,
              38.22923369666372
            ],
            [
              110.54191371737431,
              38.233744449485606
            ],
            [
              110.54301880986614,
              38.238190836718346
            ],
            [
              110.54418619934957,
              38.24257405501046
            ],
            [
              110.54541519827362,
              38.24689530101047
            ],
            [
              110.5467051190873,
              38.25115577136689
            ],
            [
              110.54805527423966,
              38.25535666272823
            ],
            [
              110.54946497617969,
              38.25949917174302
            ],
            [
              110.55093353735641,
              38.26358449505977
            ],
            [
              110.55246027021886,
              38.267613829327
            ],
            [
              110.55404448721606,
              38.27158837119322
            ],
            [
              110.555685500797,
              38.27550931730694
            ],
            [
              110.55738262341073,
              38.2793778643167
            ],
            [
              110.55913516750624,
              38.28319520887101
            ],
            [
              110.56094244553259,
              38.286962547618366
            ],
            [
              110.56280376993877,
              38.29068107720731
            ],
            [
              110.56471845317378,
              38.294351994286345
            ],
            [
              110.5666858076867,
              38.29797649550399
            ],
            [
              110.5687051459265,
              38.30155577750877
            ],
            [
              110.5707757803422,
              38.305091036949186
            ],
            [
              110.57289702338285,
              38.30858347047377
            ],
            [
              110.57506818749745,
              38.31203427473103
            ],
            [
              110.57728858513502,
              38.315444646369485
            ],
            [
              110.57955752874459,
              38.31881578203766
            ],
            [
              110.58187433077516,
              38.322148878384056
            ],
            [
              110.58423830367576,
              38.325445132057204
            ],
            [
              110.58664875989543,
              38.32870573970561
            ],
            [
              110.58910501188313,
              38.3319318979778
            ],
            [
              110.59160637208795,
              38.33512480352229
            ],
            [
              110.59415215295888,
              38.33828565298759
            ],
            [
              110.59674166694492,
              38.341415643022216
            ],
            [
              110.59937422649513,
              38.34451597027469
            ],
            [
              110.60204914405848,
              38.34758783139353
            ],
            [
              110.60476573208403,
              38.35063242302726
            ],
            [
              110.60752330302078,
              38.35365094182438
            ],
            [
              110.61032116931777,
              38.35664458443341
            ],
            [
              110.61315864342399,
              38.35961454750287
            ],
            [
              110.61603503778848,
              38.36256202768129
            ],
            [
              110.61894966486025,
              38.36548822161717
            ],
            [
              110.62190183708833,
              38.36839432595903
            ],
            [
              110.62489086692172,
              38.37128153735539
            ],
            [
              110.62791606680946,
              38.37415105245476
            ],
            [
              110.63097674920056,
              38.377004067905666
            ],
            [
              110.63407222654403,
              38.37984178035663
            ],
            [
              110.63720181128892,
              38.38266538645615
            ],
            [
              110.64036481588421,
              38.385476082852755
            ],
            [
              110.64356055277895,
              38.38827506619496
            ],
            [
              110.64678833442215,
              38.39106353313128
            ],
            [
              110.65004747326283,
              38.393842680310236
            ],
            [
              110.65333728175,
              38.39661370438034
            ],
            [
              110.65665707233269,
              38.39937780199011
            ],
            [
              110.66000615745992,
              38.40213616978807
            ],
            [
              110.6633838495807,
              38.404890004422725
            ],
            [
              110.66678946114405,
              38.407640502542606
            ],
            [
              110.67022230459901,
              38.41038886079621
            ],
            [
              110.67368169239457,
              38.41313627583207
            ],
            [
              110.67716693697976,
              38.4158839442987
            ],
            [
              110.68067735080362,
              38.41863306284461
            ],
            [
              110.68421224631514,
              38.42138482811833
            ],
            [
              110.68777093596336,
              38.424140436768354
            ],
            [
              110.69135273219727,
              38.42690108544323
            ],
            [
              110.69495694746594,
              38.42966797079145
            ],
            [
              110.69858289421835,
              38.43244228946154
            ],
            [
              110.70222988490352,
              38.435225238102014
            ],
            [
              110.70589723197048,
              38.43801801336139
            ],
            [
              110.70958424786826,
              38.440821811888185
            ],
            [
              110.71329024504587,
              38.44363783033092
            ],
            [
              110.71701453595232,
              38.44646726533811
            ],
            [
              110.72075643303663,
              38.44931131355827
            ],
            [
              110.72451524874784,
              38.45217117163991
            ],
            [
              110.72829029553495,
              38.45504803623156
            ],
            [
              110.73208088584697,
              38.45794310398173
            ],
            [
              110.73588633213295,
              38.46085757153893
            ],
            [
              110.7397059468419,
              38.46379263555169
            ],
            [
              110.74353904242281,
              38.46674949266853
            ],
            [
              110.74738493132475,
              38.46972933953794
            ],
            [
              110.7512429259967,
              38.47273337280846
            ],
            [
              110.7551123388877,
              38.47576278912861
            ],
            [
              110.75899248244674,
              38.47881878514689
            ],
            [
              110.76288266912287,
              38.48190255751183
            ],
            [
              110.76678221136511,
              38.48501530287194
            ],
            [
              110.77069042162248,
              38.48815821787574
            ],
            [
              110.77460661234396,
              38.49133249917175
            ],
            [
              110.77853009597862,
              38.49453934340847
            ],
            [
              110.78246018497545,
              38.497779947234434
            ],
            [
              110.78639619178348,
              38.50105550729816
            ],
            [
              110.79033742885173,
              38.504367220248156
            ],
            [
              110.7942832086292,
              38.50771628273294
            ],
            [
              110.79823284356495,
              38.511103891401035
            ],
            [
              110.80218564610796,
              38.51453124290095
            ],
            [
              110.80614092870726,
              38.5179995338812
            ],
            [
              110.81009800381189,
              38.521509960990315
            ],
            [
              110.81405618387085,
              38.5250637208768
            ],
            [
              110.81801478133315,
              38.52866201018918
            ],
            [
              110.82197310864782,
              38.53230602557596
            ],
            [
              110.8259304782639,
              38.535996963685676
            ],
            [
              110.82988620263039,
              38.539736021166824
            ],
            [
              110.8338395941963,
              38.543524394667934
            ],
            [
              110.83778996541066,
              38.54736328083752
            ],
            [
              110.8417366287225,
              38.5512538763241
            ],
            [
              110.84567889658082,
              38.55519737777618
            ],
            [
              110.84961608143466,
              38.55919498184229
            ],
            [
              110.85354749573301,
              38.563247885170945
            ],
            [
              110.85747245192493,
              38.567357284410654
            ],
            [
              110.86139026245941,
              38.57152437620994
            ],
            [
              110.86530023978547,
              38.575750357217316
            ],
            [
              110.86920169635214,
              38.58003642408131
            ],
            [
              110.87309394460843,
              38.584383773450426
            ],
            [
              110.87697629700337,
              38.58879360197319
            ],
            [
              110.88084806598597,
              38.59326710629811
            ],
            [
              110.88470856400525,
              38.5978054830737
            ],
            [
              110.88855710351025,
              38.60240992894849
            ],
            [
              110.89239299694995,
              38.60708164057099
            ],
            [
              110.89621555677341,
              38.61182181458972
            ],
            [
              110.90002409542963,
              38.61663164765319
            ],
            [
              110.90381792536763,
              38.62151233640993
            ],
            [
              110.90759635903642,
              38.626465077508435
            ],
            [
              110.91135870888503,
              38.631491067597246
            ],
            [
              110.9151042873625,
              38.63659150332486
            ],
            [
              110.9188324069178,
              38.641767581339806
            ],
            [
              110.92254238,
              38.6470204982906
            ],
            [
              110.92636459614504,
              38.65253726217919
            ],
            [
              110.93002206678564,
              38.657919915086396
            ],
            [
              110.93351993732844,
              38.66317432724762
            ],
            [
              110.93686335318006,
              38.66830636889826
            ],
            [
              110.94005745974712,
              38.67332191027372
            ],
            [
              110.94310740243623,
              38.67822682160943
            ],
            [
              110.946018326654,
              38.68302697314076
            ],
            [
              110.94879537780707,
              38.68772823510315
            ],
            [
              110.95144370130207,
              38.692336477731985
            ],
            [
              110.95396844254559,
              38.69685757126267
            ],
            [
              110.95637474694426,
              38.701297385930616
            ],
            [
              110.95866775990471,
              38.70566179197123
            ],
            [
              110.96085262683356,
              38.70995665961991
            ],
            [
              110.96293449313742,
              38.71418785911207
            ],
            [
              110.96491850422291,
              38.71836126068311
            ],
            [
              110.96680980549665,
              38.722482734568445
            ],
            [
              110.96861354236528,
              38.72655815100346
            ],
            [
              110.97033486023538,
              38.73059338022358
            ],
            [
              110.9719789045136,
              38.73459429246421
            ],
            [
              110.97355082060658,
              38.73856675796074
            ],
            [
              110.97505575392088,
              38.74251664694859
            ],
            [
              110.97649884986316,
              38.74644982966315
            ],
            [
              110.97788525384004,
              38.750372176339845
            ],
            [
              110.97922011125814,
              38.754289557214065
            ],
            [
              110.98050856752407,
              38.75820784252122
            ],
            [
              110.98175576804445,
              38.762132902496724
            ],
            [
              110.9829668582259,
              38.76607060737597
            ],
            [
              110.98414698347504,
              38.770026827394375
            ],
            [
              110.9853012891985,
              38.774007432787336
            ],
            [
              110.98643492080289,
              38.778018293790254
            ],
            [
              110.98755302369483,
              38.78206528063855
            ],
            [
              110.98866074328095,
              38.78615426356761
            ],
            [
              110.98976322496785,
              38.79029111281286
            ],
            [
              110.99086561416217,
              38.79448169860969
            ],
            [
              110.99197305627052,
              38.79873189119351
            ],
            [
              110.99309069669953,
              38.803047560799726
            ],
            [
              110.99422368085581,
              38.80743457766375
            ],
            [
              110.99537715414598,
              38.81189881202097
            ],
            [
              110.99655626197666,
              38.81644613410681
            ],
            [
              110.99776614975448,
              38.82108241415667
            ],
            [
              110.99901196288604,
              38.82581352240595
            ],
            [
              111.00029884677798,
              38.83064532909006
            ],
            [
              111.00163194683691,
              38.8355837044444
            ],
            [
              111.00301640846945,
              38.840634518704384
            ],
            [
              111.00445737708222,
              38.845803642105416
            ],
            [
              111.00595999808185,
              38.8510969448829
            ],
            [
              111.00752941687495,
              38.856520297272226
            ],
            [
              111.00917077886814,
              38.86207956950883
            ],
            [
              111.01088922946803,
              38.86778063182809
            ],
            [
              111.01268991408128,
              38.87362935446543
            ],
            [
              111.01457797811446,
              38.87963160765624
            ],
            [
              111.01655856697421,
              38.88579326163594
            ],
            [
              111.01863682606715,
              38.89212018663993
            ],
            [
              111.02081790079991,
              38.89861825290361
            ],
            [
              111.0231069365791,
              38.90529333066239
            ],
            [
              111.02550907881134,
              38.91215129015167
            ],
            [
              111.02802947290326,
              38.919198001606865
            ],
            [
              111.03067326426145,
              38.92643933526338
            ],
            [
              111.03344559829256,
              38.93388116135662
            ],
            [
              111.03635162040321,
              38.941529350121975
            ],
            [
              111.03939647600001,
              38.94938977179487
            ],
            [
              111.0418664785535,
              38.955634460171915
            ],
            [
              111.04429494023773,
              38.96163236337494
            ],
            [
              111.04668362897353,
              38.9673926506177
            ],
            [
              111.04903431268173,
              38.97292449111395
            ],
            [
              111.05134875928319,
              38.97823705407745
            ],
            [
              111.05362873669873,
              38.983339508721954
            ],
            [
              111.05587601284918,
              38.98824102426122
            ],
            [
              111.0580923556554,
              38.992950769909
            ],
            [
              111.06027953303824,
              38.99747791487906
            ],
            [
              111.06243931291851,
              39.00183162838515
            ],
            [
              111.06457346321706,
              39.00602107964103
            ],
            [
              111.06668375185474,
              39.01005543786045
            ],
            [
              111.06877194675238,
              39.01394387225717
            ],
            [
              111.07083981583081,
              39.017695552044955
            ],
            [
              111.07288912701088,
              39.02131964643755
            ],
            [
              111.07492164821343,
              39.02482532464872
            ],
            [
              111.0769391473593,
              39.028221755892204
            ],
            [
              111.07894339236933,
              39.031518109381786
            ],
            [
              111.08093615116434,
              39.03472355433121
            ],
            [
              111.08291919166518,
              39.03784725995422
            ],
            [
              111.08489428179271,
              39.040898395464595
            ],
            [
              111.08686318946775,
              39.043886130076075
            ],
            [
              111.08882768261114,
              39.04681963300242
            ],
            [
              111.09078952914372,
              39.049708073457396
            ],
            [
              111.09275049698634,
              39.05256062065475
            ],
            [
              111.09471235405982,
              39.05538644380824
            ],
            [
              111.09667686828502,
              39.05819471213162
            ],
            [
              111.09864580758276,
              39.06099459483866
            ],
            [
              111.10062093987388,
              39.063795261143106
            ],
            [
              111.10260403307923,
              39.06660588025871
            ],
            [
              111.10459685511964,
              39.069435621399236
            ],
            [
              111.10660117391596,
              39.072293653778445
            ],
            [
              111.10861875738902,
              39.07518914661008
            ],
            [
              111.11065137345969,
              39.07813126910791
            ],
            [
              111.11270079004875,
              39.08112919048568
            ],
            [
              111.11476877507708,
              39.08419207995716
            ],
            [
              111.11685709646552,
              39.0873291067361
            ],
            [
              111.1189675221349,
              39.090549440036256
            ],
            [
              111.12110182000605,
              39.093862249071385
            ],
            [
              111.12326175799981,
              39.09727670305524
            ],
            [
              111.12544910403705,
              39.10080197120159
            ],
            [
              111.12766562603856,
              39.104447222724176
            ],
            [
              111.12991309192523,
              39.108221626836766
            ],
            [
              111.13219326961786,
              39.11213435275311
            ],
            [
              111.1345079270373,
              39.11619456968697
            ],
            [
              111.13685883210441,
              39.120411446852096
            ],
            [
              111.13924775274,
              39.124794153462254
            ],
            [
              111.14167645686493,
              39.12935185873119
            ],
            [
              111.14414671240003,
              39.13409373187267
            ],
            [
              111.14666028726614,
              39.13902894210044
            ],
            [
              111.1492189493841,
              39.144166658628265
            ],
            [
              111.15182446667474,
              39.1495160506699
            ],
            [
              111.15447860705892,
              39.155086287439104
            ],
            [
              111.15718313845746,
              39.16088653814963
            ],
            [
              111.15993982879121,
              39.166925972015235
            ],
            [
              111.16275044598099,
              39.17321375824967
            ],
            [
              111.16561675794767,
              39.17975906606671
            ],
            [
              111.16854053261207,
              39.18657106468009
            ],
            [
              111.17152353789503,
              39.19365892330358
            ],
            [
              111.1745675417174,
              39.201031811150926
            ],
            [
              111.177674312,
              39.208698897435895
            ],
            [
              111.17943107516767,
              39.21330719791763
            ],
            [
              111.18099019829248,
              39.21787619845465
            ],
            [
              111.1823612612071,
              39.2224101974283
            ],
            [
              111.18355384374426,
              39.22691349321994
            ],
            [
              111.18457752573663,
              39.2313903842109
            ],
            [
              111.18544188701689,
              39.235845168782525
            ],
            [
              111.18615650741775,
              39.24028214531617
            ],
            [
              111.18673096677189,
              39.24470561219317
            ],
            [
              111.18717484491201,
              39.249119867794874
            ],
            [
              111.18749772167078,
              39.25352921050262
            ],
            [
              111.18770917688093,
              39.25793793869776
            ],
            [
              111.18781879037512,
              39.262350350761636
            ],
            [
              111.18783614198604,
              39.26677074507559
            ],
            [
              111.1877708115464,
              39.27120342002096
            ],
            [
              111.18763237888889,
              39.27565267397911
            ],
            [
              111.1874304238462,
              39.28012280533137
            ],
            [
              111.187174526251,
              39.28461811245908
            ],
            [
              111.186874265936,
              39.28914289374359
            ],
            [
              111.1865392227339,
              39.29370144756625
            ],
            [
              111.18617897647736,
              39.2982980723084
            ],
            [
              111.18580310699912,
              39.302937066351376
            ],
            [
              111.18542119413182,
              39.30762272807654
            ],
            [
              111.18504281770818,
              39.31235935586522
            ],
            [
              111.18467755756089,
              39.31715124809877
            ],
            [
              111.18433499352264,
              39.322002703158525
            ],
            [
              111.18402470542611,
              39.32691801942584
            ],
            [
              111.183756273104,
              39.331901495282054
            ],
            [
              111.18353927638901,
              39.33695742910851
            ],
            [
              111.18338329511381,
              39.34209011928655
            ],
            [
              111.1832979091111,
              39.34730386419753
            ],
            [
              111.18329269821359,
              39.35260296222278
            ],
            [
              111.18337724225395,
              39.35799171174366
            ],
            [
              111.1835611210649,
              39.363474411141496
            ],
            [
              111.18385391447907,
              39.36905535879765
            ],
            [
              111.18426520232921,
              39.374738853093454
            ],
            [
              111.184804564448,
              39.38052919241026
            ],
            [
              111.18548158066811,
              39.386430675129404
            ],
            [
              111.18630583082226,
              39.392447599632234
            ],
            [
              111.18728689474311,
              39.3985842643001
            ],
            [
              111.18843435226337,
              39.404844967514336
            ],
            [
              111.18975778321574,
              39.41123400765629
            ],
            [
              111.1912667674329,
              39.41775568310731
            ],
            [
              111.19297088474752,
              39.42441429224874
            ],
            [
              111.19487971499233,
              39.43121413346192
            ],
            [
              111.197002838,
              39.438159505128205
            ],
            [
              111.19889013045335,
              39.44363083031008
            ],
            [
              111.20099289440246,
              39.448876364680146
            ],
            [
              111.20330441250556,
              39.45390128439488
            ],
            [
              111.20581796742086,
              39.458710765610775
            ],
            [
              111.20852684180659,
              39.46330998448432
            ],
            [
              111.21142431832098,
              39.467704117171984
            ],
            [
              111.21450367962225,
              39.47189833983026
            ],
            [
              111.21775820836864,
              39.475897828615636
            ],
            [
              111.22118118721835,
              39.479707759684594
            ],
            [
              111.22476589882962,
              39.48333330919361
            ],
            [
              111.22850562586068,
              39.48677965329919
            ],
            [
              111.23239365096974,
              39.4900519681578
            ],
            [
              111.23642325681504,
              39.49315542992593
            ],
            [
              111.2405877260548,
              39.49609521476006
            ],
            [
              111.24488034134723,
              39.498876498816685
            ],
            [
              111.24929438535058,
              39.501504458252285
            ],
            [
              111.25382314072306,
              39.503984269223345
            ],
            [
              111.2584598901229,
              39.50632110788635
            ],
            [
              111.26319791620833,
              39.50852015039778
            ],
            [
              111.26803050163755,
              39.51058657291412
            ],
            [
              111.27295092906883,
              39.512525551591864
            ],
            [
              111.27795248116034,
              39.51434226258748
            ],
            [
              111.28302844057036,
              39.51604188205748
            ],
            [
              111.28817208995707,
              39.51762958615832
            ],
            [
              111.29337671197874,
              39.519110551046495
            ],
            [
              111.29863558929354,
              39.5204899528785
            ],
            [
              111.30394200455974,
              39.521772967810804
            ],
            [
              111.30928924043555,
              39.5229647719999
            ],
            [
              111.31467057957919,
              39.52407054160228
            ],
            [
              111.32007930464889,
              39.52509545277441
            ],
            [
              111.32550869830288,
              39.526044681672786
            ],
            [
              111.33095204319937,
              39.52692340445389
            ],
            [
              111.3364026219966,
              39.52773679727421
            ],
            [
              111.34185371735279,
              39.52849003629023
            ],
            [
              111.34729861192616,
              39.529188297658436
            ],
            [
              111.35273058837495,
              39.5298367575353
            ],
            [
              111.35814292935738,
              39.530440592077326
            ],
            [
              111.36352891753167,
              39.531004977440986
            ],
            [
              111.36888183555604,
              39.53153508978277
            ],
            [
              111.37419496608871,
              39.53203610525916
            ],
            [
              111.37946159178793,
              39.53251320002664
            ],
            [
              111.38467499531191,
              39.5329715502417
            ],
            [
              111.38982845931886,
              39.53341633206082
            ],
            [
              111.39491526646705,
              39.53385272164048
            ],
            [
              111.39992869941466,
              39.534285895137174
            ],
            [
              111.40486204081994,
              39.53472102870738
            ],
            [
              111.40970857334108,
              39.53516329850759
            ],
            [
              111.41446157963635,
              39.53561788069428
            ],
            [
              111.41911434236395,
              39.536089951423946
            ],
            [
              111.42366014418212,
              39.53658468685306
            ],
            [
              111.42809226774908,
              39.53710726313811
            ],
            [
              111.43240399572304,
              39.53766285643559
            ],
            [
              111.43658861076224,
              39.53825664290198
            ],
            [
              111.44063939552491,
              39.53889379869375
            ],
            [
              111.44454963266926,
              39.5395794999674
            ],
            [
              111.44831260485353,
              39.54031892287942
            ],
            [
              111.45192159473594,
              39.541117243586285
            ],
            [
              111.45536988497469,
              39.54197963824448
            ],
            [
              111.45865075822805,
              39.54291128301048
            ],
            [
              111.46175749715421,
              39.543917354040794
            ],
            [
              111.4646833844114,
              39.54500302749189
            ],
            [
              111.46742170265787,
              39.546173479520256
            ],
            [
              111.46996573455182,
              39.54743388628237
            ],
            [
              111.47230876275148,
              39.54878942393473
            ],
            [
              111.47444406991508,
              39.550245268633816
            ],
            [
              111.47636493870085,
              39.5518065965361
            ],
            [
              111.478064651767,
              39.55347858379809
            ],
            [
              111.47953649177177,
              39.55526640657625
            ],
            [
              111.48077374137338,
              39.557175241027075
            ],
            [
              111.48176968323004,
              39.559210263307044
            ],
            [
              111.4825176,
              39.56137664957265
            ],
            [
              111.47661186267857,
              39.58284278702686
            ],
            [
              111.47070612535714,
              39.604308924481074
            ],
            [
              111.46480038803571,
              39.625775061935286
            ],
            [
              111.45889465071429,
              39.6472411993895
            ],
            [
              111.45298891339286,
              39.66870733684371
            ],
            [
              111.44708317607143,
              39.69017347429792
            ],
            [
              111.44117743875,
              39.71163961175213
            ],
            [
              111.43527170142858,
              39.73310574920635
            ],
            [
              111.42936596410715,
              39.754571886660564
            ],
            [
              111.42346022678572,
              39.776038024114776
            ],
            [
              111.4175544894643,
              39.79750416156899
            ],
            [
              111.41164875214287,
              39.8189702990232
            ],
            [
              111.40574301482143,
              39.84043643647741
            ],
            [
              111.3998372775,
              39.86190257393162
            ],
            [
              111.39393154017857,
              39.883368711385835
            ],
            [
              111.38802580285714,
              39.904834848840046
            ],
            [
              111.38212006553572,
              39.92630098629426
            ],
            [
              111.37621432821429,
              39.94776712374848
            ],
            [
              111.37030859089286,
              39.96923326120269
            ],
            [
              111.36440285357143,
              39.9906993986569
            ],
            [
              111.35849711625,
              40.01216553611111
            ],
            [
              111.35259137892857,
              40.033631673565324
            ],
            [
              111.34668564160714,
              40.055097811019536
            ],
            [
              111.34077990428571,
              40.07656394847375
            ],
            [
              111.33487416696428,
              40.09803008592796
            ],
            [
              111.32896842964286,
              40.11949622338217
            ],
            [
              111.32306269232143,
              40.14096236083638
            ],
            [
              111.317156955,
              40.162428498290595
            ],
            [
              111.29275339875556,
              40.16968336537512
            ],
            [
              111.26834984251111,
              40.17693823245964
            ],
            [
              111.24394628626666,
              40.18419309954416
            ],
            [
              111.21954273002223,
              40.19144796662868
            ],
            [
              111.19513917377778,
              40.1987028337132
            ],
            [
              111.17073561753334,
              40.20595770079772
            ],
            [
              111.14633206128889,
              40.21321256788224
            ],
            [
              111.12192850504445,
              40.220467434966764
            ],
            [
              111.0975249488,
              40.22772230205128
            ],
            [
              111.07312139255556,
              40.2349771691358
            ],
            [
              111.04871783631111,
              40.24223203622032
            ],
            [
              111.02431428006668,
              40.24948690330484
            ],
            [
              110.99991072382223,
              40.25674177038936
            ],
            [
              110.97550716757777,
              40.26399663747388
            ],
            [
              110.95110361133334,
              40.27125150455841
            ],
            [
              110.92670005508889,
              40.278506371642926
            ],
            [
              110.90229649884445,
              40.285761238727446
            ],
            [
              110.8778929426,
              40.293016105811965
            ],
            [
              110.85348938635556,
              40.300270972896485
            ],
            [
              110.82908583011111,
              40.307525839981004
            ],
            [
              110.80468227386667,
              40.31478070706552
            ],
            [
              110.78027871762222,
              40.32203557415005
            ],
            [
              110.75587516137779,
              40.32929044123457
            ],
            [
              110.73147160513334,
              40.33654530831909
            ],
            [
              110.70706804888889,
              40.34380017540361
            ],
            [
              110.68266449264445,
              40.35105504248813
            ],
            [
              110.6582609364,
              40.35830990957265
            ],
            [
              110.63385738015556,
              40.365564776657166
            ],
            [
              110.60945382391111,
              40.37281964374169
            ],
            [
              110.58505026766667,
              40.38007451082621
            ],
            [
              110.56064671142222,
              40.38732937791073
            ],
            [
              110.53624315517779,
              40.39458424499525
            ],
            [
              110.51183959893334,
              40.40183911207977
            ],
            [
              110.4874360426889,
              40.40909397916429
            ],
            [
              110.46303248644445,
              40.41634884624881
            ],
            [
              110.4386289302,
              40.423603713333335
            ],
            [
              110.41422537395556,
              40.430858580417855
            ],
            [
              110.38982181771111,
              40.438113447502374
            ],
            [
              110.36541826146667,
              40.445368314586894
            ],
            [
              110.34101470522222,
              40.45262318167141
            ],
            [
              110.31661114897778,
              40.45987804875593
            ],
            [
              110.29220759273333,
              40.46713291584046
            ],
            [
              110.2678040364889,
              40.47438778292498
            ],
            [
              110.24340048024445,
              40.4816426500095
            ],
            [
              110.218996924,
              40.48889751709402
            ],
            [
              110.21490657591525,
              40.49183252062476
            ],
            [
              110.21084293279002,
              40.494771328282354
            ],
            [
              110.20680577557965,
              40.497713908863844
            ],
            [
              110.20279488523956,
              40.5006602311663
            ],
            [
              110.1988100427251,
              40.503610263986765
            ],
            [
              110.19485102899168,
              40.50656397612231
            ],
            [
              110.19091762499467,
              40.50952133636998
            ],
            [
              110.18700961168946,
              40.51248231352684
            ],
            [
              110.18312677003142,
              40.515446876389944
            ],
            [
              110.17926888097595,
              40.51841499375635
            ],
            [
              110.17543572547844,
              40.52138663442311
            ],
            [
              110.17162708449423,
              40.52436176718729
            ],
            [
              110.16784273897875,
              40.52734036084593
            ],
            [
              110.16408246988736,
              40.53032238419611
            ],
            [
              110.16034605817546,
              40.53330780603487
            ],
            [
              110.1566332847984,
              40.53629659515928
            ],
            [
              110.1529439307116,
              40.53928872036638
            ],
            [
              110.14927777687043,
              40.54228415045324
            ],
            [
              110.14563460423025,
              40.54528285421691
            ],
            [
              110.14201419374649,
              40.548284800454454
            ],
            [
              110.13841632637448,
              40.55128995796292
            ],
            [
              110.13484078306965,
              40.55429829553937
            ],
            [
              110.13128734478735,
              40.55730978198086
            ],
            [
              110.12775579248299,
              40.56032438608445
            ],
            [
              110.12424590711191,
              40.563342076647196
            ],
            [
              110.12075746962955,
              40.566362822466154
            ],
            [
              110.11729026099125,
              40.569386592338375
            ],
            [
              110.11384406215242,
              40.572413355060924
            ],
            [
              110.11041865406843,
              40.57544307943085
            ],
            [
              110.10701381769465,
              40.57847573424522
            ],
            [
              110.10362933398648,
              40.58151128830108
            ],
            [
              110.10026498389931,
              40.5845497103955
            ],
            [
              110.0969205483885,
              40.587590969325525
            ],
            [
              110.09359580840945,
              40.59063503388822
            ],
            [
              110.09029054491755,
              40.59368187288063
            ],
            [
              110.08700453886816,
              40.59673145509983
            ],
            [
              110.08373757121667,
              40.599783749342855
            ],
            [
              110.08048942291849,
              40.60283872440678
            ],
            [
              110.07725987492896,
              40.60589634908866
            ],
            [
              110.07404870820349,
              40.60895659218554
            ],
            [
              110.07085570369746,
              40.61201942249449
            ],
            [
              110.06768064236626,
              40.61508480881256
            ],
            [
              110.06452330516525,
              40.61815271993681
            ],
            [
              110.06138347304983,
              40.6212231246643
            ],
            [
              110.05826092697538,
              40.624295991792074
            ],
            [
              110.05515544789728,
              40.627371290117196
            ],
            [
              110.05206681677092,
              40.630448988436726
            ],
            [
              110.04899481455169,
              40.63352905554772
            ],
            [
              110.04593922219495,
              40.63661146024723
            ],
            [
              110.04289982065609,
              40.639696171332325
            ],
            [
              110.0398763908905,
              40.64278315760005
            ],
            [
              110.03686871385356,
              40.64587238784746
            ],
            [
              110.03387657050067,
              40.64896383087162
            ],
            [
              110.03089974178718,
              40.65205745546959
            ],
            [
              110.02793800866849,
              40.655153230438415
            ],
            [
              110.02499115209999,
              40.65825112457516
            ],
            [
              110.02205895303705,
              40.661351106676875
            ],
            [
              110.01914119243506,
              40.66445314554063
            ],
            [
              110.01623765124941,
              40.66755720996347
            ],
            [
              110.01334811043547,
              40.67066326874245
            ],
            [
              110.01047235094863,
              40.67377129067464
            ],
            [
              110.00761015374428,
              40.67688124455709
            ],
            [
              110.00476129977778,
              40.679993099186845
            ],
            [
              110.00192557000453,
              40.68310682336098
            ],
            [
              109.99910274537991,
              40.68622238587655
            ],
            [
              109.99629260685931,
              40.689339755530604
            ],
            [
              109.9934949353981,
              40.6924589011202
            ],
            [
              109.99070951195168,
              40.6955797914424
            ],
            [
              109.98793611747543,
              40.69870239529425
            ],
            [
              109.9851745329247,
              40.70182668147282
            ],
            [
              109.98242453925492,
              40.70495261877516
            ],
            [
              109.97968591742145,
              40.708080175998326
            ],
            [
              109.97695844837966,
              40.71120932193938
            ],
            [
              109.97424191308497,
              40.71434002539538
            ],
            [
              109.97153609249273,
              40.71747225516337
            ],
            [
              109.96884076755833,
              40.720605980040425
            ],
            [
              109.96615571923715,
              40.72374116882359
            ],
            [
              109.9634807284846,
              40.72687779030992
            ],
            [
              109.96081557625604,
              40.730015813296475
            ],
            [
              109.95816004350685,
              40.73315520658032
            ],
            [
              109.95551391119243,
              40.736295938958506
            ],
            [
              109.95287696026813,
              40.739437979228086
            ],
            [
              109.95024897168938,
              40.74258129618612
            ],
            [
              109.94762972641152,
              40.74572585862966
            ],
            [
              109.94501900538997,
              40.748871635355776
            ],
            [
              109.94241658958008,
              40.752018595161516
            ],
            [
              109.93982225993726,
              40.75516670684394
            ],
            [
              109.93723579741686,
              40.758315939200095
            ],
            [
              109.9346569829743,
              40.761466261027046
            ],
            [
              109.93208559756495,
              40.76461764112185
            ],
            [
              109.92952142214419,
              40.76777004828157
            ],
            [
              109.92696423766739,
              40.77092345130325
            ],
            [
              109.92441382508996,
              40.774077818983955
            ],
            [
              109.92186996536726,
              40.77723312012074
            ],
            [
              109.91933243945469,
              40.78038932351066
            ],
            [
              109.91680102830762,
              40.78354639795077
            ],
            [
              109.91427551288145,
              40.78670431223814
            ],
            [
              109.91175567413154,
              40.789863035169816
            ],
            [
              109.90924129301328,
              40.79302253554285
            ],
            [
              109.90673215048207,
              40.79618278215431
            ],
            [
              109.90422802749328,
              40.799343743801245
            ],
            [
              109.90172870500228,
              40.80250538928072
            ],
            [
              109.89923396396448,
              40.80566768738978
            ],
            [
              109.89674358533524,
              40.8088306069255
            ],
            [
              109.89425735006996,
              40.811994116684915
            ],
            [
              109.89177503912401,
              40.815158185465094
            ],
            [
              109.88929643345278,
              40.81832278206309
            ],
            [
              109.88682131401167,
              40.82148787527597
            ],
            [
              109.88434946175602,
              40.82465343390078
            ],
            [
              109.88188065764125,
              40.827819426734585
            ],
            [
              109.87941468262274,
              40.830985822574426
            ],
            [
              109.87695131765585,
              40.83415259021738
            ],
            [
              109.87449034369598,
              40.83731969846049
            ],
            [
              109.8720315416985,
              40.840487116100824
            ],
            [
              109.86957469261883,
              40.84365481193543
            ],
            [
              109.86711957741231,
              40.84682275476136
            ],
            [
              109.86466597703433,
              40.84999091337569
            ],
            [
              109.8622136724403,
              40.85315925657546
            ],
            [
              109.85976244458558,
              40.856327753157736
            ],
            [
              109.85731207442556,
              40.85949637191957
            ],
            [
              109.85486234291562,
              40.862665081658015
            ],
            [
              109.85241303101114,
              40.86583385117014
            ],
            [
              109.84996391966752,
              40.869002649252984
            ],
            [
              109.84751478984012,
              40.872171444703625
            ],
            [
              109.84506542248434,
              40.8753402063191
            ],
            [
              109.84261559855555,
              40.878508902896485
            ],
            [
              109.84016509900916,
              40.88167750323282
            ],
            [
              109.8377137048005,
              40.88484597612518
            ],
            [
              109.83526119688501,
              40.888014290370606
            ],
            [
              109.83280735621804,
              40.891182414766156
            ],
            [
              109.83035196375499,
              40.89435031810889
            ],
            [
              109.82789480045123,
              40.897517969195874
            ],
            [
              109.82543564726215,
              40.900685336824154
            ],
            [
              109.82297428514313,
              40.903852389790785
            ],
            [
              109.82051049504956,
              40.90701909689283
            ],
            [
              109.81804405793682,
              40.91018542692735
            ],
            [
              109.81557475476029,
              40.91335134869139
            ],
            [
              109.81310236647533,
              40.91651683098202
            ],
            [
              109.81062667403737,
              40.91968184259628
            ],
            [
              109.80814745840176,
              40.92284635233125
            ],
            [
              109.8056645005239,
              40.92601032898396
            ],
            [
              109.80317758135917,
              40.92917374135149
            ],
            [
              109.80068648186294,
              40.93233655823089
            ],
            [
              109.7981909829906,
              40.93549874841921
            ],
            [
              109.79569086569755,
              40.938660280713506
            ],
            [
              109.79318591093914,
              40.94182112391085
            ],
            [
              109.79067589967079,
              40.94498124680828
            ],
            [
              109.78816061284785,
              40.94814061820287
            ],
            [
              109.78563983142571,
              40.95129920689166
            ],
            [
              109.78311333635978,
              40.954456981671726
            ],
            [
              109.78058090860542,
              40.95761391134011
            ],
            [
              109.778042329118,
              40.96076996469388
            ],
            [
              109.77549737885293,
              40.96392511053008
            ],
            [
              109.7729458387656,
              40.967079317645776
            ],
            [
              109.77038748981134,
              40.97023255483802
            ],
            [
              109.7678221129456,
              40.97338479090387
            ],
            [
              109.7652494891237,
              40.97653599464039
            ],
            [
              109.76266939930109,
              40.97968613484463
            ],
            [
              109.7600816244331,
              40.98283518031364
            ],
            [
              109.75748594547512,
              40.985983099844496
            ],
            [
              109.75488214338256,
              40.98912986223424
            ],
            [
              109.7522699991108,
              40.99227543627993
            ],
            [
              109.74964929361518,
              40.995419790778634
            ],
            [
              109.74701980785113,
              40.99856289452739
            ],
            [
              109.74438132277402,
              41.00170471632327
            ],
            [
              109.74173361933921,
              41.004845224963326
            ],
            [
              109.73907647850211,
              41.00798438924461
            ],
            [
              109.7364096812181,
              41.0111221779642
            ],
            [
              109.73373300844257,
              41.01425855991912
            ],
            [
              109.73104624113088,
              41.01739350390645
            ],
            [
              109.72834916023842,
              41.02052697872324
            ],
            [
              109.72564154672058,
              41.023658953166546
            ],
            [
              109.72292318153275,
              41.02678939603343
            ],
            [
              109.72019384563029,
              41.029918276120945
            ],
            [
              109.7174533199686,
              41.03304556222615
            ],
            [
              109.71470138550306,
              41.0361712231461
            ],
            [
              109.71193782318906,
              41.03929522767785
            ],
            [
              109.70916241398197,
              41.04241754461845
            ],
            [
              109.70637493883719,
              41.04553814276498
            ],
            [
              109.70357517871008,
              41.04865699091448
            ],
            [
              109.70076291455604,
              41.051774057864
            ],
            [
              109.69793792733044,
              41.054889312410616
            ],
            [
              109.69509999798868,
              41.05800272335138
            ],
            [
              109.69224890748613,
              41.06111425948333
            ],
            [
              109.68938443677817,
              41.06422388960355
            ],
            [
              109.6865063668202,
              41.06733158250908
            ],
            [
              109.68361447856759,
              41.07043730699698
            ],
            [
              109.68070855297573,
              41.07354103186431
            ],
            [
              109.677788371,
              41.07664272590812
            ],
            [
              109.67485371359578,
              41.079742357925475
            ],
            [
              109.67190436171846,
              41.08283989671343
            ],
            [
              109.66894009632341,
              41.085935311069036
            ],
            [
              109.66596069836602,
              41.089028569789356
            ],
            [
              109.66296594880168,
              41.092119641671445
            ],
            [
              109.65995562858578,
              41.09520849551237
            ],
            [
              109.65692951867368,
              41.09829510010917
            ],
            [
              109.65388740002078,
              41.10137942425891
            ],
            [
              109.65082905358244,
              41.10446143675864
            ],
            [
              109.64775426031407,
              41.107541106405435
            ],
            [
              109.64466280117105,
              41.110618401996334
            ],
            [
              109.64155445710875,
              41.113693292328406
            ],
            [
              109.63842900908256,
              41.116765746198695
            ],
            [
              109.63528623804785,
              41.119835732404276
            ],
            [
              109.63212592496004,
              41.122903219742184
            ],
            [
              109.62894785077447,
              41.1259681770095
            ],
            [
              109.62575179644655,
              41.129030573003256
            ],
            [
              109.62253754293164,
              41.13209037652052
            ],
            [
              109.61930487118516,
              41.13514755635836
            ],
            [
              109.61605356216246,
              41.138202081313814
            ],
            [
              109.61278339681893,
              41.141253920183956
            ],
            [
              109.60949415610996,
              41.14430304176583
            ],
            [
              109.60618562099093,
              41.14734941485649
            ],
            [
              109.60285757241722,
              41.15039300825301
            ],
            [
              109.59950979134422,
              41.15343379075244
            ],
            [
              109.59614205872731,
              41.156471731151825
            ],
            [
              109.59275415552186,
              41.15950679824824
            ],
            [
              109.58934586268329,
              41.162538960838724
            ],
            [
              109.58591696116693,
              41.165568187720346
            ],
            [
              109.5824672319282,
              41.16859444769016
            ],
            [
              109.57899645592249,
              41.171617709545224
            ],
            [
              109.57550441410515,
              41.17463794208259
            ],
            [
              109.57199088743158,
              41.17765511409932
            ],
            [
              109.56845565685717,
              41.18066919439247
            ],
            [
              109.56489850333729,
              41.1836801517591
            ],
            [
              109.56131920782734,
              41.18668795499626
            ],
            [
              109.55771755128269,
              41.18969257290101
            ],
            [
              109.55409331465872,
              41.192693974270405
            ],
            [
              109.55044627891083,
              41.1956921279015
            ],
            [
              109.54677622499437,
              41.19868700259136
            ],
            [
              109.54308293386477,
              41.201678567137044
            ],
            [
              109.53936618647737,
              41.204666790335594
            ],
            [
              109.53562576378758,
              41.207651640984075
            ],
            [
              109.53186144675077,
              41.21063308787955
            ],
            [
              109.52807301632232,
              41.21361109981906
            ],
            [
              109.52426025345763,
              41.216585645599686
            ],
            [
              109.52042293911207,
              41.21955669401846
            ],
            [
              109.51656085424102,
              41.222524213872454
            ],
            [
              109.51267377979988,
              41.22548817395872
            ],
            [
              109.50876149674401,
              41.228448543074315
            ],
            [
              109.50482378602882,
              41.2314052900163
            ],
            [
              109.50086042860967,
              41.23435838358172
            ],
            [
              109.49687120544195,
              41.23730779256765
            ],
            [
              109.49285589748105,
              41.24025348577113
            ],
            [
              109.48881428568234,
              41.24319543198923
            ],
            [
              109.48474615100122,
              41.24613360001899
            ],
            [
              109.48065127439305,
              41.24906795865749
            ],
            [
              109.47652943681325,
              41.25199847670177
            ],
            [
              109.47238041921716,
              41.25492512294889
            ],
            [
              109.46820400256019,
              41.25784786619591
            ],
            [
              109.46399996779772,
              41.260766675239886
            ],
            [
              109.45976809588511,
              41.263681518877874
            ],
            [
              109.45550816777778,
              41.26659236590693
            ],
            [
              109.45121996443109,
              41.26949918512412
            ],
            [
              109.44690326680043,
              41.27240194532648
            ],
            [
              109.44255785584117,
              41.27530061531109
            ],
            [
              109.43818351250872,
              41.27819516387499
            ],
            [
              109.43378001775844,
              41.281085559815246
            ],
            [
              109.42934715254572,
              41.28397177192891
            ],
            [
              109.42488469782595,
              41.28685376901305
            ],
            [
              109.4203924345545,
              41.2897315198647
            ],
            [
              109.41587014368676,
              41.292604993280946
            ],
            [
              109.4113176061781,
              41.29547415805882
            ],
            [
              109.40673460298393,
              41.298338982995396
            ],
            [
              109.40212091505961,
              41.30119943688772
            ],
            [
              109.39747632336055,
              41.30405548853285
            ],
            [
              109.3928006088421,
              41.306907106727856
            ],
            [
              109.38809355245965,
              41.30975426026978
            ],
            [
              109.38335493516861,
              41.31259691795568
            ],
            [
              109.37858453792434,
              41.315435048582614
            ],
            [
              109.37378214168221,
              41.31826862094765
            ],
            [
              109.36894752739764,
              41.321097603847825
            ],
            [
              109.36408047602598,
              41.32392196608021
            ],
            [
              109.35918076852263,
              41.32674167644187
            ],
            [
              109.35424818584298,
              41.32955670372984
            ],
            [
              109.3492825089424,
              41.332367016741195
            ],
            [
              109.34428351877625,
              41.335172584272975
            ],
            [
              109.33925099629997,
              41.33797337512225
            ],
            [
              109.33418472246889,
              41.34076935808608
            ],
            [
              109.32908447823841,
              41.34356050196151
            ],
            [
              109.32395004456393,
              41.346346775545605
            ],
            [
              109.31878120240083,
              41.34912814763541
            ],
            [
              109.31357773270447,
              41.351904587028
            ],
            [
              109.30833941643026,
              41.354676062520426
            ],
            [
              109.30306603453356,
              41.35744254290974
            ],
            [
              109.29775736796975,
              41.36020399699299
            ],
            [
              109.29241319769424,
              41.36296039356725
            ],
            [
              109.2870333046624,
              41.365711701429575
            ],
            [
              109.2816174698296,
              41.36845788937701
            ],
            [
              109.27616547415126,
              41.371198926206624
            ],
            [
              109.27067709858271,
              41.37393478071547
            ],
            [
              109.26515212407938,
              41.3766654217006
            ],
            [
              109.25959033159663,
              41.37939081795908
            ],
            [
              109.25399150208983,
              41.38211093828796
            ],
            [
              109.2483554165144,
              41.38482575148429
            ],
            [
              109.24268185582571,
              41.38753522634515
            ],
            [
              109.23697060097912,
              41.39023933166757
            ],
            [
              109.23122143293003,
              41.39293803624863
            ],
            [
              109.22543413263382,
              41.39563130888537
            ],
            [
              109.2196084810459,
              41.39831911837486
            ],
            [
              109.2137442591216,
              41.40100143351414
            ],
            [
              109.20784124781633,
              41.40367822310028
            ],
            [
              109.2018992280855,
              41.40634945593034
            ],
            [
              109.19591798088445,
              41.40901510080136
            ],
            [
              109.18989728716858,
              41.41167512651042
            ],
            [
              109.18383692789328,
              41.41432950185455
            ],
            [
              109.17773668401392,
              41.41697819563084
            ],
            [
              109.1715963364859,
              41.41962117663631
            ],
            [
              109.1654156662646,
              41.42225841366805
            ],
            [
              109.15919445430538,
              41.42488987552309
            ],
            [
              109.15293248156364,
              41.42751553099851
            ],
            [
              109.14662952899477,
              41.43013534889135
            ],
            [
              109.14028537755414,
              41.432749297998676
            ],
            [
              109.13389980819714,
              41.43535734711754
            ],
            [
              109.12747260187915,
              41.437959465045
            ],
            [
              109.12100353955556,
              41.44055562057811
            ],
            [
              109.11449240218174,
              41.44314578251393
            ],
            [
              109.10793897071308,
              41.44572991964952
            ],
            [
              109.10134302610497,
              41.44830800078194
            ],
            [
              109.09470434931278,
              41.45087999470824
            ],
            [
              109.0880227212919,
              41.45344587022547
            ],
            [
              109.08129792299772,
              41.4560055961307
            ],
            [
              109.07452973538561,
              41.45855914122098
            ],
            [
              109.06771793941097,
              41.46110647429337
            ],
            [
              109.06086231602916,
              41.46364756414493
            ],
            [
              109.05396264619557,
              41.4661823795727
            ],
            [
              109.0470187108656,
              41.46871088937376
            ],
            [
              109.04003029099462,
              41.47123306234515
            ],
            [
              109.032997167538,
              41.47374886728394
            ],
            [
              109.02591912145115,
              41.476258272987174
            ],
            [
              109.01879593368943,
              41.47876124825192
            ],
            [
              109.01162738520826,
              41.48125776187523
            ],
            [
              109.00441325696298,
              41.483747782654156
            ],
            [
              108.99715332990897,
              41.486231279385755
            ],
            [
              108.98984738500165,
              41.488708220867096
            ],
            [
              108.9824952031964,
              41.491178575895226
            ],
            [
              108.97509656544855,
              41.49364231326721
            ],
            [
              108.96765125271355,
              41.49609940178009
            ],
            [
              108.96015904594675,
              41.49854981023094
            ],
            [
              108.95261972610353,
              41.50099350741681
            ],
            [
              108.9450330741393,
              41.503430462134745
            ],
            [
              108.9373988710094,
              41.50586064318182
            ],
            [
              108.92971689766925,
              41.50828401935508
            ],
            [
              108.92198693507423,
              41.51070055945159
            ],
            [
              108.9142087641797,
              41.51311023226841
            ],
            [
              108.90638216594105,
              41.51551300660258
            ],
            [
              108.89850692131368,
              41.51790885125117
            ],
            [
              108.89058281125297,
              41.52029773501124
            ],
            [
              108.88260961671428,
              41.52267962667983
            ],
            [
              108.87458711865301,
              41.52505449505402
            ],
            [
              108.86651509802454,
              41.52742230893085
            ],
            [
              108.85839333578426,
              41.52978303710738
            ],
            [
              108.85022161288754,
              41.53213664838067
            ],
            [
              108.84199971028978,
              41.53448311154777
            ],
            [
              108.83372740894634,
              41.53682239540575
            ],
            [
              108.82540448981263,
              41.539154468751654
            ],
            [
              108.81703073384402,
              41.54147930038255
            ],
            [
              108.80860592199588,
              41.54379685909549
            ],
            [
              108.80012983522361,
              41.54610711368752
            ],
            [
              108.7916022544826,
              41.548410032955715
            ],
            [
              108.78302296072822,
              41.55070558569712
            ],
            [
              108.77439173491584,
              41.5529937407088
            ],
            [
              108.76570835800086,
              41.5552744667878
            ],
            [
              108.75697261093867,
              41.55754773273119
            ],
            [
              108.74818427468466,
              41.55981350733602
            ],
            [
              108.73934313019417,
              41.562071759399345
            ],
            [
              108.73044895842261,
              41.564322457718234
            ],
            [
              108.72150154032539,
              41.566565571089725
            ],
            [
              108.71250065685784,
              41.56880106831089
            ],
            [
              108.70344608897538,
              41.57102891817878
            ],
            [
              108.69433761763338,
              41.57324908949045
            ],
            [
              108.68517502378722,
              41.57546155104296
            ],
            [
              108.6759580883923,
              41.577666271633376
            ],
            [
              108.66668659240399,
              41.57986322005873
            ],
            [
              108.65736031677767,
              41.582052365116105
            ],
            [
              108.64797904246873,
              41.58423367560255
            ],
            [
              108.63854255043255,
              41.58640712031511
            ],
            [
              108.62905062162451,
              41.58857266805086
            ],
            [
              108.619503037,
              41.59073028760684
            ],
            [
              108.61567837116698,
              41.591594969034965
            ],
            [
              108.61184554213048,
              41.59247030509893
            ],
            [
              108.60800452624105,
              41.593356128319805
            ],
            [
              108.60415529984917,
              41.59425227121866
            ],
            [
              108.6002978393054,
              41.595158566316584
            ],
            [
              108.59643212096022,
              41.59607484613464
            ],
            [
              108.59255812116416,
              41.59700094319392
            ],
            [
              108.58867581626775,
              41.59793669001549
            ],
            [
              108.58478518262149,
              41.59888191912043
            ],
            [
              108.5808861965759,
              41.59983646302982
            ],
            [
              108.57697883448152,
              41.600800154264725
            ],
            [
              108.57306307268884,
              41.60177282534623
            ],
            [
              108.56913888754838,
              41.60275430879542
            ],
            [
              108.56520625541066,
              41.60374443713335
            ],
            [
              108.5612651526262,
              41.60474304288112
            ],
            [
              108.55731555554553,
              41.60574995855979
            ],
            [
              108.55335744051915,
              41.606765016690446
            ],
            [
              108.54939078389758,
              41.60778804979416
            ],
            [
              108.54541556203134,
              41.60881889039201
            ],
            [
              108.54143175127093,
              41.60985737100507
            ],
            [
              108.53743932796691,
              41.61090332415442
            ],
            [
              108.53343826846975,
              41.61195658236113
            ],
            [
              108.52942854912999,
              41.61301697814629
            ],
            [
              108.52541014629816,
              41.61408434403097
            ],
            [
              108.52138303632475,
              41.61515851253624
            ],
            [
              108.51734719556029,
              41.61623931618318
            ],
            [
              108.5133026003553,
              41.617326587492876
            ],
            [
              108.5092492270603,
              41.618420158986396
            ],
            [
              108.50518705202579,
              41.61951986318481
            ],
            [
              108.5011160516023,
              41.62062553260922
            ],
            [
              108.49703620214035,
              41.621736999780666
            ],
            [
              108.49294747999045,
              41.622854097220255
            ],
            [
              108.48884986150311,
              41.62397665744905
            ],
            [
              108.48474332302887,
              41.62510451298813
            ],
            [
              108.48062784091823,
              41.62623749635857
            ],
            [
              108.47650339152172,
              41.62737544008145
            ],
            [
              108.47236995118983,
              41.628518176677844
            ],
            [
              108.46822749627312,
              41.629665538668824
            ],
            [
              108.46407600312206,
              41.63081735857548
            ],
            [
              108.4599154480872,
              41.63197346891888
            ],
            [
              108.45574580751905,
              41.6331337022201
            ],
            [
              108.45156705776813,
              41.634297891000216
            ],
            [
              108.44737917518495,
              41.63546586778031
            ],
            [
              108.44318213612002,
              41.63663746508145
            ],
            [
              108.43897591692388,
              41.63781251542473
            ],
            [
              108.43476049394702,
              41.6389908513312
            ],
            [
              108.43053584353997,
              41.640172305321954
            ],
            [
              108.42630194205326,
              41.64135670991807
            ],
            [
              108.42205876583739,
              41.64254389764062
            ],
            [
              108.41780629124288,
              41.64373370101068
            ],
            [
              108.41354449462025,
              41.64492595254933
            ],
            [
              108.40927335232003,
              41.64612048477764
            ],
            [
              108.40499284069271,
              41.64731713021669
            ],
            [
              108.40070293608882,
              41.64851572138756
            ],
            [
              108.39640361485888,
              41.64971609081133
            ],
            [
              108.39209485335341,
              41.650918071009066
            ],
            [
              108.38777662792293,
              41.65212149450185
            ],
            [
              108.38344891491795,
              41.65332619381075
            ],
            [
              108.37911169068897,
              41.65453200145686
            ],
            [
              108.37476493158654,
              41.655738749961245
            ],
            [
              108.37040861396116,
              41.65694627184498
            ],
            [
              108.36604271416334,
              41.65815439962915
            ],
            [
              108.36166720854362,
              41.65936296583482
            ],
            [
              108.3572820734525,
              41.660571802983085
            ],
            [
              108.3528872852405,
              41.661780743595
            ],
            [
              108.34848282025814,
              41.66298962019166
            ],
            [
              108.34406865485593,
              41.66419826529413
            ],
            [
              108.33964476538439,
              41.66540651142349
            ],
            [
              108.33521112819405,
              41.66661419110081
            ],
            [
              108.3307677196354,
              41.66782113684719
            ],
            [
              108.32631451605899,
              41.66902718118368
            ],
            [
              108.32185149381532,
              41.670232156631364
            ],
            [
              108.31737862925489,
              41.671435895711326
            ],
            [
              108.31289589872826,
              41.672638230944635
            ],
            [
              108.30840327858591,
              41.67383899485237
            ],
            [
              108.30390074517837,
              41.67503801995561
            ],
            [
              108.29938827485617,
              41.676235138775425
            ],
            [
              108.2948658439698,
              41.677430183832904
            ],
            [
              108.2903334288698,
              41.67862298764911
            ],
            [
              108.28579100590667,
              41.67981338274513
            ],
            [
              108.28123855143095,
              41.68100120164203
            ],
            [
              108.27667604179314,
              41.682186276860904
            ],
            [
              108.27210345334376,
              41.68336844092281
            ],
            [
              108.26752076243332,
              41.68454752634883
            ],
            [
              108.26292794541234,
              41.685723365660046
            ],
            [
              108.25832497863136,
              41.68689579137753
            ],
            [
              108.25371183844086,
              41.68806463602237
            ],
            [
              108.24908850119141,
              41.68922973211562
            ],
            [
              108.24445494323346,
              41.69039091217837
            ],
            [
              108.23981114091758,
              41.6915480087317
            ],
            [
              108.23515707059425,
              41.69270085429668
            ],
            [
              108.23049270861404,
              41.69384928139439
            ],
            [
              108.2258180313274,
              41.69499312254591
            ],
            [
              108.22113301508489,
              41.6961322102723
            ],
            [
              108.21643763623702,
              41.697266377094664
            ],
            [
              108.2117318711343,
              41.698395455534055
            ],
            [
              108.20701569612726,
              41.69951927811156
            ],
            [
              108.20228908756641,
              41.700637677348254
            ],
            [
              108.19755202180225,
              41.70175048576521
            ],
            [
              108.19280447518533,
              41.70285753588352
            ],
            [
              108.18804642406614,
              41.70395866022423
            ],
            [
              108.18327784479521,
              41.70505369130845
            ],
            [
              108.17849871372306,
              41.70614246165724
            ],
            [
              108.1737090072002,
              41.707224803791675
            ],
            [
              108.16890870157715,
              41.708300550232835
            ],
            [
              108.16409777320443,
              41.70936953350179
            ],
            [
              108.15927619843255,
              41.71043158611963
            ],
            [
              108.15444395361203,
              41.71148654060743
            ],
            [
              108.1496010150934,
              41.71253422948626
            ],
            [
              108.14474735922714,
              41.71357448527719
            ],
            [
              108.13988296236381,
              41.714607140501315
            ],
            [
              108.13500780085391,
              41.715632027679696
            ],
            [
              108.13012185104796,
              41.71664897933342
            ],
            [
              108.12522508929646,
              41.71765782798355
            ],
            [
              108.12031749194996,
              41.71865840615118
            ],
            [
              108.11539903535895,
              41.71965054635737
            ],
            [
              108.11046969587396,
              41.720634081123215
            ],
            [
              108.10552944984549,
              41.72160884296977
            ],
            [
              108.10057827362408,
              41.72257466441813
            ],
            [
              108.09561614356024,
              41.72353137798937
            ],
            [
              108.09064303600448,
              41.724478816204545
            ],
            [
              108.08565892730734,
              41.72541681158476
            ],
            [
              108.0806637938193,
              41.726345196651074
            ],
            [
              108.0756576118909,
              41.72726380392457
            ],
            [
              108.07064035787265,
              41.72817246592633
            ],
            [
              108.06561200811508,
              41.72907101517742
            ],
            [
              108.06057253896869,
              41.72995928419891
            ],
            [
              108.05552192678401,
              41.7308371055119
            ],
            [
              108.05046014791155,
              41.73170431163745
            ],
            [
              108.04538717870183,
              41.73256073509664
            ],
            [
              108.04030299550537,
              41.73340620841055
            ],
            [
              108.03520757467268,
              41.734240564100254
            ],
            [
              108.03010089255429,
              41.73506363468683
            ],
            [
              108.02498292550071,
              41.73587525269135
            ],
            [
              108.01985364986244,
              41.736675250634896
            ],
            [
              108.01471304199003,
              41.73746346103854
            ],
            [
              108.00956107823397,
              41.73823971642336
            ],
            [
              108.00439773494479,
              41.739003849310436
            ],
            [
              107.99922298847301,
              41.73975569222084
            ],
            [
              107.99403681516914,
              41.740495077675654
            ],
            [
              107.98883919138369,
              41.74122183819595
            ],
            [
              107.9836300934672,
              41.741935806302806
            ],
            [
              107.97840949777016,
              41.7426368145173
            ],
            [
              107.97317738064311,
              41.743324695360506
            ],
            [
              107.96793371843656,
              41.7439992813535
            ],
            [
              107.96267848750102,
              41.74466040501736
            ],
            [
              107.95741166418702,
              41.74530789887317
            ],
            [
              107.95213322484506,
              41.745941595442
            ],
            [
              107.94684314582568,
              41.74656132724492
            ],
            [
              107.94154140347936,
              41.74716692680302
            ],
            [
              107.93622797415667,
              41.74775822663736
            ],
            [
              107.93090283420808,
              41.74833505926903
            ],
            [
              107.92556595998414,
              41.748897257219106
            ],
            [
              107.92021732783533,
              41.74944465300866
            ],
            [
              107.9148569141122,
              41.749977079158775
            ],
            [
              107.90948469516528,
              41.750494368190516
            ],
            [
              107.90410064734505,
              41.750996352624966
            ],
            [
              107.89870474700203,
              41.75148286498321
            ],
            [
              107.89329697048676,
              41.75195373778631
            ],
            [
              107.88787729414975,
              41.752408803555355
            ],
            [
              107.8824456943415,
              41.75284789481141
            ],
            [
              107.87700214741255,
              41.75327084407556
            ],
            [
              107.87154662971341,
              41.75367748386888
            ],
            [
              107.8660791175946,
              41.75406764671244
            ],
            [
              107.86059958740663,
              41.75444116512733
            ],
            [
              107.85510801550001,
              41.754797871634615
            ],
            [
              107.84960437822527,
              41.755137598755375
            ],
            [
              107.84408865193292,
              41.75546017901069
            ],
            [
              107.83856081297348,
              41.755765444921636
            ],
            [
              107.83302083769748,
              41.75605322900928
            ],
            [
              107.82746870245542,
              41.75632336379471
            ],
            [
              107.82190438359783,
              41.756575681799006
            ],
            [
              107.81632785747522,
              41.75681001554323
            ],
            [
              107.8107391004381,
              41.75702619754846
            ],
            [
              107.80513808883698,
              41.757224060335794
            ],
            [
              107.79952479902242,
              41.75740343642628
            ],
            [
              107.7938992073449,
              41.75756415834101
            ],
            [
              107.78826129015494,
              41.757706058601066
            ],
            [
              107.78261102380307,
              41.75782896972751
            ],
            [
              107.7769483846398,
              41.75793272424143
            ],
            [
              107.77127334901564,
              41.7580171546639
            ],
            [
              107.76558589328113,
              41.75808209351599
            ],
            [
              107.75988599378675,
              41.758127373318786
            ],
            [
              107.75417362688306,
              41.75815282659335
            ],
            [
              107.74844876892055,
              41.75815828586078
            ],
            [
              107.74271139624975,
              41.75814358364214
            ],
            [
              107.73696148522116,
              41.7581085524585
            ],
            [
              107.73119901218531,
              41.75805302483096
            ],
            [
              107.72542395349272,
              41.757976833280566
            ],
            [
              107.7196362854939,
              41.75787981032842
            ],
            [
              107.71383598453937,
              41.757761788495586
            ],
            [
              107.70802302697965,
              41.75762260030314
            ],
            [
              107.70219738916526,
              41.75746207827216
            ],
            [
              107.6963590474467,
              41.75728005492373
            ],
            [
              107.69050797817451,
              41.75707636277892
            ],
            [
              107.68464415769918,
              41.75685083435881
            ],
            [
              107.67876756237126,
              41.756603302184466
            ],
            [
              107.67287816854125,
              41.75633359877698
            ],
            [
              107.66697595255967,
              41.75604155665742
            ],
            [
              107.66106089077702,
              41.75572700834687
            ],
            [
              107.65513295954383,
              41.755389786366386
            ],
            [
              107.64919213521064,
              41.75502972323707
            ],
            [
              107.64323839412793,
              41.75464665147999
            ],
            [
              107.63727171264625,
              41.754240403616215
            ],
            [
              107.63129206711608,
              41.753810812166826
            ],
            [
              107.62529943388797,
              41.75335770965291
            ],
            [
              107.61929378931244,
              41.75288092859552
            ],
            [
              107.61327510973997,
              41.752380301515764
            ],
            [
              107.60724337152111,
              41.751855660934694
            ],
            [
              107.60119855100636,
              41.75130683937339
            ],
            [
              107.59514062454625,
              41.75073366935294
            ],
            [
              107.58906956849128,
              41.75013598339441
            ],
            [
              107.58298535919201,
              41.74951361401888
            ],
            [
              107.5768879729989,
              41.74886639374743
            ],
            [
              107.5707773862625,
              41.74819415510113
            ],
            [
              107.56465357533332,
              41.747496730601064
            ],
            [
              107.55851651656188,
              41.7467739527683
            ],
            [
              107.55236618629868,
              41.74602565412392
            ],
            [
              107.54620256089427,
              41.745251667189
            ],
            [
              107.54002561669915,
              41.74445182448462
            ],
            [
              107.53383533006382,
              41.74362595853185
            ],
            [
              107.52763167733883,
              41.74277390185178
            ],
            [
              107.52141463487467,
              41.74189548696546
            ],
            [
              107.51518417902187,
              41.740990546393995
            ],
            [
              107.50894028613097,
              41.74005891265845
            ],
            [
              107.50268293255243,
              41.73910041827989
            ],
            [
              107.49641209463681,
              41.73811489577941
            ],
            [
              107.49012774873462,
              41.73710217767808
            ],
            [
              107.48382987119638,
              41.73606209649698
            ],
            [
              107.47751843837258,
              41.73499448475717
            ],
            [
              107.47119342661378,
              41.733899174979754
            ],
            [
              107.46485481227047,
              41.732775999685785
            ],
            [
              107.45850257169317,
              41.73162479139636
            ],
            [
              107.4521366812324,
              41.73044538263253
            ],
            [
              107.44575711723868,
              41.729237605915394
            ],
            [
              107.43936385606253,
              41.72800129376602
            ],
            [
              107.43295687405445,
              41.72673627870548
            ],
            [
              107.42653614756499,
              41.72544239325486
            ],
            [
              107.42010165294462,
              41.72411946993523
            ],
            [
              107.41365336654391,
              41.72276734126768
            ],
            [
              107.40719126471333,
              41.72138583977326
            ],
            [
              107.40071532380342,
              41.71997479797307
            ],
            [
              107.39422552016471,
              41.71853404838818
            ],
            [
              107.3877218301477,
              41.71706342353966
            ],
            [
              107.3812042301029,
              41.715562755948596
            ],
            [
              107.37467269638084,
              41.71403187813606
            ],
            [
              107.36812720533203,
              41.71247062262313
            ],
            [
              107.361567733307,
              41.71087882193088
            ],
            [
              107.35499425665625,
              41.70925630858039
            ],
            [
              107.34840675173031,
              41.70760291509274
            ],
            [
              107.3418051948797,
              41.705918473989
            ],
            [
              107.33518956245491,
              41.70420281779025
            ],
            [
              107.3285598308065,
              41.702455779017555
            ],
            [
              107.32191597628496,
              41.70067719019201
            ],
            [
              107.3152579752408,
              41.69886688383468
            ],
            [
              107.30858580402456,
              41.69702469246665
            ],
            [
              107.30189943898674,
              41.695150448608985
            ],
            [
              107.29519885647787,
              41.693243984782775
            ],
            [
              107.28848403284846,
              41.69130513350908
            ],
            [
              107.28175494444902,
              41.689333727309
            ],
            [
              107.27501156763009,
              41.687329598703585
            ],
            [
              107.26825387874216,
              41.68529258021393
            ],
            [
              107.26148185413577,
              41.68322250436111
            ],
            [
              107.25469547016141,
              41.68111920366619
            ],
            [
              107.24789470316962,
              41.678982510650265
            ],
            [
              107.24107952951093,
              41.67681225783439
            ],
            [
              107.23424992553582,
              41.67460827773966
            ],
            [
              107.22740586759483,
              41.67237040288715
            ],
            [
              107.22054733203846,
              41.67009846579792
            ],
            [
              107.21367429521726,
              41.66779229899306
            ],
            [
              107.20678673348172,
              41.665451734993646
            ],
            [
              107.19988462318237,
              41.66307660632075
            ],
            [
              107.19296794066972,
              41.660666745495455
            ],
            [
              107.18603666229428,
              41.658221985038836
            ],
            [
              107.17909076440658,
              41.65574215747196
            ],
            [
              107.17213022335713,
              41.65322709531592
            ],
            [
              107.16515501549647,
              41.650676631091784
            ],
            [
              107.15816511717507,
              41.648090597320625
            ],
            [
              107.1511605047435,
              41.64546882652352
            ],
            [
              107.14414115455224,
              41.64281115122156
            ],
            [
              107.13710704295181,
              41.6401174039358
            ],
            [
              107.13005814629275,
              41.63738741718733
            ],
            [
              107.12299444092557,
              41.634621023497225
            ],
            [
              107.11591590320077,
              41.63181805538656
            ],
            [
              107.10882250946888,
              41.62897834537641
            ],
            [
              107.10171423608043,
              41.62610172598785
            ],
            [
              107.09459105938589,
              41.62318802974197
            ],
            [
              107.08745295573584,
              41.62023708915983
            ],
            [
              107.08029990148076,
              41.61724873676252
            ],
            [
              107.07313187297117,
              41.6142228050711
            ],
            [
              107.06594884655759,
              41.611159126606665
            ],
            [
              107.05875079859055,
              41.60805753389028
            ],
            [
              107.05153770542054,
              41.60491785944303
            ],
            [
              107.0443095433981,
              41.60173993578598
            ],
            [
              107.03706628887375,
              41.59852359544021
            ],
            [
              107.02980791819799,
              41.595268670926814
            ],
            [
              107.02253440772134,
              41.591974994766844
            ],
            [
              107.01524573379433,
              41.58864239948139
            ],
            [
              107.00794187276746,
              41.58527071759153
            ],
            [
              107.00062280099127,
              41.58185978161833
            ],
            [
              106.99328849481626,
              41.57840942408287
            ],
            [
              106.98593893059295,
              41.574919477506235
            ],
            [
              106.97857408467185,
              41.57138977440949
            ],
            [
              106.9711939334035,
              41.567820147313725
            ],
            [
              106.9637984531384,
              41.564210428740004
            ],
            [
              106.95638762022706,
              41.56056045120942
            ],
            [
              106.94896141102001,
              41.556870047243024
            ],
            [
              106.94151980186777,
              41.55313904936192
            ],
            [
              106.93406276912084,
              41.54936729008716
            ],
            [
              106.92659028912976,
              41.54555460193984
            ],
            [
              106.91910233824504,
              41.54170081744103
            ],
            [
              106.91159889281718,
              41.537805769111806
            ],
            [
              106.90407992919671,
              41.53386928947324
            ],
            [
              106.89654542373415,
              41.52989121104641
            ],
            [
              106.88899535278003,
              41.525871366352405
            ],
            [
              106.88142969268485,
              41.52180958791229
            ],
            [
              106.87384841979912,
              41.51770570824714
            ],
            [
              106.86625151047336,
              41.51355955987804
            ],
            [
              106.8586389410581,
              41.50937097532606
            ],
            [
              106.85101068790385,
              41.50513978711228
            ],
            [
              106.84336672736113,
              41.50086582775777
            ],
            [
              106.83570703578046,
              41.496548929783614
            ],
            [
              106.82803158951235,
              41.49218892571089
            ],
            [
              106.82034036490731,
              41.48778564806067
            ],
            [
              106.81263333831588,
              41.483338929354034
            ],
            [
              106.80491048608856,
              41.47884860211205
            ],
            [
              106.79717178457587,
              41.474314498855804
            ],
            [
              106.78941721012833,
              41.469736452106375
            ],
            [
              106.78164673909646,
              41.465114294384826
            ],
            [
              106.77386034783076,
              41.46044785821225
            ],
            [
              106.76605801268177,
              41.45573697610971
            ],
            [
              106.75823971,
              41.45098148059829
            ],
            [
              106.7529182018515,
              41.44771218445074
            ],
            [
              106.74760143697765,
              41.444404767797934
            ],
            [
              106.74228946440962,
              41.44105947758983
            ],
            [
              106.7369823331786,
              41.437676560776374
            ],
            [
              106.73168009231577,
              41.43425626430752
            ],
            [
              106.72638279085228,
              41.430798835133224
            ],
            [
              106.72109047781935,
              41.427304520203435
            ],
            [
              106.71580320224811,
              41.42377356646811
            ],
            [
              106.71052101316975,
              41.42020622087718
            ],
            [
              106.70524395961547,
              41.41660273038063
            ],
            [
              106.69997209061643,
              41.412963341928396
            ],
            [
              106.69470545520379,
              41.40928830247043
            ],
            [
              106.68944410240874,
              41.40557785895668
            ],
            [
              106.68418808126246,
              41.40183225833711
            ],
            [
              106.67893744079613,
              41.39805174756166
            ],
            [
              106.67369223004091,
              41.394236573580294
            ],
            [
              106.668452498028,
              41.39038698334296
            ],
            [
              106.66321829378855,
              41.3865032237996
            ],
            [
              106.65798966635376,
              41.382585541900184
            ],
            [
              106.65276666475478,
              41.37863418459465
            ],
            [
              106.6475493380228,
              41.37464939883296
            ],
            [
              106.642337735189,
              41.37063143156506
            ],
            [
              106.63713190528456,
              41.3665805297409
            ],
            [
              106.63193189734064,
              41.36249694031044
            ],
            [
              106.62673776038842,
              41.35838091022363
            ],
            [
              106.6215495434591,
              41.35423268643042
            ],
            [
              106.61636729558383,
              41.35005251588077
            ],
            [
              106.61119106579379,
              41.34584064552462
            ],
            [
              106.60602090312015,
              41.34159732231193
            ],
            [
              106.6008568565941,
              41.33732279319265
            ],
            [
              106.59569897524683,
              41.333017305116734
            ],
            [
              106.59054730810949,
              41.32868110503413
            ],
            [
              106.58540190421326,
              41.3243144398948
            ],
            [
              106.58026281258932,
              41.31991755664868
            ],
            [
              106.57513008226886,
              41.31549070224574
            ],
            [
              106.57000376228302,
              41.31103412363592
            ],
            [
              106.56488390166301,
              41.306548067769185
            ],
            [
              106.55977054944,
              41.30203278159547
            ],
            [
              106.55466375464516,
              41.29748851206474
            ],
            [
              106.54956356630967,
              41.292915506126946
            ],
            [
              106.5444700334647,
              41.28831401073203
            ],
            [
              106.53938320514143,
              41.28368427282996
            ],
            [
              106.53430313037104,
              41.279026539370676
            ],
            [
              106.52922985818469,
              41.27434105730414
            ],
            [
              106.5241634376136,
              41.26962807358029
            ],
            [
              106.51910391768888,
              41.264887835149096
            ],
            [
              106.51405134744176,
              41.260120588960504
            ],
            [
              106.50900577590339,
              41.25532658196446
            ],
            [
              106.50396725210496,
              41.25050606111092
            ],
            [
              106.49893582507764,
              41.24565927334984
            ],
            [
              106.4939115438526,
              41.24078646563116
            ],
            [
              106.48889445746103,
              41.23588788490485
            ],
            [
              106.48388461493408,
              41.23096377812085
            ],
            [
              106.47888206530297,
              41.22601439222912
            ],
            [
              106.47388685759884,
              41.221039974179604
            ],
            [
              106.46889904085288,
              41.21604077092226
            ],
            [
              106.46391866409625,
              41.21101702940704
            ],
            [
              106.45894577636015,
              41.2059689965839
            ],
            [
              106.45398042667574,
              41.20089691940278
            ],
            [
              106.4490226640742,
              41.19580104481364
            ],
            [
              106.44407253758672,
              41.19068161976643
            ],
            [
              106.43913009624447,
              41.18553889121111
            ],
            [
              106.4341953890786,
              41.180373106097626
            ],
            [
              106.42926846512032,
              41.17518451137593
            ],
            [
              106.42434937340079,
              41.16997335399598
            ],
            [
              106.41943816295118,
              41.16473988090772
            ],
            [
              106.41453488280268,
              41.1594843390611
            ],
            [
              106.40963958198647,
              41.15420697540609
            ],
            [
              106.4047523095337,
              41.14890803689262
            ],
            [
              106.39987311447558,
              41.14358777047066
            ],
            [
              106.39500204584327,
              41.13824642309015
            ],
            [
              106.39013915266794,
              41.132884241701056
            ],
            [
              106.38528448398077,
              41.12750147325331
            ],
            [
              106.38043808881294,
              41.12209836469689
            ],
            [
              106.37560001619562,
              41.11667516298172
            ],
            [
              106.37077031516,
              41.111232115057774
            ],
            [
              106.36594903473724,
              41.105769467875
            ],
            [
              106.36113622395854,
              41.10028746838334
            ],
            [
              106.35633193185504,
              41.09478636353276
            ],
            [
              106.35153620745794,
              41.08926640027321
            ],
            [
              106.34674909979842,
              41.08372782555463
            ],
            [
              106.34197065790764,
              41.07817088632699
            ],
            [
              106.33720093081678,
              41.07259582954022
            ],
            [
              106.33243996755702,
              41.06700290214429
            ],
            [
              106.32768781715956,
              41.06139235108915
            ],
            [
              106.32294452865553,
              41.055764423324746
            ],
            [
              106.31821015107613,
              41.05011936580104
            ],
            [
              106.31348473345254,
              41.044457425467975
            ],
            [
              106.30876832481593,
              41.03877884927551
            ],
            [
              106.30406097419748,
              41.03308388417359
            ],
            [
              106.29936273062836,
              41.02737277711217
            ],
            [
              106.29467364313976,
              41.02164577504121
            ],
            [
              106.28999376076283,
              41.01590312491065
            ],
            [
              106.28532313252877,
              41.01014507367046
            ],
            [
              106.28066180746875,
              41.00437186827057
            ],
            [
              106.27600983461394,
              40.99858375566094
            ],
            [
              106.27136726299553,
              40.99278098279153
            ],
            [
              106.26673414164468,
              40.98696379661229
            ],
            [
              106.26211051959258,
              40.98113244407317
            ],
            [
              106.25749644587039,
              40.97528717212412
            ],
            [
              106.2528919695093,
              40.96942822771509
            ],
            [
              106.24829713954048,
              40.963555857796045
            ],
            [
              106.2437120049951,
              40.957670309316924
            ],
            [
              106.23913661490437,
              40.95177182922768
            ],
            [
              106.23457101829942,
              40.94586066447828
            ],
            [
              106.23001526421146,
              40.939937062018664
            ],
            [
              106.22546940167163,
              40.93400126879878
            ],
            [
              106.22093347971115,
              40.92805353176859
            ],
            [
              106.21640754736117,
              40.922094097878045
            ],
            [
              106.21189165365287,
              40.916123214077096
            ],
            [
              106.20738584761742,
              40.91014112731569
            ],
            [
              106.20289017828601,
              40.90414808454379
            ],
            [
              106.19840469468981,
              40.89814433271134
            ],
            [
              106.19392944586,
              40.89213011876829
            ],
            [
              106.18946448082775,
              40.8861056896646
            ],
            [
              106.18500984862423,
              40.88007129235022
            ],
            [
              106.18056559828064,
              40.8740271737751
            ],
            [
              106.17613177882814,
              40.86797358088919
            ],
            [
              106.17170843929789,
              40.86191076064246
            ],
            [
              106.16729562872109,
              40.85583895998484
            ],
            [
              106.16289339612892,
              40.849758425866284
            ],
            [
              106.15850179055253,
              40.84366940523676
            ],
            [
              106.15412086102313,
              40.8375721450462
            ],
            [
              106.14975065657187,
              40.83146689224458
            ],
            [
              106.14539122622993,
              40.82535389378184
            ],
            [
              106.1410426190285,
              40.81923339660793
            ],
            [
              106.13670488399873,
              40.8131056476728
            ],
            [
              106.13237807017182,
              40.806970893926405
            ],
            [
              106.12806222657895,
              40.8008293823187
            ],
            [
              106.12375740225127,
              40.79468135979965
            ],
            [
              106.11946364621998,
              40.78852707331918
            ],
            [
              106.11518100751626,
              40.782366769827256
            ],
            [
              106.11090953517125,
              40.77620069627383
            ],
            [
              106.10664927821617,
              40.77002909960886
            ],
            [
              106.10240028568215,
              40.7638522267823
            ],
            [
              106.09816260660041,
              40.75767032474408
            ],
            [
              106.09393629000212,
              40.75148364044418
            ],
            [
              106.08972138491842,
              40.745292420832534
            ],
            [
              106.08551794038053,
              40.7390969128591
            ],
            [
              106.0813260054196,
              40.73289736347383
            ],
            [
              106.0771456290668,
              40.72669401962668
            ],
            [
              106.07297686035334,
              40.7204871282676
            ],
            [
              106.06881974831037,
              40.714276936346536
            ],
            [
              106.06467434196907,
              40.70806369081345
            ],
            [
              106.06054069036061,
              40.70184763861829
            ],
            [
              106.0564188425162,
              40.695629026711
            ],
            [
              106.05230884746696,
              40.689408102041554
            ],
            [
              106.04821075424411,
              40.68318511155989
            ],
            [
              106.04412461187881,
              40.67696030221595
            ],
            [
              106.04005046940225,
              40.670733920959705
            ],
            [
              106.03598837584558,
              40.6645062147411
            ],
            [
              106.03193838024,
              40.65827743051008
            ],
            [
              106.02790053161668,
              40.65204781521662
            ],
            [
              106.02387487900678,
              40.64581761581064
            ],
            [
              106.0198614714415,
              40.63958707924212
            ],
            [
              106.01586035795201,
              40.633356452461
            ],
            [
              106.01187158756947,
              40.62712598241723
            ],
            [
              106.00789520932508,
              40.62089591606077
            ],
            [
              106.00393127225001,
              40.61466650034156
            ],
            [
              105.99997982537542,
              40.60843798220957
            ],
            [
              105.9960409177325,
              40.60221060861475
            ],
            [
              105.99211459835243,
              40.59598462650703
            ],
            [
              105.98820091626636,
              40.58976028283639
            ],
            [
              105.9842999205055,
              40.58353782455276
            ],
            [
              105.98041166010101,
              40.57731749860611
            ],
            [
              105.97653618408407,
              40.571099551946375
            ],
            [
              105.97267354148586,
              40.56488423152352
            ],
            [
              105.96882378133753,
              40.5586717842875
            ],
            [
              105.9649869526703,
              40.552462457188255
            ],
            [
              105.96116310451531,
              40.54625649717575
            ],
            [
              105.95735228590375,
              40.540054151199925
            ],
            [
              105.9535545458668,
              40.53385566621074
            ],
            [
              105.94976993343563,
              40.52766128915815
            ],
            [
              105.94599849764141,
              40.5214712669921
            ],
            [
              105.94224028751533,
              40.51528584666254
            ],
            [
              105.93849535208857,
              40.50910527511944
            ],
            [
              105.93476374039228,
              40.50292979931273
            ],
            [
              105.93104550145766,
              40.496759666192375
            ],
            [
              105.92734068431588,
              40.49059512270833
            ],
            [
              105.9236493379981,
              40.484436415810535
            ],
            [
              105.91997151153552,
              40.47828379244895
            ],
            [
              105.91630725395932,
              40.47213749957353
            ],
            [
              105.91265661430066,
              40.46599778413422
            ],
            [
              105.9090196415907,
              40.459864893080976
            ],
            [
              105.90539638486065,
              40.45373907336375
            ],
            [
              105.90178689314168,
              40.4476205719325
            ],
            [
              105.89819121546495,
              40.44150963573717
            ],
            [
              105.89460940086164,
              40.43540651172771
            ],
            [
              105.89104149836294,
              40.429311446854086
            ],
            [
              105.887487557,
              40.42322468806624
            ],
            [
              105.88394762580403,
              40.41714648231412
            ],
            [
              105.88042175380617,
              40.41107707654769
            ],
            [
              105.87690999003763,
              40.405016717716904
            ],
            [
              105.87341238352957,
              40.39896565277169
            ],
            [
              105.86992898331317,
              40.39292412866203
            ],
            [
              105.8664598384196,
              40.38689239233786
            ],
            [
              105.86300499788004,
              40.38087069074914
            ],
            [
              105.85956451072568,
              40.37485927084582
            ],
            [
              105.85613842598767,
              40.368858379577844
            ],
            [
              105.85272679269718,
              40.36286826389517
            ],
            [
              105.84932965988543,
              40.35688917074776
            ],
            [
              105.84594707658357,
              40.35092134708555
            ],
            [
              105.84257909182277,
              40.34496503985851
            ],
            [
              105.83922575463421,
              40.33902049601657
            ],
            [
              105.83588711404907,
              40.3330879625097
            ],
            [
              105.83256321909853,
              40.32716768628785
            ],
            [
              105.82925411881376,
              40.32125991430097
            ],
            [
              105.82595986222594,
              40.315364893499
            ],
            [
              105.82268049836625,
              40.309482870831914
            ],
            [
              105.81941607626585,
              40.30361409324965
            ],
            [
              105.81616664495594,
              40.29775880770217
            ],
            [
              105.81293225346766,
              40.29191726113941
            ],
            [
              105.80971295083224,
              40.28608970051134
            ],
            [
              105.8065087860808,
              40.28027637276791
            ],
            [
              105.80331980824455,
              40.27447752485906
            ],
            [
              105.80014606635467,
              40.26869340373475
            ],
            [
              105.79698760944231,
              40.26292425634494
            ],
            [
              105.79384448653866,
              40.25717032963957
            ],
            [
              105.7907167466749,
              40.251431870568595
            ],
            [
              105.7876044388822,
              40.24570912608197
            ],
            [
              105.78450761219175,
              40.240002343129646
            ],
            [
              105.78142631563469,
              40.23431176866158
            ],
            [
              105.77836059824224,
              40.228637649627714
            ],
            [
              105.77531050904555,
              40.22298023297801
            ],
            [
              105.7722760970758,
              40.21733976566242
            ],
            [
              105.76925741136418,
              40.21171649463089
            ],
            [
              105.76625450094186,
              40.206110666833375
            ],
            [
              105.76326741484,
              40.200522529219825
            ],
            [
              105.76029620208979,
              40.1949523287402
            ],
            [
              105.75734091172241,
              40.189400312344446
            ],
            [
              105.75440159276903,
              40.183866726982515
            ],
            [
              105.75147829426082,
              40.178351819604366
            ],
            [
              105.74857106522897,
              40.17285583715994
            ],
            [
              105.74567995470464,
              40.1673790265992
            ],
            [
              105.74280501171903,
              40.16192163487209
            ],
            [
              105.73994628530329,
              40.15648390892857
            ],
            [
              105.73710382448861,
              40.15106609571858
            ],
            [
              105.73427767830616,
              40.14566844219209
            ],
            [
              105.73146789578713,
              40.14029119529904
            ],
            [
              105.72867452596267,
              40.134934601989386
            ],
            [
              105.72589761786399,
              40.12959890921308
            ],
            [
              105.72313722052225,
              40.124284363920076
            ],
            [
              105.72039338296861,
              40.11899121306032
            ],
            [
              105.71766615423427,
              40.11371970358377
            ],
            [
              105.71495558335039,
              40.10847008244038
            ],
            [
              105.71226171934816,
              40.103242596580095
            ],
            [
              105.70958461125875,
              40.09803749295288
            ],
            [
              105.70692430811333,
              40.092855018508665
            ],
            [
              105.7042808589431,
              40.08769542019743
            ],
            [
              105.7016543127792,
              40.0825589449691
            ],
            [
              105.69904471865283,
              40.077445839773645
            ],
            [
              105.69645212559516,
              40.07235635156102
            ],
            [
              105.69387658263736,
              40.06729072728117
            ],
            [
              105.69131813881062,
              40.06224921388404
            ],
            [
              105.68877684314612,
              40.05723205831959
            ],
            [
              105.686252744675,
              40.05223950753778
            ],
            [
              105.68374589242848,
              40.04727180848855
            ],
            [
              105.68125633543771,
              40.042329208121856
            ],
            [
              105.67878412273387,
              40.037411953387654
            ],
            [
              105.67632930334815,
              40.0325202912359
            ],
            [
              105.67389192631173,
              40.027654468616525
            ],
            [
              105.67147204065574,
              40.02281473247951
            ],
            [
              105.66906969541141,
              40.01800132977478
            ],
            [
              105.6666849396099,
              40.01321450745231
            ],
            [
              105.66431782228236,
              40.008454512462045
            ],
            [
              105.66196839246,
              40.00372159175393
            ],
            [
              105.65963669917399,
              39.999015992277926
            ],
            [
              105.65732279145548,
              39.994337960983984
            ],
            [
              105.65502671833568,
              39.98968774482205
            ],
            [
              105.65274852884575,
              39.98506559074208
            ],
            [
              105.65048827201687,
              39.980471745694025
            ],
            [
              105.6482459968802,
              39.97590645662785
            ],
            [
              105.64602175246695,
              39.971369970493484
            ],
            [
              105.64381558780828,
              39.9668625342409
            ],
            [
              105.64162755193534,
              39.96238439482004
            ],
            [
              105.63945769387935,
              39.95793579918086
            ],
            [
              105.63730606267146,
              39.95351699427331
            ],
            [
              105.63517270734285,
              39.94912822704734
            ],
            [
              105.6330576769247,
              39.944769744452906
            ],
            [
              105.63096102044817,
              39.94044179343996
            ],
            [
              105.62888278694446,
              39.93614462095846
            ],
            [
              105.62682302544474,
              39.93187847395834
            ],
            [
              105.62478178498017,
              39.927643599389576
            ],
            [
              105.62275911458195,
              39.923440244202105
            ],
            [
              105.62075506328125,
              39.91926865534589
            ],
            [
              105.61876968010924,
              39.915129079770864
            ],
            [
              105.61680301409709,
              39.911021764427005
            ],
            [
              105.61485511427598,
              39.90694695626424
            ],
            [
              105.6129260296771,
              39.90290490223254
            ],
            [
              105.6110158093316,
              39.89889584928185
            ],
            [
              105.60912450227069,
              39.894920044362124
            ],
            [
              105.60725215752552,
              39.890977734423316
            ],
            [
              105.60539882412728,
              39.88706916641537
            ],
            [
              105.60356455110714,
              39.883194587288244
            ],
            [
              105.60174938749627,
              39.8793542439919
            ],
            [
              105.59995338232585,
              39.87554838347627
            ],
            [
              105.59817658462707,
              39.87177725269132
            ],
            [
              105.5964190434311,
              39.868041098587
            ],
            [
              105.5946808077691,
              39.86434016811326
            ],
            [
              105.59296192667226,
              39.86067470822005
            ],
            [
              105.59126244917175,
              39.85704496585734
            ],
            [
              105.58958242429875,
              39.85345118797506
            ],
            [
              105.58792190108444,
              39.84989362152317
            ],
            [
              105.58628092856,
              39.84637251345163
            ],
            [
              105.58465955575659,
              39.842888110710376
            ],
            [
              105.5830578317054,
              39.83944066024937
            ],
            [
              105.5814758054376,
              39.83603040901857
            ],
            [
              105.57991352598437,
              39.83265760396792
            ],
            [
              105.57850306903735,
              39.82960795614374
            ],
            [
              105.58459063938508,
              39.82766766674582
            ],
            [
              105.59844722096838,
              39.82187183223869
            ],
            [
              105.61157241270864,
              39.814943066513976
            ],
            [
              105.62383981183444,
              39.806948097373244
            ],
            [
              105.63513127658616,
              39.79796392073982
            ],
            [
              105.64533806398569,
              39.788077059145934
            ],
            [
              105.65436187709079,
              39.77738272847344
            ],
            [
              105.66211581164832,
              39.76598392097284
            ],
            [
              105.66852519302978,
              39.75399041339158
            ],
            [
              105.67352829538872,
              39.74151770976398
            ],
            [
              105.67707693611447,
              39.72868592904426
            ],
            [
              105.67913693985695,
              39.715618648295305
            ],
            [
              105.69210279585694,
              39.58532011410727
            ],
            [
              105.692654323654,
              39.572143178386
            ],
            [
              105.69169206399144,
              39.55898348878665
            ],
            [
              105.68922528395585,
              39.54596778031389
            ],
            [
              105.68527773998746,
              39.53322140135541
            ],
            [
              105.6798874490926,
              39.520867106508476
            ],
            [
              105.67310632271926,
              39.509023874385996
            ],
            [
              105.66499966682134,
              39.49780576178748
            ],
            [
              105.6556455529267,
              39.487320805269704
            ],
            [
              105.64513406626558,
              39.47766998069559
            ],
            [
              105.63356643820075,
              39.468946230781455
            ],
            [
              105.62105407131394,
              39.46123357000788
            ],
            [
              105.60771746653822,
              39.45460627551425
            ],
            [
              105.59368506266814,
              39.44912817176942
            ],
            [
              105.57909199942387,
              39.444852015907074
            ],
            [
              105.56407881598179,
              39.44181898964575
            ],
            [
              105.5487900975055,
              39.440058302686374
            ],
            [
              105.54723727271177,
              39.4400108234515
            ],
            [
              105.54754720975392,
              39.43633736602824
            ],
            [
              105.54811766631708,
              39.42954362648459
            ],
            [
              105.54868464344935,
              39.42275812883514
            ],
            [
              105.5492481016124,
              39.415980878926256
            ],
            [
              105.54980800126792,
              39.409211882604296
            ],
            [
              105.55036430287761,
              39.40245114571563
            ],
            [
              105.55091696690315,
              39.39569867410661
            ],
            [
              105.55146595380621,
              39.38895447362362
            ],
            [
              105.55201122404851,
              39.38221855011301
            ],
            [
              105.55255273809172,
              39.375490909421146
            ],
            [
              105.55309045639754,
              39.368771557394396
            ],
            [
              105.55362433942766,
              39.36206049987912
            ],
            [
              105.55415434764375,
              39.35535774272168
            ],
            [
              105.55468044150751,
              39.34866329176845
            ],
            [
              105.55520258148063,
              39.34197715286579
            ],
            [
              105.5557207280248,
              39.33529933186006
            ],
            [
              105.55623484160171,
              39.32862983459762
            ],
            [
              105.55674488267304,
              39.321968666924846
            ],
            [
              105.55725081170048,
              39.3153158346881
            ],
            [
              105.55775258914572,
              39.308671343733735
            ],
            [
              105.55825017547046,
              39.30203519990813
            ],
            [
              105.55874353113639,
              39.295407409057646
            ],
            [
              105.55923261660517,
              39.28878797702863
            ],
            [
              105.55971739233851,
              39.28217690966748
            ],
            [
              105.5601978187981,
              39.27557421282052
            ],
            [
              105.56067385644562,
              39.268979892334144
            ],
            [
              105.56114546574275,
              39.26239395405471
            ],
            [
              105.56161260715122,
              39.25581640382857
            ],
            [
              105.56207524113267,
              39.2492472475021
            ],
            [
              105.56253332814882,
              39.242686490921656
            ],
            [
              105.56298682866134,
              39.23613413993361
            ],
            [
              105.56343570313193,
              39.22959020038432
            ],
            [
              105.56387991202227,
              39.223054678120164
            ],
            [
              105.56431941579405,
              39.21652757898749
            ],
            [
              105.56475417490897,
              39.21000890883266
            ],
            [
              105.56518414982871,
              39.203498673502054
            ],
            [
              105.56560930101496,
              39.19699687884202
            ],
            [
              105.5660295889294,
              39.19050353069894
            ],
            [
              105.56644497403373,
              39.18401863491916
            ],
            [
              105.56685541678964,
              39.177542197349055
            ],
            [
              105.56726087765881,
              39.171074223834985
            ],
            [
              105.56766131710293,
              39.16461472022332
            ],
            [
              105.56805669558369,
              39.15816369236042
            ],
            [
              105.56844697356279,
              39.15172114609264
            ],
            [
              105.56883211150189,
              39.14528708726636
            ],
            [
              105.56921206986271,
              39.13886152172793
            ],
            [
              105.56958680910692,
              39.13244445532373
            ],
            [
              105.56995628969622,
              39.12603589390011
            ],
            [
              105.57032047209229,
              39.11963584330345
            ],
            [
              105.57067931675682,
              39.11324430938009
            ],
            [
              105.57103278415151,
              39.106861297976415
            ],
            [
              105.57138083473804,
              39.10048681493878
            ],
            [
              105.57172342897809,
              39.094120866113556
            ],
            [
              105.57206052733335,
              39.087763457347094
            ],
            [
              105.57239209026552,
              39.08141459448577
            ],
            [
              105.57271807823628,
              39.07507428337595
            ],
            [
              105.57303845170733,
              39.06874252986399
            ],
            [
              105.57335317114034,
              39.06241933979625
            ],
            [
              105.57366219699702,
              39.05610471901911
            ],
            [
              105.57396548973904,
              39.04979867337892
            ],
            [
              105.5742630098281,
              39.043501208722056
            ],
            [
              105.57455471772589,
              39.03721233089487
            ],
            [
              105.57484057389408,
              39.03093204574373
            ],
            [
              105.5751205387944,
              39.02466035911501
            ],
            [
              105.57539457288848,
              39.01839727685506
            ],
            [
              105.57566263663806,
              39.01214280481025
            ],
            [
              105.57592469050479,
              39.00589694882695
            ],
            [
              105.5761806949504,
              38.999659714751516
            ],
            [
              105.57643061043655,
              38.993431108430315
            ],
            [
              105.57667439742492,
              38.98721113570971
            ],
            [
              105.57691201637722,
              38.98099980243606
            ],
            [
              105.57714342775515,
              38.97479711445574
            ],
            [
              105.57736859202035,
              38.968603077615114
            ],
            [
              105.57758746963455,
              38.962417697760536
            ],
            [
              105.57780002105945,
              38.95624098073838
            ],
            [
              105.57800620675668,
              38.950072932395
            ],
            [
              105.57820598718799,
              38.94391355857677
            ],
            [
              105.57839932281503,
              38.937762865130054
            ],
            [
              105.57858617409951,
              38.93162085790121
            ],
            [
              105.57876650150311,
              38.9254875427366
            ],
            [
              105.57894026548752,
              38.919362925482595
            ],
            [
              105.57910742651443,
              38.913247011985554
            ],
            [
              105.57926794504553,
              38.90713980809185
            ],
            [
              105.5794217815425,
              38.90104131964783
            ],
            [
              105.57956889646702,
              38.89495155249988
            ],
            [
              105.57970925028081,
              38.88887051249435
            ],
            [
              105.57984280344554,
              38.88279820547761
            ],
            [
              105.57996951642289,
              38.876734637296025
            ],
            [
              105.58008934967458,
              38.870679813795945
            ],
            [
              105.58020226366226,
              38.864633740823756
            ],
            [
              105.58030821884765,
              38.8585964242258
            ],
            [
              105.5804071756924,
              38.852567869848464
            ],
            [
              105.58049909465825,
              38.846548083538096
            ],
            [
              105.58058393620685,
              38.84053707114106
            ],
            [
              105.58066166079989,
              38.83453483850373
            ],
            [
              105.58073222889908,
              38.82854139147246
            ],
            [
              105.5807956009661,
              38.82255673589363
            ],
            [
              105.58085173746264,
              38.81658087761358
            ],
            [
              105.58090059885038,
              38.81061382247869
            ],
            [
              105.58094214559101,
              38.80465557633533
            ],
            [
              105.58097633814623,
              38.798706145029854
            ],
            [
              105.58100313697771,
              38.79276553440862
            ],
            [
              105.58102250254716,
              38.78683375031801
            ],
            [
              105.58103439531625,
              38.780910798604374
            ],
            [
              105.58103877574669,
              38.774996685114075
            ],
            [
              105.58103560430014,
              38.76909141569349
            ],
            [
              105.58102484143832,
              38.76319499618897
            ],
            [
              105.5810064476229,
              38.75730743244689
            ],
            [
              105.58098038331556,
              38.751428730313606
            ],
            [
              105.58094660897801,
              38.74555889563549
            ],
            [
              105.58090508507192,
              38.73969793425889
            ],
            [
              105.580855772059,
              38.73384585203019
            ],
            [
              105.58079863040092,
              38.72800265479575
            ],
            [
              105.58073362055937,
              38.72216834840192
            ],
            [
              105.58066070299606,
              38.716342938695085
            ],
            [
              105.58057983817264,
              38.710526431521586
            ],
            [
              105.58049098655083,
              38.704718832727806
            ],
            [
              105.58039410859232,
              38.698920148160106
            ],
            [
              105.58028916475877,
              38.69313038366484
            ],
            [
              105.5801761155119,
              38.68734954508838
            ],
            [
              105.58005492131338,
              38.68157763827709
            ],
            [
              105.5799255426249,
              38.67581466907733
            ],
            [
              105.57978793990816,
              38.670060643335475
            ],
            [
              105.57964207362484,
              38.664315566897876
            ],
            [
              105.57948790423663,
              38.6585794456109
            ],
            [
              105.57932539220522,
              38.65285228532092
            ],
            [
              105.57915449799229,
              38.647134091874285
            ],
            [
              105.57897518205954,
              38.64142487111738
            ],
            [
              105.57878740486866,
              38.63572462889655
            ],
            [
              105.57859112688132,
              38.63003337105816
            ],
            [
              105.57838630855923,
              38.62435110344859
            ],
            [
              105.57817291036407,
              38.61867783191419
            ],
            [
              105.57795089275754,
              38.61301356230133
            ],
            [
              105.5777202162013,
              38.607358300456376
            ],
            [
              105.57748084115707,
              38.60171205222569
            ],
            [
              105.57723272808651,
              38.59607482345563
            ],
            [
              105.57697583745134,
              38.59044661999257
            ],
            [
              105.57671012971323,
              38.58482744768287
            ],
            [
              105.57643556533387,
              38.57921731237289
            ],
            [
              105.57615210477493,
              38.573616219909
            ],
            [
              105.57585970849814,
              38.568024176137556
            ],
            [
              105.57555833696516,
              38.562441186904934
            ],
            [
              105.57524795063769,
              38.556867258057494
            ],
            [
              105.57492850997741,
              38.551302395441596
            ],
            [
              105.57459997544602,
              38.545746604903606
            ],
            [
              105.5742623075052,
              38.54019989228989
            ],
            [
              105.57391546661663,
              38.53466226344681
            ],
            [
              105.57355941324201,
              38.529133724220735
            ],
            [
              105.57319410784304,
              38.52361428045802
            ],
            [
              105.57281951088137,
              38.518103938005034
            ],
            [
              105.57243558281874,
              38.51260270270814
            ],
            [
              105.5720422841168,
              38.507110580413716
            ],
            [
              105.57163957523727,
              38.501627576968104
            ],
            [
              105.5712274166418,
              38.49615369821768
            ],
            [
              105.57080576879211,
              38.4906889500088
            ],
            [
              105.57037459214988,
              38.48523333818785
            ],
            [
              105.5699338471768,
              38.47978686860117
            ],
            [
              105.56948349433455,
              38.47434954709513
            ],
            [
              105.56902349408482,
              38.4689213795161
            ],
            [
              105.5685538068893,
              38.46350237171044
            ],
            [
              105.56807439320968,
              38.458092529524514
            ],
            [
              105.56758521350766,
              38.452691858804684
            ],
            [
              105.56708622824492,
              38.447300365397325
            ],
            [
              105.56657739788314,
              38.44191805514879
            ],
            [
              105.566058682884,
              38.436544933905445
            ],
            [
              105.56553004370923,
              38.43118100751366
            ],
            [
              105.56499144082049,
              38.425826281819795
            ],
            [
              105.56444283467947,
              38.42048076267021
            ],
            [
              105.56388418574785,
              38.415144455911275
            ],
            [
              105.56331545448734,
              38.40981736738936
            ],
            [
              105.5627366013596,
              38.40449950295081
            ],
            [
              105.56214758682636,
              38.399190868442005
            ],
            [
              105.56154837134928,
              38.39389146970931
            ],
            [
              105.56093891539004,
              38.38860131259908
            ],
            [
              105.56031917941036,
              38.383320402957686
            ],
            [
              105.55968912387189,
              38.378048746631485
            ],
            [
              105.55904870923635,
              38.37278634946685
            ],
            [
              105.55839789596543,
              38.36753321731014
            ],
            [
              105.55773664452079,
              38.36228935600772
            ],
            [
              105.55706491536414,
              38.357054771405956
            ],
            [
              105.55638266895717,
              38.3518294693512
            ],
            [
              105.55568986576155,
              38.34661345568984
            ],
            [
              105.554986466239,
              38.34140673626822
            ],
            [
              105.55427243085117,
              38.33620931693271
            ],
            [
              105.55354772005978,
              38.33102120352968
            ],
            [
              105.5528122943265,
              38.32584240190548
            ],
            [
              105.55206611411305,
              38.32067291790649
            ],
            [
              105.55130913988107,
              38.31551275737907
            ],
            [
              105.55054133209228,
              38.31036192616958
            ],
            [
              105.54976265120835,
              38.305220430124386
            ],
            [
              105.548973057691,
              38.30008827508985
            ],
            [
              105.54817251200188,
              38.29496546691233
            ],
            [
              105.54736097460273,
              38.289852011438214
            ],
            [
              105.54653840595518,
              38.28474791451384
            ],
            [
              105.54570476652094,
              38.27965318198558
            ],
            [
              105.54486001676172,
              38.27456781969981
            ],
            [
              105.54400411713918,
              38.26949183350288
            ],
            [
              105.54313702811503,
              38.26442522924116
            ],
            [
              105.54225871015095,
              38.259368012761016
            ],
            [
              105.54136912370862,
              38.2543201899088
            ],
            [
              105.54046822924975,
              38.24928176653089
            ],
            [
              105.53955598723601,
              38.24425274847365
            ],
            [
              105.53863235812909,
              38.23923314158343
            ],
            [
              105.53769730239068,
              38.23422295170661
            ],
            [
              105.53675078048249,
              38.229222184689554
            ],
            [
              105.53579275286617,
              38.22423084637862
            ],
            [
              105.53482318000344,
              38.21924894262016
            ],
            [
              105.53384202235597,
              38.21427647926056
            ],
            [
              105.53284924038546,
              38.20931346214618
            ],
            [
              105.5318447945536,
              38.20435989712337
            ],
            [
              105.53082864532207,
              38.1994157900385
            ],
            [
              105.52980075315256,
              38.19448114673794
            ],
            [
              105.52876107850676,
              38.18955597306805
            ],
            [
              105.52770958184637,
              38.18464027487521
            ],
            [
              105.52664622363305,
              38.17973405800575
            ],
            [
              105.52557096432852,
              38.17483732830607
            ],
            [
              105.52448376439445,
              38.1699500916225
            ],
            [
              105.52338458429253,
              38.165072353801435
            ],
            [
              105.52227338448446,
              38.16020412068922
            ],
            [
              105.52115012543192,
              38.15534539813223
            ],
            [
              105.5200147675966,
              38.15049619197683
            ],
            [
              105.51886727144019,
              38.14565650806937
            ],
            [
              105.51770759742438,
              38.14082635225623
            ],
            [
              105.51653570601084,
              38.13600573038376
            ],
            [
              105.51535155766129,
              38.13119464829833
            ],
            [
              105.5141551128374,
              38.12639311184631
            ],
            [
              105.51294633200087,
              38.121601126874054
            ],
            [
              105.51172517561336,
              38.11681869922794
            ],
            [
              105.51049160413659,
              38.11204583475432
            ],
            [
              105.50924557803224,
              38.10728253929956
            ],
            [
              105.507987057762,
              38.10252881871003
            ],
            [
              105.50671600378755,
              38.09778467883209
            ],
            [
              105.50543237657057,
              38.0930501255121
            ],
            [
              105.50413613657278,
              38.088325164596434
            ],
            [
              105.50282724425584,
              38.083609801931445
            ],
            [
              105.50150566008146,
              38.07890404336351
            ],
            [
              105.50017134451132,
              38.07420789473898
            ],
            [
              105.49882425800709,
              38.06952136190423
            ],
            [
              105.4974643610305,
              38.064844450705614
            ],
            [
              105.4960916140432,
              38.060177166989504
            ],
            [
              105.49470597750688,
              38.05551951660227
            ],
            [
              105.49330741188326,
              38.050871505390255
            ],
            [
              105.49189587763401,
              38.04623313919984
            ],
            [
              105.4904713352208,
              38.04160442387739
            ],
            [
              105.48903374510536,
              38.03698536526926
            ],
            [
              105.48758306774934,
              38.03237596922182
            ],
            [
              105.48611926361446,
              38.027776241581435
            ],
            [
              105.48464229316238,
              38.02318618819446
            ],
            [
              105.48315211685481,
              38.01860581490727
            ],
            [
              105.48164869515342,
              38.014035127566224
            ],
            [
              105.48013198851993,
              38.00947413201769
            ],
            [
              105.47860195741599,
              38.00492283410803
            ],
            [
              105.47705856230331,
              38.000381239683605
            ],
            [
              105.47550176364358,
              37.99584935459078
            ],
            [
              105.47393152189848,
              37.991327184675924
            ],
            [
              105.47234779752971,
              37.986814735785394
            ],
            [
              105.47075055099894,
              37.982312013765565
            ],
            [
              105.46913974276788,
              37.97781902446279
            ],
            [
              105.4675153332982,
              37.973335773723434
            ],
            [
              105.4658772830516,
              37.968862267393874
            ],
            [
              105.46422555248976,
              37.96439851132046
            ],
            [
              105.46256010207438,
              37.95994451134956
            ],
            [
              105.46088089226714,
              37.955500273327544
            ],
            [
              105.45918788352974,
              37.95106580310076
            ],
            [
              105.45748103632386,
              37.94664110651559
            ],
            [
              105.45576031111118,
              37.9422261894184
            ],
            [
              105.4540256683534,
              37.93782105765553
            ],
            [
              105.4522770685122,
              37.933425717073376
            ],
            [
              105.45051447204929,
              37.929040173518274
            ],
            [
              105.44873783942634,
              37.92466443283661
            ],
            [
              105.44694713110503,
              37.92029850087473
            ],
            [
              105.44514230754707,
              37.91594238347901
            ],
            [
              105.44332332921414,
              37.91159608649581
            ],
            [
              105.44149015656794,
              37.9072596157715
            ],
            [
              105.43964275007012,
              37.90293297715243
            ],
            [
              105.43778107018241,
              37.89861617648498
            ],
            [
              105.43590507736648,
              37.89430921961551
            ],
            [
              105.43401473208404,
              37.89001211239037
            ],
            [
              105.43210999479675,
              37.88572486065595
            ],
            [
              105.4301908259663,
              37.881447470258585
            ],
            [
              105.4282571860544,
              37.87717994704467
            ],
            [
              105.42630903552272,
              37.87292229686054
            ],
            [
              105.42434633483296,
              37.86867452555258
            ],
            [
              105.42236904444681,
              37.864436638967135
            ],
            [
              105.42037712482595,
              37.86020864295059
            ],
            [
              105.41837053643206,
              37.8559905433493
            ],
            [
              105.41634923972686,
              37.85178234600963
            ],
            [
              105.414313195172,
              37.84758405677794
            ],
            [
              105.41226236322919,
              37.843395681500596
            ],
            [
              105.41019670436013,
              37.83921722602397
            ],
            [
              105.40811617902649,
              37.83504869619441
            ],
            [
              105.40602074768996,
              37.830890097858294
            ],
            [
              105.40391037081224,
              37.82674143686199
            ],
            [
              105.401785008855,
              37.822602719051844
            ],
            [
              105.39964462227995,
              37.81847395027423
            ],
            [
              105.39748917154876,
              37.81435513637552
            ],
            [
              105.39531861712312,
              37.81024628320206
            ],
            [
              105.39313291946475,
              37.80614739660023
            ],
            [
              105.39093203903529,
              37.80205848241639
            ],
            [
              105.38871593629646,
              37.797979546496904
            ],
            [
              105.38648457170996,
              37.793910594688136
            ],
            [
              105.38423790573744,
              37.789851632836445
            ],
            [
              105.38197589884061,
              37.7858026667882
            ],
            [
              105.37969851148117,
              37.78176370238977
            ],
            [
              105.37740570412078,
              37.77773474548751
            ],
            [
              105.37509743722116,
              37.77371580192778
            ],
            [
              105.37277367124398,
              37.76970687755696
            ],
            [
              105.37043436665093,
              37.76570797822141
            ],
            [
              105.36807948390368,
              37.76171910976748
            ],
            [
              105.36570898346396,
              37.75774027804155
            ],
            [
              105.36332282579345,
              37.75377148888998
            ],
            [
              105.3609209713538,
              37.74981274815914
            ],
            [
              105.35850338060675,
              37.74586406169537
            ],
            [
              105.35607001401395,
              37.74192543534507
            ],
            [
              105.3536208320371,
              37.73799687495457
            ],
            [
              105.3511557951379,
              37.73407838637026
            ],
            [
              105.34867486377803,
              37.730169975438486
            ],
            [
              105.34617799841917,
              37.72627164800562
            ],
            [
              105.34366515952301,
              37.72238340991803
            ],
            [
              105.34113630755127,
              37.718505267022074
            ],
            [
              105.33859140296559,
              37.71463722516412
            ],
            [
              105.3360304062277,
              37.71077929019053
            ],
            [
              105.33345327779926,
              37.70693146794767
            ],
            [
              105.33085997814199,
              37.7030937642819
            ],
            [
              105.32825046771754,
              37.69926618503959
            ],
            [
              105.32562470698763,
              37.69544873606709
            ],
            [
              105.32298265641393,
              37.69164142321079
            ],
            [
              105.32032427645814,
              37.687844252317035
            ],
            [
              105.31764952758193,
              37.68405722923219
            ],
            [
              105.31495837024701,
              37.68028035980262
            ],
            [
              105.31225076491506,
              37.6765136498747
            ],
            [
              105.30952667204778,
              37.672757105294785
            ],
            [
              105.30678605210684,
              37.66901073190924
            ],
            [
              105.30402886555393,
              37.66527453556442
            ],
            [
              105.30125507285075,
              37.661548522106706
            ],
            [
              105.298464634459,
              37.65783269738246
            ],
            [
              105.29565751084033,
              37.65412706723803
            ],
            [
              105.29283366245646,
              37.650431637519794
            ],
            [
              105.28999304976908,
              37.646746414074116
            ],
            [
              105.28713563323986,
              37.64307140274736
            ],
            [
              105.2842613733305,
              37.63940660938588
            ],
            [
              105.28137023050267,
              37.63575203983605
            ],
            [
              105.27846216521809,
              37.632107699944235
            ],
            [
              105.27553713793843,
              37.6284735955568
            ],
            [
              105.27259510912539,
              37.62484973252009
            ],
            [
              105.26963603924064,
              37.62123611668049
            ],
            [
              105.26665988874588,
              37.617632753884365
            ],
            [
              105.2636666181028,
              37.61403964997807
            ],
            [
              105.2606561877731,
              37.610456810807975
            ],
            [
              105.25762855821843,
              37.60688424222043
            ],
            [
              105.25458368990051,
              37.60332195006182
            ],
            [
              105.25152154328104,
              37.5997699401785
            ],
            [
              105.24844207882168,
              37.596228218416826
            ],
            [
              105.24534525698412,
              37.592696790623165
            ],
            [
              105.24223103823007,
              37.589175662643896
            ],
            [
              105.23909938302121,
              37.58566484032537
            ],
            [
              105.23595025181922,
              37.58216432951395
            ],
            [
              105.2327836050858,
              37.57867413605601
            ],
            [
              105.22959940328262,
              37.575194265797904
            ],
            [
              105.2263976068714,
              37.571724724586005
            ],
            [
              105.2231781763138,
              37.56826551826667
            ],
            [
              105.21994107207152,
              37.56481665268626
            ],
            [
              105.21668625460624,
              37.56137813369116
            ],
            [
              105.21341368437966,
              37.557949967127705
            ],
            [
              105.21012332185347,
              37.55453215884228
            ],
            [
              105.20681512748935,
              37.55112471468124
            ],
            [
              105.203489061749,
              37.54772764049095
            ],
            [
              105.20014508509409,
              37.54434094211778
            ],
            [
              105.19678315798633,
              37.54096462540808
            ],
            [
              105.19340324088739,
              37.537598696208235
            ],
            [
              105.19000529425897,
              37.53424316036459
            ],
            [
              105.18658927856275,
              37.53089802372352
            ],
            [
              105.18315515426043,
              37.52756329213139
            ],
            [
              105.1797028818137,
              37.524238971434556
            ],
            [
              105.17623242168422,
              37.52092506747939
            ],
            [
              105.17274373433372,
              37.517621586112256
            ],
            [
              105.16923678022386,
              37.51432853317951
            ],
            [
              105.16571151981634,
              37.51104591452752
            ],
            [
              105.16216791357283,
              37.507773736002655
            ],
            [
              105.15860592195506,
              37.50451200345127
            ],
            [
              105.15502550542467,
              37.50126072271974
            ],
            [
              105.15142662444339,
              37.49801989965442
            ],
            [
              105.14780923947289,
              37.494789540101685
            ],
            [
              105.14417331097485,
              37.49156964990789
            ],
            [
              105.14051879941097,
              37.48836023491939
            ],
            [
              105.13684566524294,
              37.485161300982575
            ],
            [
              105.13315386893244,
              37.48197285394379
            ],
            [
              105.12944337094116,
              37.4787948996494
            ],
            [
              105.1257141317308,
              37.475627443945775
            ],
            [
              105.12196611176304,
              37.47247049267928
            ],
            [
              105.11819927149958,
              37.46932405169627
            ],
            [
              105.11441357140208,
              37.46618812684312
            ],
            [
              105.11060897193225,
              37.46306272396619
            ],
            [
              105.10678543355179,
              37.459947848911845
            ],
            [
              105.10294291672236,
              37.45684350752644
            ],
            [
              105.09908138190568,
              37.45374970565636
            ],
            [
              105.09520078956339,
              37.450666449147946
            ],
            [
              105.09130110015724,
              37.44759374384758
            ],
            [
              105.08738227414888,
              37.44453159560161
            ],
            [
              105.083444272,
              37.44148001025641
            ],
            [
              105.086292343,
              37.4282508017094
            ],
            [
              105.08866885295093,
              37.42848760847862
            ],
            [
              105.09104597661596,
              37.42866515573207
            ],
            [
              105.09342370450575,
              37.4287837093125
            ],
            [
              105.09580202713097,
              37.42884353506266
            ],
            [
              105.09818093500228,
              37.4288448988253
            ],
            [
              105.10056041863035,
              37.42878806644317
            ],
            [
              105.10294046852584,
              37.42867330375901
            ],
            [
              105.10532107519944,
              37.42850087661559
            ],
            [
              105.10770222916179,
              37.428271050855635
            ],
            [
              105.11008392092354,
              37.427984092321914
            ],
            [
              105.11246614099541,
              37.42764026685717
            ],
            [
              105.11484887988802,
              37.427239840304146
            ],
            [
              105.11723212811204,
              37.4267830785056
            ],
            [
              105.11961587617814,
              37.42627024730428
            ],
            [
              105.12200011459701,
              37.42570161254294
            ],
            [
              105.12438483387928,
              37.42507744006432
            ],
            [
              105.12677002453565,
              37.424397995711175
            ],
            [
              105.12915567707674,
              37.42366354532625
            ],
            [
              105.13154178201326,
              37.4228743547523
            ],
            [
              105.13392832985585,
              37.42203068983207
            ],
            [
              105.13631531111518,
              37.42113281640832
            ],
            [
              105.13870271630192,
              37.42018100032379
            ],
            [
              105.14109053592674,
              37.41917550742122
            ],
            [
              105.1434787605003,
              37.41811660354338
            ],
            [
              105.14586738053326,
              37.41700455453301
            ],
            [
              105.1482563865363,
              37.41583962623286
            ],
            [
              105.15064576902007,
              37.41462208448568
            ],
            [
              105.15303551849524,
              37.413352195134216
            ],
            [
              105.15542562547247,
              37.41203022402122
            ],
            [
              105.15781608046245,
              37.41065643698944
            ],
            [
              105.16020687397582,
              37.40923109988164
            ],
            [
              105.16259799652326,
              37.40775447854055
            ],
            [
              105.16498943861542,
              37.40622683880893
            ],
            [
              105.16738119076298,
              37.404648446529514
            ],
            [
              105.1697732434766,
              37.40301956754507
            ],
            [
              105.17216558726695,
              37.40134046769835
            ],
            [
              105.17455821264468,
              37.399611412832094
            ],
            [
              105.17695111012048,
              37.39783266878904
            ],
            [
              105.17934427020501,
              37.396004501411966
            ],
            [
              105.18173768340891,
              37.3941271765436
            ],
            [
              105.18413134024287,
              37.39220096002669
            ],
            [
              105.18652523121754,
              37.390226117704
            ],
            [
              105.18891934684362,
              37.388202915418276
            ],
            [
              105.19131367763174,
              37.38613161901226
            ],
            [
              105.19370821409257,
              37.38401249432871
            ],
            [
              105.19610294673679,
              37.38184580721037
            ],
            [
              105.19849786607504,
              37.379631823499984
            ],
            [
              105.20089296261803,
              37.377370809040315
            ],
            [
              105.20328822687638,
              37.3750630296741
            ],
            [
              105.20568364936078,
              37.3727087512441
            ],
            [
              105.2080792205819,
              37.37030823959306
            ],
            [
              105.21047493105037,
              37.36786176056372
            ],
            [
              105.2128707712769,
              37.36536957999885
            ],
            [
              105.21526673177213,
              37.36283196374118
            ],
            [
              105.21766280304674,
              37.36024917763347
            ],
            [
              105.22005897561137,
              37.357621487518465
            ],
            [
              105.22245523997671,
              37.35494915923892
            ],
            [
              105.22485158665343,
              37.35223245863757
            ],
            [
              105.22724800615217,
              37.349471651557195
            ],
            [
              105.22964448898361,
              37.34666700384051
            ],
            [
              105.23204102565842,
              37.343818781330285
            ],
            [
              105.23443760668727,
              37.34092724986927
            ],
            [
              105.2368342225808,
              37.3379926753002
            ],
            [
              105.2392308638497,
              37.33501532346584
            ],
            [
              105.24162752100463,
              37.33199546020892
            ],
            [
              105.24402418455625,
              37.32893335137222
            ],
            [
              105.24642084501522,
              37.325829262798464
            ],
            [
              105.24881749289223,
              37.32268346033041
            ],
            [
              105.25121411869792,
              37.31949620981081
            ],
            [
              105.25361071294297,
              37.31626777708241
            ],
            [
              105.25600726613804,
              37.31299842798796
            ],
            [
              105.2584037687938,
              37.3096884283702
            ],
            [
              105.2608002114209,
              37.3063380440719
            ],
            [
              105.26319658453002,
              37.302947540935804
            ],
            [
              105.26559287863182,
              37.29951718480464
            ],
            [
              105.26798908423699,
              37.296047241521194
            ],
            [
              105.27038519185615,
              37.29253797692819
            ],
            [
              105.272781192,
              37.288989656868374
            ],
            [
              105.2751770751792,
              37.28540254718451
            ],
            [
              105.2775728319044,
              37.28177691371935
            ],
            [
              105.27996845268628,
              37.27811302231563
            ],
            [
              105.28236392803551,
              37.274411138816106
            ],
            [
              105.28475924846273,
              37.27067152906352
            ],
            [
              105.28715440447863,
              37.26689445890064
            ],
            [
              105.28954938659388,
              37.2630801941702
            ],
            [
              105.29194418531912,
              37.25922900071495
            ],
            [
              105.29433879116503,
              37.25534114437765
            ],
            [
              105.29673319464229,
              37.25141689100104
            ],
            [
              105.29912738626155,
              37.24745650642787
            ],
            [
              105.30152135653346,
              37.2434602565009
            ],
            [
              105.3039150959687,
              37.23942840706287
            ],
            [
              105.30630859507795,
              37.23536122395653
            ],
            [
              105.30870184437185,
              37.23125897302462
            ],
            [
              105.3110948343611,
              37.227121920109916
            ],
            [
              105.31348755555634,
              37.222950331055145
            ],
            [
              105.31587999846822,
              37.21874447170306
            ],
            [
              105.31827215360744,
              37.21450460789642
            ],
            [
              105.32066401148464,
              37.21023100547797
            ],
            [
              105.3230555626105,
              37.20592393029046
            ],
            [
              105.32544679749569,
              37.20158364817663
            ],
            [
              105.32783770665087,
              37.19721042497925
            ],
            [
              105.3302282805867,
              37.19280452654104
            ],
            [
              105.33261850981384,
              37.18836621870478
            ],
            [
              105.33500838484296,
              37.183895767313196
            ],
            [
              105.33739789618474,
              37.179393438209054
            ],
            [
              105.33978703434984,
              37.1748594972351
            ],
            [
              105.34217578984891,
              37.170294210234076
            ],
            [
              105.34456415319262,
              37.16569784304874
            ],
            [
              105.34695211489165,
              37.16107066152183
            ],
            [
              105.34933966545667,
              37.156412931496114
            ],
            [
              105.35172679539832,
              37.151724918814324
            ],
            [
              105.35411349522728,
              37.14700688931922
            ],
            [
              105.35649975545421,
              37.14225910885355
            ],
            [
              105.35888556658979,
              37.137481843260055
            ],
            [
              105.36127091914466,
              37.1326753583815
            ],
            [
              105.36365580362951,
              37.12783992006062
            ],
            [
              105.366040210555,
              37.122975794140174
            ],
            [
              105.36842413043179,
              37.1180832464629
            ],
            [
              105.37080755377055,
              37.113162542871564
            ],
            [
              105.37319047108193,
              37.1082139492089
            ],
            [
              105.37557287287662,
              37.10323773131768
            ],
            [
              105.37795474966526,
              37.09823415504062
            ],
            [
              105.38033609195854,
              37.0932034862205
            ],
            [
              105.38271689026712,
              37.088145990700056
            ],
            [
              105.38509713510166,
              37.08306193432203
            ],
            [
              105.38747681697282,
              37.07795158292919
            ],
            [
              105.38985592639128,
              37.072815202364275
            ],
            [
              105.39223445386769,
              37.06765305847003
            ],
            [
              105.39461238991272,
              37.062465417089214
            ],
            [
              105.39698972503703,
              37.057252544064575
            ],
            [
              105.39936644975131,
              37.05201470523886
            ],
            [
              105.40174255456621,
              37.046752166454816
            ],
            [
              105.40411802999239,
              37.0414651935552
            ],
            [
              105.40649286654052,
              37.036154052382756
            ],
            [
              105.40886705472127,
              37.030819008780234
            ],
            [
              105.41124058504529,
              37.025460328590384
            ],
            [
              105.41361344802327,
              37.020078277655955
            ],
            [
              105.41598563416586,
              37.0146731218197
            ],
            [
              105.41835713398373,
              37.00924512692436
            ],
            [
              105.42072793798754,
              37.00379455881269
            ],
            [
              105.42309803668796,
              36.99832168332745
            ],
            [
              105.42546742059565,
              36.992826766311374
            ],
            [
              105.4278360802213,
              36.98731007360722
            ],
            [
              105.43020400607554,
              36.98177187105773
            ],
            [
              105.43257118866906,
              36.97621242450566
            ],
            [
              105.4349376185125,
              36.97063199979376
            ],
            [
              105.43730328611656,
              36.96503086276478
            ],
            [
              105.43966818199189,
              36.95940927926146
            ],
            [
              105.44203229664915,
              36.95376751512656
            ],
            [
              105.444395620599,
              36.94810583620282
            ],
            [
              105.44675814435212,
              36.942424508333005
            ],
            [
              105.44911985841918,
              36.93672379735985
            ],
            [
              105.45148075331082,
              36.93100396912612
            ],
            [
              105.45384081953773,
              36.92526528947454
            ],
            [
              105.45620004761057,
              36.91950802424788
            ],
            [
              105.45855842804,
              36.913732439288886
            ],
            [
              105.46091595133669,
              36.907938800440306
            ],
            [
              105.46327260801131,
              36.902127373544886
            ],
            [
              105.4656283885745,
              36.896298424445376
            ],
            [
              105.46798328353697,
              36.890452218984535
            ],
            [
              105.47033728340934,
              36.8845890230051
            ],
            [
              105.4726903787023,
              36.87870910234983
            ],
            [
              105.47504255992652,
              36.87281272286147
            ],
            [
              105.47739381759266,
              36.86690015038276
            ],
            [
              105.47974414221136,
              36.86097165075647
            ],
            [
              105.48209352429333,
              36.85502748982534
            ],
            [
              105.48444195434921,
              36.84906793343211
            ],
            [
              105.48678942288967,
              36.843093247419546
            ],
            [
              105.48913592042537,
              36.83710369763039
            ],
            [
              105.49148143746699,
              36.831099549907385
            ],
            [
              105.49382596452517,
              36.8250810700933
            ],
            [
              105.49616949211061,
              36.81904852403086
            ],
            [
              105.49851201073395,
              36.81300217756283
            ],
            [
              105.50085351090586,
              36.80694229653195
            ],
            [
              105.50319398313701,
              36.80086914678098
            ],
            [
              105.50553341793805,
              36.79478299415267
            ],
            [
              105.50787180581968,
              36.78868410448976
            ],
            [
              105.51020913729253,
              36.782572743635
            ],
            [
              105.51254540286729,
              36.776449177431154
            ],
            [
              105.51488059305461,
              36.770313671720956
            ],
            [
              105.51721469836518,
              36.76416649234716
            ],
            [
              105.51954770930963,
              36.75800790515252
            ],
            [
              105.52187961639865,
              36.75183817597978
            ],
            [
              105.52421041014289,
              36.74565757067168
            ],
            [
              105.52654008105303,
              36.739466355070995
            ],
            [
              105.52886861963972,
              36.73326479502046
            ],
            [
              105.53119601641365,
              36.72705315636282
            ],
            [
              105.53352226188547,
              36.72083170494083
            ],
            [
              105.53584734656583,
              36.71460070659724
            ],
            [
              105.53817126096543,
              36.7083604271748
            ],
            [
              105.5404939955949,
              36.70211113251626
            ],
            [
              105.54281554096494,
              36.69585308846437
            ],
            [
              105.54513588758618,
              36.68958656086187
            ],
            [
              105.54745502596931,
              36.68331181555152
            ],
            [
              105.549772946625,
              36.67702911837607
            ],
            [
              105.5520896400639,
              36.67073873517826
            ],
            [
              105.55440509679667,
              36.664440931800854
            ],
            [
              105.556719307334,
              36.65813597408659
            ],
            [
              105.55903226218653,
              36.651824127878214
            ],
            [
              105.56134395186496,
              36.64550565901849
            ],
            [
              105.5636543668799,
              36.63918083335016
            ],
            [
              105.56596349774208,
              36.632849916715976
            ],
            [
              105.5682713349621,
              36.62651317495868
            ],
            [
              105.57057786905068,
              36.620170873921026
            ],
            [
              105.57288309051847,
              36.61382327944577
            ],
            [
              105.57518698987613,
              36.60747065737565
            ],
            [
              105.57748955763431,
              36.60111327355342
            ],
            [
              105.5797907843037,
              36.594751393821845
            ],
            [
              105.58209066039497,
              36.588385284023644
            ],
            [
              105.58438917641875,
              36.58201521000159
            ],
            [
              105.58668632288574,
              36.57564143759843
            ],
            [
              105.5889820903066,
              36.569264232656906
            ],
            [
              105.59127646919198,
              36.56288386101977
            ],
            [
              105.59356945005256,
              36.55650058852977
            ],
            [
              105.595861023399,
              36.55011468102967
            ],
            [
              105.59815117974196,
              36.54372640436219
            ],
            [
              105.60043990959211,
              36.537336024370106
            ],
            [
              105.60272720346012,
              36.53094380689616
            ],
            [
              105.60501305185666,
              36.5245500177831
            ],
            [
              105.60729744529239,
              36.51815492287368
            ],
            [
              105.60958037427797,
              36.51175878801064
            ],
            [
              105.61186182932406,
              36.50536187903673
            ],
            [
              105.61414180094134,
              36.49896446179471
            ],
            [
              105.61642027964048,
              36.49256680212732
            ],
            [
              105.61869725593212,
              36.48616916587732
            ],
            [
              105.62097272032696,
              36.47977181888746
            ],
            [
              105.62324666333564,
              36.473375027000465
            ],
            [
              105.62551907546882,
              36.46697905605911
            ],
            [
              105.62778994723719,
              36.46058417190614
            ],
            [
              105.6300592691514,
              36.4541906403843
            ],
            [
              105.63232703172213,
              36.44779872733634
            ],
            [
              105.63459322546002,
              36.44140869860502
            ],
            [
              105.63685784087576,
              36.43502082003307
            ],
            [
              105.63912086848,
              36.42863535746325
            ],
            [
              105.64138229878341,
              36.42225257673831
            ],
            [
              105.64364212229667,
              36.415872743701
            ],
            [
              105.64590032953042,
              36.409496124194064
            ],
            [
              105.64815691099534,
              36.40312298406026
            ],
            [
              105.6504118572021,
              36.396753589142335
            ],
            [
              105.65266515866136,
              36.39038820528304
            ],
            [
              105.65491680588377,
              36.38402709832512
            ],
            [
              105.65716678938003,
              36.377670534111324
            ],
            [
              105.65941509966078,
              36.3713187784844
            ],
            [
              105.66166172723669,
              36.36497209728711
            ],
            [
              105.66390666261842,
              36.35863075636219
            ],
            [
              105.66614989631665,
              36.35229502155239
            ],
            [
              105.66839141884203,
              36.34596515870047
            ],
            [
              105.67063122070525,
              36.33964143364918
            ],
            [
              105.67286929241695,
              36.33332411224126
            ],
            [
              105.6751056244878,
              36.327013460319456
            ],
            [
              105.67734020742849,
              36.320709743726525
            ],
            [
              105.67957303174964,
              36.31441322830522
            ],
            [
              105.68180408796195,
              36.308124179898286
            ],
            [
              105.68403336657609,
              36.30184286434847
            ],
            [
              105.6862608581027,
              36.29556954749853
            ],
            [
              105.68848655305246,
              36.28930449519121
            ],
            [
              105.69071044193603,
              36.283047973269255
            ],
            [
              105.69293251526409,
              36.27680024757542
            ],
            [
              105.69515276354728,
              36.27056158395246
            ],
            [
              105.69737117729629,
              36.264332248243115
            ],
            [
              105.69958774702178,
              36.25811250629014
            ],
            [
              105.70180246323442,
              36.251902623936274
            ],
            [
              105.70401531644484,
              36.245702867024285
            ],
            [
              105.70622629716375,
              36.23951350139691
            ],
            [
              105.7084353959018,
              36.2333347928969
            ],
            [
              105.71064260316965,
              36.22716700736701
            ],
            [
              105.71284790947796,
              36.22101041064998
            ],
            [
              105.71505130533741,
              36.21486526858857
            ],
            [
              105.71725278125867,
              36.20873184702552
            ],
            [
              105.71945232775239,
              36.20261041180358
            ],
            [
              105.72164993532924,
              36.19650122876551
            ],
            [
              105.72384559449989,
              36.19040456375406
            ],
            [
              105.726039295775,
              36.18432068261197
            ],
            [
              105.72823102966524,
              36.17824985118198
            ],
            [
              105.73042078668128,
              36.17219233530687
            ],
            [
              105.73260855733376,
              36.16614840082936
            ],
            [
              105.73479433213338,
              36.16011831359221
            ],
            [
              105.7369781015908,
              36.154102339438175
            ],
            [
              105.73915985621665,
              36.14810074421
            ],
            [
              105.74133958652163,
              36.14211379375043
            ],
            [
              105.74351728301642,
              36.13614175390223
            ],
            [
              105.74569293621164,
              36.13018489050813
            ],
            [
              105.74786653661798,
              36.12424346941089
            ],
            [
              105.7500380747461,
              36.118317756453266
            ],
            [
              105.75220754110669,
              36.11240801747799
            ],
            [
              105.75437492621037,
              36.10651451832783
            ],
            [
              105.75654022056784,
              36.10063752484552
            ],
            [
              105.75870341468976,
              36.094777302873815
            ],
            [
              105.7608644990868,
              36.088934118255466
            ],
            [
              105.7630234642696,
              36.083108236833226
            ],
            [
              105.76518030074884,
              36.07729992444984
            ],
            [
              105.7673349990352,
              36.07150944694806
            ],
            [
              105.76948754963932,
              36.065737070170634
            ],
            [
              105.7716379430719,
              36.05998305996031
            ],
            [
              105.77378616984358,
              36.05424768215984
            ],
            [
              105.77593222046502,
              36.048531202611976
            ],
            [
              105.7780760854469,
              36.04283388715946
            ],
            [
              105.78021775529987,
              36.03715600164505
            ],
            [
              105.78235722053464,
              36.03149781191149
            ],
            [
              105.78449447166182,
              36.025859583801534
            ],
            [
              105.78662949919209,
              36.020241583157926
            ],
            [
              105.78876229363614,
              36.01464407582341
            ],
            [
              105.79089284550462,
              36.00906732764076
            ],
            [
              105.79302114530817,
              36.0035116044527
            ],
            [
              105.7951471835575,
              35.99797717210199
            ],
            [
              105.79727095076326,
              35.99246429643138
            ],
            [
              105.79939243743611,
              35.986973243283614
            ],
            [
              105.80151163408671,
              35.981504278501454
            ],
            [
              105.80362853122574,
              35.976057667927634
            ],
            [
              105.80574311936385,
              35.97063367740491
            ],
            [
              105.80785538901172,
              35.96523257277604
            ],
            [
              105.80996533068,
              35.95985461988376
            ],
            [
              105.81207293487937,
              35.954500084570824
            ],
            [
              105.8141781921205,
              35.94916923267999
            ],
            [
              105.81628109291402,
              35.943862330053996
            ],
            [
              105.81838162777065,
              35.9385796425356
            ],
            [
              105.82047978720102,
              35.93332143596754
            ],
            [
              105.8225755617158,
              35.92808797619258
            ],
            [
              105.82466894182565,
              35.92287952905346
            ],
            [
              105.82675991804125,
              35.91769636039294
            ],
            [
              105.82884848087326,
              35.912538736053754
            ],
            [
              105.83093462083235,
              35.90740692187866
            ],
            [
              105.83301832842918,
              35.902301183710414
            ],
            [
              105.83509959417441,
              35.89722178739175
            ],
            [
              105.83717840857871,
              35.89216899876543
            ],
            [
              105.83925476215275,
              35.887143083674204
            ],
            [
              105.84132864540719,
              35.882144307960814
            ],
            [
              105.8434000488527,
              35.87717293746801
            ],
            [
              105.84546896299995,
              35.87222923803855
            ],
            [
              105.84753537835958,
              35.867313475515175
            ],
            [
              105.8495992854423,
              35.86242591574064
            ],
            [
              105.85166067475873,
              35.857566824557686
            ],
            [
              105.85371953681957,
              35.85273646780907
            ],
            [
              105.85577586213546,
              35.84793511133755
            ],
            [
              105.85782964121708,
              35.843163020985855
            ],
            [
              105.85988086457509,
              35.83842046259676
            ],
            [
              105.86192952272017,
              35.83370770201299
            ],
            [
              105.86397560616297,
              35.8290250050773
            ],
            [
              105.86601910541415,
              35.82437263763245
            ],
            [
              105.8680600109844,
              35.819750865521186
            ],
            [
              105.87009831338435,
              35.81515995458625
            ],
            [
              105.8721340031247,
              35.810600170670405
            ],
            [
              105.8741670707161,
              35.80607177961639
            ],
            [
              105.87619750666921,
              35.80157504726695
            ],
            [
              105.87822530149471,
              35.79711023946485
            ],
            [
              105.88025044570325,
              35.79267762205283
            ],
            [
              105.88227292980551,
              35.78827746087364
            ],
            [
              105.88429274431215,
              35.783910021770026
            ],
            [
              105.88630987973383,
              35.77957557058474
            ],
            [
              105.88832432658123,
              35.77527437316054
            ],
            [
              105.890336075365,
              35.77100669534017
            ],
            [
              105.8923451165958,
              35.76677280296638
            ],
            [
              105.89435144078433,
              35.76257296188191
            ],
            [
              105.89635503844121,
              35.75840743792952
            ],
            [
              105.89835590007715,
              35.75427649695197
            ],
            [
              105.90035401620278,
              35.75018040479198
            ],
            [
              105.90234937732879,
              35.74611942729233
            ],
            [
              105.90434197396581,
              35.742093830295744
            ],
            [
              105.90633179662456,
              35.73810387964499
            ],
            [
              105.90831883581566,
              35.73414984118281
            ],
            [
              105.9103030820498,
              35.73023198075195
            ],
            [
              105.91228452583762,
              35.72635056419517
            ],
            [
              105.91426315768982,
              35.722505857355216
            ],
            [
              105.91623896811704,
              35.718698126074834
            ],
            [
              105.91821194762996,
              35.71492763619678
            ],
            [
              105.92018208673923,
              35.71119465356379
            ],
            [
              105.92214937595553,
              35.70749944401862
            ],
            [
              105.92411380578952,
              35.70384227340403
            ],
            [
              105.92607536675186,
              35.70022340756275
            ],
            [
              105.92803404935323,
              35.696643112337554
            ],
            [
              105.92998984410428,
              35.69310165357117
            ],
            [
              105.93194274151568,
              35.68959929710636
            ],
            [
              105.93389273209812,
              35.68613630878587
            ],
            [
              105.93583980636222,
              35.68271295445245
            ],
            [
              105.93778395481867,
              35.67932949994884
            ],
            [
              105.93972516797814,
              35.6759862111178
            ],
            [
              105.94166343635129,
              35.672683353802086
            ],
            [
              105.9435987504488,
              35.66942119384444
            ],
            [
              105.94553110078131,
              35.6661999970876
            ],
            [
              105.9474604778595,
              35.66302002937434
            ],
            [
              105.94938687219401,
              35.65988155654739
            ],
            [
              105.95131027429555,
              35.656784844449504
            ],
            [
              105.95323067467477,
              35.65373015892343
            ],
            [
              105.95514806384232,
              35.650717765811926
            ],
            [
              105.95706243230887,
              35.647747930957735
            ],
            [
              105.95897377058509,
              35.644820920203614
            ],
            [
              105.96088206918165,
              35.6419369993923
            ],
            [
              105.96278731860922,
              35.63909643436655
            ],
            [
              105.96468950937845,
              35.63629949096911
            ],
            [
              105.966588632,
              35.63354643504273
            ],
            [
              105.96823103842509,
              35.63120911918003
            ],
            [
              105.96990260262152,
              35.6288826608432
            ],
            [
              105.97160324870669,
              35.62656704763284
            ],
            [
              105.973332900798,
              35.62426226714951
            ],
            [
              105.97509148301287,
              35.62196830699382
            ],
            [
              105.9768789194687,
              35.61968515476635
            ],
            [
              105.97869513428289,
              35.617412798067676
            ],
            [
              105.98054005157285,
              35.61515122449839
            ],
            [
              105.98241359545598,
              35.612900421659084
            ],
            [
              105.9843156900497,
              35.610660377150325
            ],
            [
              105.9862462594714,
              35.60843107857272
            ],
            [
              105.98820522783849,
              35.606212513526835
            ],
            [
              105.99019251926839,
              35.60400466961327
            ],
            [
              105.99220805787849,
              35.6018075344326
            ],
            [
              105.99425176778618,
              35.59962109558542
            ],
            [
              105.9963235731089,
              35.59744534067231
            ],
            [
              105.99842339796402,
              35.59528025729385
            ],
            [
              106.00055116646898,
              35.593125833050635
            ],
            [
              106.00270680274116,
              35.59098205554325
            ],
            [
              106.00489023089798,
              35.58884891237227
            ],
            [
              106.00710137505685,
              35.58672639113829
            ],
            [
              106.00934015933515,
              35.584614479441896
            ],
            [
              106.01160650785032,
              35.58251316488367
            ],
            [
              106.01390034471973,
              35.58042243506419
            ],
            [
              106.01622159406081,
              35.57834227758406
            ],
            [
              106.01857017999096,
              35.57627268004385
            ],
            [
              106.02094602662757,
              35.57421363004415
            ],
            [
              106.02334905808807,
              35.57216511518554
            ],
            [
              106.02577919848986,
              35.570127123068616
            ],
            [
              106.02823637195033,
              35.56809964129396
            ],
            [
              106.03072050258689,
              35.566082657462154
            ],
            [
              106.03323151451696,
              35.56407615917378
            ],
            [
              106.03576933185794,
              35.562080134029436
            ],
            [
              106.03833387872722,
              35.5600945696297
            ],
            [
              106.04092507924223,
              35.55811945357515
            ],
            [
              106.04354285752035,
              35.55615477346638
            ],
            [
              106.046187137679,
              35.554200516903975
            ],
            [
              106.04885784383559,
              35.55225667148852
            ],
            [
              106.05155490010752,
              35.5503232248206
            ],
            [
              106.05427823061218,
              35.5484001645008
            ],
            [
              106.057027759467,
              35.546487478129706
            ],
            [
              106.05980341078939,
              35.5445851533079
            ],
            [
              106.06260510869672,
              35.54269317763597
            ],
            [
              106.06543277730641,
              35.5408115387145
            ],
            [
              106.0682863407359,
              35.538940224144085
            ],
            [
              106.07116572310254,
              35.537079221525296
            ],
            [
              106.07407084852377,
              35.53522851845873
            ],
            [
              106.077001641117,
              35.53338810254496
            ],
            [
              106.07995802499961,
              35.531557961384586
            ],
            [
              106.08293992428904,
              35.52973808257818
            ],
            [
              106.08594726310265,
              35.52792845372634
            ],
            [
              106.08897996555788,
              35.52612906242964
            ],
            [
              106.09203795577213,
              35.524339896288666
            ],
            [
              106.09512115786279,
              35.522560942904015
            ],
            [
              106.09822949594728,
              35.52079218987627
            ],
            [
              106.10136289414301,
              35.519033624806
            ],
            [
              106.10452127656737,
              35.517285235293805
            ],
            [
              106.10770456733778,
              35.51554700894027
            ],
            [
              106.11091269057162,
              35.51381893334597
            ],
            [
              106.11414557038633,
              35.512100996111506
            ],
            [
              106.11740313089929,
              35.510393184837454
            ],
            [
              106.12068529622792,
              35.5086954871244
            ],
            [
              106.12399199048963,
              35.50700789057293
            ],
            [
              106.1273231378018,
              35.505330382783626
            ],
            [
              106.13067866228185,
              35.503662951357086
            ],
            [
              106.1340584880472,
              35.502005583893876
            ],
            [
              106.13746253921524,
              35.5003582679946
            ],
            [
              106.14089073990337,
              35.49872099125983
            ],
            [
              106.144343014229,
              35.49709374129016
            ],
            [
              106.14781928630954,
              35.49547650568617
            ],
            [
              106.1513194802624,
              35.49386927204845
            ],
            [
              106.15484352020498,
              35.492272027977585
            ],
            [
              106.15839133025469,
              35.49068476107415
            ],
            [
              106.16196283452891,
              35.48910745893874
            ],
            [
              106.16555795714508,
              35.487540109171945
            ],
            [
              106.16917662222059,
              35.48598269937434
            ],
            [
              106.17281875387285,
              35.48443521714652
            ],
            [
              106.17648427621926,
              35.48289765008906
            ],
            [
              106.18017311337722,
              35.48136998580255
            ],
            [
              106.18388518946415,
              35.479852211887575
            ],
            [
              106.18762042859744,
              35.478344315944724
            ],
            [
              106.19137875489452,
              35.47684628557458
            ],
            [
              106.19516009247276,
              35.47535810837773
            ],
            [
              106.1989643654496,
              35.473879771954756
            ],
            [
              106.20279149794243,
              35.472411263906245
            ],
            [
              106.20664141406866,
              35.47095257183278
            ],
            [
              106.21051403794567,
              35.46950368333495
            ],
            [
              106.2144092936909,
              35.46806458601334
            ],
            [
              106.21832710542175,
              35.46663526746853
            ],
            [
              106.2222673972556,
              35.46521571530111
            ],
            [
              106.2262300933099,
              35.46380591711168
            ],
            [
              106.230215117702,
              35.462405860500795
            ],
            [
              106.23422239454935,
              35.461015533069066
            ],
            [
              106.23825184796934,
              35.45963492241706
            ],
            [
              106.24230340207936,
              35.45826401614538
            ],
            [
              106.24637698099684,
              35.45690280185459
            ],
            [
              106.25047250883918,
              35.455551267145296
            ],
            [
              106.25458990972378,
              35.45420939961808
            ],
            [
              106.25872910776805,
              35.452877186873515
            ],
            [
              106.26289002708938,
              35.45155461651219
            ],
            [
              106.2670725918052,
              35.4502416761347
            ],
            [
              106.2712767260329,
              35.44893835334163
            ],
            [
              106.27550235388988,
              35.44764463573355
            ],
            [
              106.27974939949357,
              35.446360510911056
            ],
            [
              106.28401778696134,
              35.44508596647474
            ],
            [
              106.28830744041063,
              35.44382099002518
            ],
            [
              106.29261828395883,
              35.44256556916296
            ],
            [
              106.29695024172335,
              35.441319691488665
            ],
            [
              106.30130323782159,
              35.44008334460288
            ],
            [
              106.30567719637094,
              35.4388565161062
            ],
            [
              106.31007204148884,
              35.437639193599196
            ],
            [
              106.31448769729268,
              35.43643136468247
            ],
            [
              106.31892408789984,
              35.435233016956595
            ],
            [
              106.32338113742777,
              35.43404413802216
            ],
            [
              106.32785876999385,
              35.43286471547974
            ],
            [
              106.33235690971549,
              35.43169473692994
            ],
            [
              106.33687548071009,
              35.43053418997333
            ],
            [
              106.34141440709507,
              35.429383062210505
            ],
            [
              106.34597361298782,
              35.42824134124205
            ],
            [
              106.35055302250576,
              35.42710901466854
            ],
            [
              106.35515255976628,
              35.425986070090566
            ],
            [
              106.35977214888679,
              35.42487249510872
            ],
            [
              106.36441171398471,
              35.42376827732358
            ],
            [
              106.36907117917742,
              35.42267340433573
            ],
            [
              106.37375046858234,
              35.42158786374577
            ],
            [
              106.37844950631688,
              35.42051164315426
            ],
            [
              106.38316821649845,
              35.419444730161814
            ],
            [
              106.38790652324442,
              35.418387112369
            ],
            [
              106.39266435067225,
              35.4173387773764
            ],
            [
              106.3974416228993,
              35.41629971278461
            ],
            [
              106.40223826404299,
              35.415269906194204
            ],
            [
              106.40705419822073,
              35.41424934520578
            ],
            [
              106.41188934954992,
              35.41323801741992
            ],
            [
              106.41674364214798,
              35.412235910437204
            ],
            [
              106.42161700013229,
              35.411243011858225
            ],
            [
              106.42650934762028,
              35.41025930928356
            ],
            [
              106.43142060872934,
              35.409284790313805
            ],
            [
              106.43635070757688,
              35.408319442549534
            ],
            [
              106.4412995682803,
              35.407363253591335
            ],
            [
              106.44626711495701,
              35.4064162110398
            ],
            [
              106.45125327172443,
              35.40547830249551
            ],
            [
              106.45625796269994,
              35.40454951555905
            ],
            [
              106.46128111200096,
              35.403629837831005
            ],
            [
              106.4663226437449,
              35.40271925691196
            ],
            [
              106.47138248204915,
              35.40181776040251
            ],
            [
              106.47646055103112,
              35.400925335903224
            ],
            [
              106.48155677480824,
              35.400041971014694
            ],
            [
              106.48667107749789,
              35.399167653337514
            ],
            [
              106.49180338321746,
              35.39830237047226
            ],
            [
              106.4969536160844,
              35.397446110019516
            ],
            [
              106.50212170021607,
              35.396598859579875
            ],
            [
              106.50730755972991,
              35.39576060675392
            ],
            [
              106.5125111187433,
              35.39493133914223
            ],
            [
              106.51773230137367,
              35.3941110443454
            ],
            [
              106.52297103173841,
              35.39329970996401
            ],
            [
              106.52822723395492,
              35.39249732359865
            ],
            [
              106.53350083214063,
              35.391703872849895
            ],
            [
              106.53879175041291,
              35.39091934531834
            ],
            [
              106.5440999128892,
              35.39014372860456
            ],
            [
              106.54942524368688,
              35.389377010309154
            ],
            [
              106.55476766692338,
              35.388619178032705
            ],
            [
              106.56012710671608,
              35.38787021937579
            ],
            [
              106.5655034871824,
              35.387130121939
            ],
            [
              106.57089673243975,
              35.38639887332292
            ],
            [
              106.57630676660551,
              35.385676461128135
            ],
            [
              106.58173351379712,
              35.38496287295523
            ],
            [
              106.58717689813196,
              35.38425809640479
            ],
            [
              106.59263684372745,
              35.383562119077396
            ],
            [
              106.59811327470098,
              35.38287492857365
            ],
            [
              106.60360611516997,
              35.38219651249412
            ],
            [
              106.60911528925182,
              35.38152685843939
            ],
            [
              106.61464072106394,
              35.38086595401006
            ],
            [
              106.62018233472372,
              35.38021378680671
            ],
            [
              106.62574005434858,
              35.37957034442992
            ],
            [
              106.63131380405594,
              35.37893561448028
            ],
            [
              106.63690350796318,
              35.37830958455837
            ],
            [
              106.6425090901877,
              35.377692242264786
            ],
            [
              106.64813047484692,
              35.3770835752001
            ],
            [
              106.65376758605827,
              35.376483570964915
            ],
            [
              106.6594203479391,
              35.375892217159794
            ],
            [
              106.66508868460686,
              35.375309501385345
            ],
            [
              106.67077252017893,
              35.374735411242135
            ],
            [
              106.67647177877274,
              35.37416993433076
            ],
            [
              106.68218638450568,
              35.3736130582518
            ],
            [
              106.68791626149515,
              35.37306477060584
            ],
            [
              106.69366133385856,
              35.372525058993475
            ],
            [
              106.69942152571333,
              35.37199391101528
            ],
            [
              106.70519676117685,
              35.371471314271844
            ],
            [
              106.71098696436653,
              35.37095725636375
            ],
            [
              106.71679205939975,
              35.370451724891595
            ],
            [
              106.72261197039397,
              35.369954707455946
            ],
            [
              106.72844662146656,
              35.3694661916574
            ],
            [
              106.73429593673492,
              35.36898616509654
            ],
            [
              106.74015984031647,
              35.368514615373954
            ],
            [
              106.74603825632862,
              35.36805153009022
            ],
            [
              106.75193110888875,
              35.36759689684593
            ],
            [
              106.7578383221143,
              35.36715070324167
            ],
            [
              106.76375982012264,
              35.36671293687802
            ],
            [
              106.76969552703122,
              35.36628358535557
            ],
            [
              106.7756453669574,
              35.365862636274905
            ],
            [
              106.78160926401861,
              35.3654500772366
            ],
            [
              106.78758714233224,
              35.36504589584126
            ],
            [
              106.79357892601573,
              35.36465007968946
            ],
            [
              106.79958453918644,
              35.36426261638178
            ],
            [
              106.8056039059618,
              35.36388349351881
            ],
            [
              106.81163695045922,
              35.36351269870114
            ],
            [
              106.81768359679609,
              35.36315021952935
            ],
            [
              106.82374376908982,
              35.36279604360403
            ],
            [
              106.82981739145782,
              35.36245015852575
            ],
            [
              106.8359043880175,
              35.36211255189512
            ],
            [
              106.84200468288626,
              35.36178321131271
            ],
            [
              106.84811820018149,
              35.361462124379116
            ],
            [
              106.85424486402061,
              35.3611492786949
            ],
            [
              106.86038459852105,
              35.360844661860675
            ],
            [
              106.86653732780017,
              35.360548261477014
            ],
            [
              106.8727029759754,
              35.3602600651445
            ],
            [
              106.87888146716415,
              35.35998006046372
            ],
            [
              106.88507272548381,
              35.359708235035264
            ],
            [
              106.8912766750518,
              35.359444576459715
            ],
            [
              106.89749323998551,
              35.35918907233766
            ],
            [
              106.90372234440235,
              35.358941710269676
            ],
            [
              106.90996391241976,
              35.358702477856355
            ],
            [
              106.91621786815509,
              35.35847136269828
            ],
            [
              106.92248413572577,
              35.358248352396046
            ],
            [
              106.9287626392492,
              35.35803343455022
            ],
            [
              106.9350533028428,
              35.35782659676141
            ],
            [
              106.94135605062397,
              35.357627826630186
            ],
            [
              106.94767080671011,
              35.357437111757136
            ],
            [
              106.95399749521862,
              35.35725443974284
            ],
            [
              106.96033604026691,
              35.3570797981879
            ],
            [
              106.96668636597241,
              35.356913174692885
            ],
            [
              106.97304839645248,
              35.356754556858384
            ],
            [
              106.97942205582456,
              35.35660393228499
            ],
            [
              106.98580726820605,
              35.35646128857328
            ],
            [
              106.99220395771434,
              35.356326613323844
            ],
            [
              106.99861204846685,
              35.35619989413726
            ],
            [
              107.005031464581,
              35.35608111861413
            ],
            [
              107.01146213017415,
              35.35597027435502
            ],
            [
              107.01790396936374,
              35.35586734896054
            ],
            [
              107.02435690626717,
              35.35577233003124
            ],
            [
              107.03082086500184,
              35.35568520516774
            ],
            [
              107.03729576968516,
              35.3556059619706
            ],
            [
              107.04378154443454,
              35.35553458804042
            ],
            [
              107.05027811336737,
              35.355471070977785
            ],
            [
              107.05678540060107,
              35.35541539838327
            ],
            [
              107.06330333025305,
              35.35536755785747
            ],
            [
              107.06983182644069,
              35.35532753700097
            ],
            [
              107.07637081328143,
              35.355295323414346
            ],
            [
              107.08292021489264,
              35.355270904698195
            ],
            [
              107.08947995539175,
              35.355254268453095
            ],
            [
              107.09604995889615,
              35.355245402279635
            ],
            [
              107.10263014952326,
              35.3552442937784
            ],
            [
              107.10922045139048,
              35.35525093054997
            ],
            [
              107.11582078861521,
              35.355265300194944
            ],
            [
              107.12243108531486,
              35.3552873903139
            ],
            [
              107.12905126560685,
              35.355317188507414
            ],
            [
              107.13568125360855,
              35.35535468237608
            ],
            [
              107.14232097343739,
              35.35539985952049
            ],
            [
              107.14897034921077,
              35.35545270754122
            ],
            [
              107.1556293050461,
              35.355513214038844
            ],
            [
              107.1622977650608,
              35.355581366613976
            ],
            [
              107.16897565337224,
              35.35565715286718
            ],
            [
              107.17566289409784,
              35.355740560399056
            ],
            [
              107.18235941135502,
              35.355831576810175
            ],
            [
              107.18906512926117,
              35.35593018970113
            ],
            [
              107.1957799719337,
              35.3560363866725
            ],
            [
              107.20250386349001,
              35.35615015532488
            ],
            [
              107.20923672804753,
              35.35627148325885
            ],
            [
              107.21597848972362,
              35.35640035807499
            ],
            [
              107.22272907263573,
              35.3565367673739
            ],
            [
              107.22948840090123,
              35.35668069875616
            ],
            [
              107.23625639863756,
              35.356832139822345
            ],
            [
              107.2430329899621,
              35.356991078173046
            ],
            [
              107.24981809899226,
              35.35715750140886
            ],
            [
              107.25661164984547,
              35.35733139713035
            ],
            [
              107.26341356663909,
              35.35751275293812
            ],
            [
              107.27022377349056,
              35.35770155643275
            ],
            [
              107.27704219451728,
              35.35789779521483
            ],
            [
              107.28386875383664,
              35.35810145688493
            ],
            [
              107.29070337556607,
              35.35831252904365
            ],
            [
              107.29754598382294,
              35.358530999291574
            ],
            [
              107.3043965027247,
              35.35875685522929
            ],
            [
              107.31125485638871,
              35.35899008445737
            ],
            [
              107.31812096893242,
              35.3592306745764
            ],
            [
              107.32499476447322,
              35.35947861318698
            ],
            [
              107.33187616712848,
              35.35973388788968
            ],
            [
              107.33876510101565,
              35.359996486285105
            ],
            [
              107.34566149025213,
              35.360266395973824
            ],
            [
              107.35256525895531,
              35.360543604556426
            ],
            [
              107.35947633124259,
              35.3608280996335
            ],
            [
              107.36639463123139,
              35.36111986880563
            ],
            [
              107.37332008303912,
              35.361418899673396
            ],
            [
              107.38025261078317,
              35.36172517983739
            ],
            [
              107.38719213858096,
              35.362038696898196
            ],
            [
              107.39413859054987,
              35.3623594384564
            ],
            [
              107.40109189080735,
              35.36268739211258
            ],
            [
              107.40805196347077,
              35.36302254546733
            ],
            [
              107.41501873265753,
              35.36336488612124
            ],
            [
              107.42199212248507,
              35.36371440167488
            ],
            [
              107.42897205707077,
              35.364071079728845
            ],
            [
              107.43595846053204,
              35.36443490788372
            ],
            [
              107.44295125698628,
              35.36480587374009
            ],
            [
              107.44995037055091,
              35.365183964898534
            ],
            [
              107.45695572534332,
              35.36556916895965
            ],
            [
              107.46396724548093,
              35.36596147352401
            ],
            [
              107.47098485508114,
              35.36636086619221
            ],
            [
              107.47800847826134,
              35.366767334564834
            ],
            [
              107.48503803913897,
              35.367180866242464
            ],
            [
              107.49207346183141,
              35.36760144882568
            ],
            [
              107.49911467045607,
              35.36802906991508
            ],
            [
              107.50616158913034,
              35.36846371711124
            ],
            [
              107.51321414197166,
              35.36890537801475
            ],
            [
              107.52027225309742,
              35.36935404022619
            ],
            [
              107.527335846625,
              35.369809691346155
            ],
            [
              107.53440484667185,
              35.37027231897522
            ],
            [
              107.54147917735533,
              35.370741910713974
            ],
            [
              107.54855876279288,
              35.37121845416301
            ],
            [
              107.5556435271019,
              35.371701936922896
            ],
            [
              107.56273339439979,
              35.37219234659423
            ],
            [
              107.56982828880395,
              35.3726896707776
            ],
            [
              107.5769281344318,
              35.37319389707359
            ],
            [
              107.58403285540072,
              35.373705013082784
            ],
            [
              107.59114237582814,
              35.37422300640576
            ],
            [
              107.59825661983146,
              35.374747864643105
            ],
            [
              107.60537551152807,
              35.37527957539541
            ],
            [
              107.6124989750354,
              35.37581812626326
            ],
            [
              107.61962693447083,
              35.37636350484724
            ],
            [
              107.6267593139518,
              35.37691569874794
            ],
            [
              107.63389603759568,
              35.37747469556594
            ],
            [
              107.6410370295199,
              35.37804048290182
            ],
            [
              107.64818221384184,
              35.37861304835617
            ],
            [
              107.65533151467892,
              35.37919237952958
            ],
            [
              107.66248485614855,
              35.37977846402263
            ],
            [
              107.66964216236815,
              35.38037128943591
            ],
            [
              107.67680335745509,
              35.380970843369994
            ],
            [
              107.6839683655268,
              35.38157711342548
            ],
            [
              107.69113711070067,
              35.38219008720295
            ],
            [
              107.69830951709412,
              35.38280975230299
            ],
            [
              107.70548550882454,
              35.383436096326186
            ],
            [
              107.71266501000935,
              35.38406910687312
            ],
            [
              107.71984794476595,
              35.384708771544375
            ],
            [
              107.72703423721174,
              35.385355077940545
            ],
            [
              107.73422381146415,
              35.386008013662206
            ],
            [
              107.74141659164054,
              35.38666756630995
            ],
            [
              107.74861250185836,
              35.38733372348436
            ],
            [
              107.75581146623499,
              35.388006472786024
            ],
            [
              107.76301340888784,
              35.38868580181553
            ],
            [
              107.77021825393433,
              35.38937169817345
            ],
            [
              107.77742592549184,
              35.39006414946038
            ],
            [
              107.78463634767779,
              35.3907631432769
            ],
            [
              107.7918494446096,
              35.391468667223606
            ],
            [
              107.79906514040465,
              35.39218070890107
            ],
            [
              107.80628335918036,
              35.39289925590989
            ],
            [
              107.81350402505412,
              35.39362429585064
            ],
            [
              107.82072706214335,
              35.39435581632391
            ],
            [
              107.82795239456546,
              35.39509380493029
            ],
            [
              107.83517994643783,
              35.39583824927036
            ],
            [
              107.8424096418779,
              35.396589136944705
            ],
            [
              107.84964140500304,
              35.39734645555391
            ],
            [
              107.8568751599307,
              35.39811019269857
            ],
            [
              107.86411083077824,
              35.39888033597926
            ],
            [
              107.8713483416631,
              35.39965687299656
            ],
            [
              107.87858761670265,
              35.40043979135107
            ],
            [
              107.88582858001433,
              35.40122907864337
            ],
            [
              107.89307115571552,
              35.40202472247404
            ],
            [
              107.90031526792365,
              35.40282671044367
            ],
            [
              107.9075608407561,
              35.40363503015285
            ],
            [
              107.9148077983303,
              35.40444966920216
            ],
            [
              107.92205606476364,
              35.40527061519219
            ],
            [
              107.92930556417352,
              35.406097855723516
            ],
            [
              107.93655622067736,
              35.40693137839672
            ],
            [
              107.94380795839255,
              35.40777117081241
            ],
            [
              107.95106070143652,
              35.40861722057115
            ],
            [
              107.95831437392665,
              35.409469515273535
            ],
            [
              107.96556889998035,
              35.41032804252015
            ],
            [
              107.97282420371505,
              35.41119278991158
            ],
            [
              107.98008020924811,
              35.41206374504841
            ],
            [
              107.987336840697,
              35.412940895531214
            ],
            [
              107.99459402217906,
              35.4138242289606
            ],
            [
              108.00185167781173,
              35.41471373293713
            ],
            [
              108.0091097317124,
              35.41560939506141
            ],
            [
              108.01636810799849,
              35.41651120293402
            ],
            [
              108.02362673078741,
              35.41741914415553
            ],
            [
              108.03088552419655,
              35.418333206326544
            ],
            [
              108.03814441234331,
              35.41925337704764
            ],
            [
              108.04540331934511,
              35.420179643919404
            ],
            [
              108.05266216931935,
              35.421111994542414
            ],
            [
              108.05992088638345,
              35.42205041651727
            ],
            [
              108.06717939465479,
              35.422994897444546
            ],
            [
              108.07443761825078,
              35.42394542492484
            ],
            [
              108.08169548128885,
              35.424901986558716
            ],
            [
              108.08895290788638,
              35.425864569946775
            ],
            [
              108.0962098221608,
              35.426833162689604
            ],
            [
              108.10346614822947,
              35.427807752387785
            ],
            [
              108.11072181020985,
              35.4287883266419
            ],
            [
              108.11797673221932,
              35.42977487305254
            ],
            [
              108.12523083837527,
              35.43076737922028
            ],
            [
              108.13248405279514,
              35.43176583274572
            ],
            [
              108.1397362995963,
              35.43277022122943
            ],
            [
              108.14698750289617,
              35.43378053227201
            ],
            [
              108.15423758681217,
              35.43479675347403
            ],
            [
              108.16148647546169,
              35.435818872436094
            ],
            [
              108.16873409296214,
              35.43684687675878
            ],
            [
              108.17598036343092,
              35.43788075404266
            ],
            [
              108.18322521098544,
              35.43892049188833
            ],
            [
              108.19046855974311,
              35.439966077896386
            ],
            [
              108.19771033382133,
              35.441017499667396
            ],
            [
              108.2049504573375,
              35.44207474480196
            ],
            [
              108.21218885440905,
              35.443137800900644
            ],
            [
              108.21942544915335,
              35.44420665556406
            ],
            [
              108.22666016568782,
              35.445281296392764
            ],
            [
              108.23389292812988,
              35.44636171098736
            ],
            [
              108.24112366059691,
              35.44744788694844
            ],
            [
              108.24835228720634,
              35.448539811876564
            ],
            [
              108.25557873207556,
              35.44963747337234
            ],
            [
              108.26280291932198,
              35.450740859036344
            ],
            [
              108.270024773063,
              35.45184995646917
            ],
            [
              108.27724421741604,
              35.45296475327139
            ],
            [
              108.2844611764985,
              35.45408523704359
            ],
            [
              108.29167557442777,
              35.45521139538637
            ],
            [
              108.29888733532127,
              35.456343215900304
            ],
            [
              108.3060963832964,
              35.45748068618598
            ],
            [
              108.31330264247057,
              35.458623793843984
            ],
            [
              108.32050603696119,
              35.4597725264749
            ],
            [
              108.32770649088566,
              35.46092687167932
            ],
            [
              108.33490392836138,
              35.462086817057816
            ],
            [
              108.34209827350577,
              35.46325235021098
            ],
            [
              108.3492894504362,
              35.464423458739404
            ],
            [
              108.35647738327012,
              35.465600130243665
            ],
            [
              108.36366199612492,
              35.46678235232435
            ],
            [
              108.370843213118,
              35.46797011258205
            ],
            [
              108.37802095836675,
              35.46916339861735
            ],
            [
              108.38519515598861,
              35.47036219803083
            ],
            [
              108.39236573010096,
              35.471566498423066
            ],
            [
              108.39953260482122,
              35.47277628739466
            ],
            [
              108.40669570426678,
              35.473991552546195
            ],
            [
              108.41385495255507,
              35.47521228147824
            ],
            [
              108.42101027380346,
              35.47643846179141
            ],
            [
              108.42816159212938,
              35.477670081086266
            ],
            [
              108.43530883165025,
              35.478907126963406
            ],
            [
              108.44245191648345,
              35.480149587023405
            ],
            [
              108.44959077074638,
              35.48139744886686
            ],
            [
              108.45672531855647,
              35.48265070009434
            ],
            [
              108.4638554840311,
              35.48390932830645
            ],
            [
              108.47098119128769,
              35.485173321103765
            ],
            [
              108.47810236444366,
              35.48644266608687
            ],
            [
              108.48521892761639,
              35.48771735085636
            ],
            [
              108.49233080492328,
              35.4889973630128
            ],
            [
              108.49943792048177,
              35.49028269015679
            ],
            [
              108.50654019840924,
              35.491573319888914
            ],
            [
              108.51363756282309,
              35.492869239809764
            ],
            [
              108.52072993784076,
              35.49417043751991
            ],
            [
              108.52781724757962,
              35.49547690061995
            ],
            [
              108.53489941615709,
              35.49678861671046
            ],
            [
              108.54197636769057,
              35.49810557339204
            ],
            [
              108.54904802629746,
              35.499427758265256
            ],
            [
              108.55611431609518,
              35.5007551589307
            ],
            [
              108.56317516120113,
              35.50208776298897
            ],
            [
              108.57023048573272,
              35.50342555804064
            ],
            [
              108.57728021380734,
              35.504768531686295
            ],
            [
              108.58432426954242,
              35.50611667152652
            ],
            [
              108.59136257705535,
              35.50746996516191
            ],
            [
              108.59839506046353,
              35.50882840019304
            ],
            [
              108.60542164388437,
              35.510191964220496
            ],
            [
              108.61244225143528,
              35.51156064484486
            ],
            [
              108.61945680723366,
              35.512934429666736
            ],
            [
              108.62646523539692,
              35.514313306286695
            ],
            [
              108.63346746004248,
              35.51569726230532
            ],
            [
              108.6404634052877,
              35.5170862853232
            ],
            [
              108.64745299525005,
              35.51848036294093
            ],
            [
              108.65443615404688,
              35.51987948275908
            ],
            [
              108.66141280579562,
              35.52128363237824
            ],
            [
              108.66838287461367,
              35.522692799399
            ],
            [
              108.67534628461843,
              35.52410697142194
            ],
            [
              108.68230295992733,
              35.52552613604766
            ],
            [
              108.68925282465774,
              35.52695028087672
            ],
            [
              108.6961958029271,
              35.528379393509724
            ],
            [
              108.70313181885278,
              35.52981346154725
            ],
            [
              108.71006079655221,
              35.53125247258989
            ],
            [
              108.71698266014279,
              35.532696414238224
            ],
            [
              108.72389733374193,
              35.534145274092836
            ],
            [
              108.73080474146704,
              35.53559903975432
            ],
            [
              108.7377048074355,
              35.53705769882325
            ],
            [
              108.74459745576473,
              35.538521238900216
            ],
            [
              108.75148261057215,
              35.539989647585806
            ],
            [
              108.75836019597514,
              35.541462912480604
            ],
            [
              108.76523013609113,
              35.54294102118519
            ],
            [
              108.7720923550375,
              35.54442396130016
            ],
            [
              108.77894677693169,
              35.54591172042609
            ],
            [
              108.78579332589106,
              35.54740428616357
            ],
            [
              108.79263192603305,
              35.54890164611319
            ],
            [
              108.79946250147506,
              35.550403787875524
            ],
            [
              108.8062849763345,
              35.55191069905116
            ],
            [
              108.81309927472874,
              35.5534223672407
            ],
            [
              108.81990532077523,
              35.55493878004471
            ],
            [
              108.82670303859135,
              35.55645992506378
            ],
            [
              108.83349235229451,
              35.55798578989849
            ],
            [
              108.84027318600214,
              35.55951636214944
            ],
            [
              108.8470454638316,
              35.56105162941721
            ],
            [
              108.85380910990033,
              35.56259157930238
            ],
            [
              108.86056404832571,
              35.56413619940553
            ],
            [
              108.86731020322517,
              35.565685477327264
            ],
            [
              108.87404749871612,
              35.56723940066816
            ],
            [
              108.88077585891594,
              35.56879795702879
            ],
            [
              108.88749520794204,
              35.57036113400976
            ],
            [
              108.89420546991184,
              35.57192891921164
            ],
            [
              108.90090656894273,
              35.57350130023502
            ],
            [
              108.90759842915212,
              35.57507826468049
            ],
            [
              108.91428097465743,
              35.57665980014863
            ],
            [
              108.92095412957605,
              35.578245894240034
            ],
            [
              108.92761781802538,
              35.57983653455527
            ],
            [
              108.93427196412284,
              35.581431708694936
            ],
            [
              108.94091649198583,
              35.58303140425962
            ],
            [
              108.94755132573175,
              35.5846356088499
            ],
            [
              108.95417638947802,
              35.58624431006636
            ],
            [
              108.96079160734205,
              35.587857495509596
            ],
            [
              108.96739690344121,
              35.58947515278019
            ],
            [
              108.97399220189294,
              35.591097269478716
            ],
            [
              108.98057742681462,
              35.592723833205774
            ],
            [
              108.98715250232368,
              35.59435483156194
            ],
            [
              108.9937173525375,
              35.5959902521478
            ],
            [
              109.00027190157351,
              35.59763008256394
            ],
            [
              109.0068160735491,
              35.599274310410955
            ],
            [
              109.01334979258169,
              35.60092292328942
            ],
            [
              109.01987298278867,
              35.60257590879992
            ],
            [
              109.02638556828745,
              35.60423325454305
            ],
            [
              109.03288747319544,
              35.605894948119385
            ],
            [
              109.03937862163005,
              35.60756097712951
            ],
            [
              109.04585893770866,
              35.609231329174015
            ],
            [
              109.0523283455487,
              35.61090599185349
            ],
            [
              109.05878676926757,
              35.612584952768515
            ],
            [
              109.06523413298268,
              35.61426819951967
            ],
            [
              109.07167036081141,
              35.61595571970756
            ],
            [
              109.0780953768712,
              35.61764750093274
            ],
            [
              109.08450910527944,
              35.619343530795824
            ],
            [
              109.09091147015353,
              35.62104379689738
            ],
            [
              109.0973023956109,
              35.622748286838
            ],
            [
              109.10368180576891,
              35.62445698821826
            ],
            [
              109.110049624745,
              35.62616988863877
            ],
            [
              109.11640577665658,
              35.627886975700086
            ],
            [
              109.12275018562103,
              35.62960823700281
            ],
            [
              109.12908277575578,
              35.63133366014753
            ],
            [
              109.13540347117822,
              35.63306323273482
            ],
            [
              109.14171219600576,
              35.63479694236527
            ],
            [
              109.1480088743558,
              35.636534776639465
            ],
            [
              109.15429343034575,
              35.63827672315799
            ],
            [
              109.16056578809302,
              35.64002276952144
            ],
            [
              109.166825871715,
              35.64177290333039
            ],
            [
              109.17307360532912,
              35.643527112185424
            ],
            [
              109.17930891305278,
              35.64528538368713
            ],
            [
              109.18553171900336,
              35.6470477054361
            ],
            [
              109.1917419472983,
              35.64881406503291
            ],
            [
              109.19793952205498,
              35.65058445007815
            ],
            [
              109.20412436739082,
              35.652358848172405
            ],
            [
              109.21029640742321,
              35.65413724691626
            ],
            [
              109.21645556626956,
              35.655919633910294
            ],
            [
              109.2226017680473,
              35.657705996755105
            ],
            [
              109.2287349368738,
              35.65949632305127
            ],
            [
              109.23485499686649,
              35.66129060039938
            ],
            [
              109.24096187214276,
              35.66308881640002
            ],
            [
              109.24705548682003,
              35.664890958653764
            ],
            [
              109.2531357650157,
              35.66669701476121
            ],
            [
              109.25920263084717,
              35.66850697232294
            ],
            [
              109.26525600843185,
              35.67032081893954
            ],
            [
              109.27129582188714,
              35.672138542211584
            ],
            [
              109.27732199533045,
              35.673960129739676
            ],
            [
              109.28333445287919,
              35.67578556912439
            ],
            [
              109.28933311865076,
              35.67761484796632
            ],
            [
              109.29531791676256,
              35.67944795386604
            ],
            [
              109.30128877133201,
              35.68128487442414
            ],
            [
              109.3072456064765,
              35.68312559724121
            ],
            [
              109.31318834631345,
              35.68497010991783
            ],
            [
              109.31911691496025,
              35.68681840005459
            ],
            [
              109.32503123653433,
              35.688670455252065
            ],
            [
              109.33093123515306,
              35.690526263110854
            ],
            [
              109.33681683493387,
              35.69238581123154
            ],
            [
              109.34268795999417,
              35.6942490872147
            ],
            [
              109.34854453445134,
              35.69611607866092
            ],
            [
              109.35438648242281,
              35.6979867731708
            ],
            [
              109.36021372802597,
              35.6998611583449
            ],
            [
              109.36602619537824,
              35.70173922178383
            ],
            [
              109.37182380859701,
              35.70362095108817
            ],
            [
              109.3776064917997,
              35.705506333858494
            ],
            [
              109.3833741691037,
              35.7073953576954
            ],
            [
              109.38912676462643,
              35.70928801019946
            ],
            [
              109.3948642024853,
              35.711184278971274
            ],
            [
              109.40058640679769,
              35.71308415161142
            ],
            [
              109.40629330168102,
              35.71498761572048
            ],
            [
              109.4119848112527,
              35.71689465889905
            ],
            [
              109.41766085963012,
              35.7188052687477
            ],
            [
              109.42332137093071,
              35.72071943286703
            ],
            [
              109.42896626927185,
              35.72263713885762
            ],
            [
              109.43459547877097,
              35.724558374320054
            ],
            [
              109.44020892354546,
              35.72648312685492
            ],
            [
              109.44580652771273,
              35.7284113840628
            ],
            [
              109.45138821539018,
              35.73034313354428
            ],
            [
              109.45695391069522,
              35.732278362899955
            ],
            [
              109.46250353774525,
              35.73421705973039
            ],
            [
              109.46803702065769,
              35.73615921163619
            ],
            [
              109.47355428354993,
              35.73810480621793
            ],
            [
              109.47905525053937,
              35.7400538310762
            ],
            [
              109.48453984574346,
              35.74200627381159
            ],
            [
              109.49000799327953,
              35.74396212202467
            ],
            [
              109.49545961726506,
              35.745921363316036
            ],
            [
              109.50089464181741,
              35.74788398528627
            ],
            [
              109.506312991054,
              35.749849975535966
            ],
            [
              109.51171458909224,
              35.7518193216657
            ],
            [
              109.51709936004951,
              35.75379201127606
            ],
            [
              109.52246722804325,
              35.75576803196763
            ],
            [
              109.52781811719086,
              35.757747371341
            ],
            [
              109.53315195160972,
              35.75973001699675
            ],
            [
              109.53846865541726,
              35.76171595653547
            ],
            [
              109.54376815273088,
              35.76370517755773
            ],
            [
              109.54905036766796,
              35.76569766766414
            ],
            [
              109.55431522434594,
              35.76769341445528
            ],
            [
              109.55956264688223,
              35.76969240553172
            ],
            [
              109.56479255939419,
              35.77169462849406
            ],
            [
              109.57000488599928,
              35.77370007094287
            ],
            [
              109.57519955081487,
              35.77570872047876
            ],
            [
              109.58037647795837,
              35.77772056470229
            ],
            [
              109.5855355915472,
              35.77973559121406
            ],
            [
              109.59067681569874,
              35.78175378761465
            ],
            [
              109.59580007453043,
              35.78377514150465
            ],
            [
              109.60090529215965,
              35.78579964048464
            ],
            [
              109.60599239270381,
              35.78782727215521
            ],
            [
              109.61106130028031,
              35.78985802411694
            ],
            [
              109.61611193900657,
              35.79189188397042
            ],
            [
              109.621144233,
              35.79392883931624
            ],
            [
              109.6265706426293,
              35.79616567628738
            ],
            [
              109.63198289212121,
              35.79846576365449
            ],
            [
              109.63738094560793,
              35.800828595780075
            ],
            [
              109.64276476722158,
              35.80325366702664
            ],
            [
              109.64813432109435,
              35.80574047175668
            ],
            [
              109.65348957135839,
              35.8082885043327
            ],
            [
              109.65883048214589,
              35.81089725911722
            ],
            [
              109.664157017589,
              35.81356623047273
            ],
            [
              109.66946914181989,
              35.816294912761734
            ],
            [
              109.67476681897074,
              35.81908280034675
            ],
            [
              109.6800500131737,
              35.82192938759027
            ],
            [
              109.68531868856093,
              35.82483416885479
            ],
            [
              109.69057280926462,
              35.82779663850284
            ],
            [
              109.69581233941692,
              35.830816290896905
            ],
            [
              109.70103724315,
              35.833892620399496
            ],
            [
              109.70624748459603,
              35.8370251213731
            ],
            [
              109.71144302788717,
              35.84021328818025
            ],
            [
              109.7166238371556,
              35.84345661518344
            ],
            [
              109.72178987653346,
              35.84675459674517
            ],
            [
              109.72694111015294,
              35.85010672722794
            ],
            [
              109.73207750214621,
              35.853512500994256
            ],
            [
              109.7371990166454,
              35.85697141240664
            ],
            [
              109.74230561778273,
              35.860482955827564
            ],
            [
              109.74739726969032,
              35.86404662561956
            ],
            [
              109.75247393650037,
              35.86766191614512
            ],
            [
              109.75753558234503,
              35.871328321766754
            ],
            [
              109.76258217135646,
              35.87504533684696
            ],
            [
              109.76761366766684,
              35.878812455748246
            ],
            [
              109.77263003540833,
              35.88262917283312
            ],
            [
              109.7776312387131,
              35.88649498246408
            ],
            [
              109.78261724171331,
              35.89040937900363
            ],
            [
              109.78758800854112,
              35.894371856814274
            ],
            [
              109.79254350332873,
              35.89838191025852
            ],
            [
              109.79748369020827,
              35.902439033698876
            ],
            [
              109.80240853331192,
              35.906542721497836
            ],
            [
              109.80731799677186,
              35.91069246801791
            ],
            [
              109.81221204472023,
              35.91488776762161
            ],
            [
              109.81709064128921,
              35.91912811467142
            ],
            [
              109.82195375061097,
              35.923413003529866
            ],
            [
              109.82680133681768,
              35.92774192855944
            ],
            [
              109.83163336404148,
              35.93211438412265
            ],
            [
              109.83644979641457,
              35.93652986458199
            ],
            [
              109.84125059806911,
              35.940987864299984
            ],
            [
              109.84603573313724,
              35.945487877639124
            ],
            [
              109.85080516575115,
              35.95002939896192
            ],
            [
              109.855558860043,
              35.95461192263086
            ],
            [
              109.86029678014496,
              35.95923494300847
            ],
            [
              109.8650188901892,
              35.963897954457245
            ],
            [
              109.86972515430789,
              35.96860045133968
            ],
            [
              109.87441553663317,
              35.9733419280183
            ],
            [
              109.87909000129723,
              35.97812187885559
            ],
            [
              109.88374851243222,
              35.98293979821406
            ],
            [
              109.88839103417033,
              35.987795180456224
            ],
            [
              109.8930175306437,
              35.99268751994458
            ],
            [
              109.89762796598453,
              35.997616311041625
            ],
            [
              109.90222230432495,
              36.00258104810987
            ],
            [
              109.90680050979715,
              36.00758122551182
            ],
            [
              109.9113625465333,
              36.01261633760997
            ],
            [
              109.91590837866553,
              36.01768587876684
            ],
            [
              109.92043797032605,
              36.022789343344925
            ],
            [
              109.92495128564701,
              36.02792622570673
            ],
            [
              109.92944828876057,
              36.03309602021476
            ],
            [
              109.93392894379889,
              36.038298221231514
            ],
            [
              109.93839321489416,
              36.04353232311951
            ],
            [
              109.94284106617854,
              36.048797820241234
            ],
            [
              109.94727246178418,
              36.054094206959206
            ],
            [
              109.95168736584327,
              36.059420977635924
            ],
            [
              109.95608574248796,
              36.06477762663389
            ],
            [
              109.96046755585041,
              36.070163648315614
            ],
            [
              109.9648327700628,
              36.0755785370436
            ],
            [
              109.9691813492573,
              36.08102178718033
            ],
            [
              109.97351325756607,
              36.08649289308835
            ],
            [
              109.97782845912127,
              36.09199134913013
            ],
            [
              109.98212691805507,
              36.09751664966819
            ],
            [
              109.98640859849966,
              36.10306828906503
            ],
            [
              109.99067346458718,
              36.10864576168315
            ],
            [
              109.99492148044979,
              36.11424856188506
            ],
            [
              109.99915261021968,
              36.11987618403327
            ],
            [
              110.003366818029,
              36.12552812249027
            ],
            [
              110.00756406800991,
              36.131203871618574
            ],
            [
              110.0117443242946,
              36.13690292578069
            ],
            [
              110.01590755101522,
              36.14262477933911
            ],
            [
              110.02005371230395,
              36.14836892665634
            ],
            [
              110.02418277229295,
              36.15413486209489
            ],
            [
              110.02829469511437,
              36.15992208001727
            ],
            [
              110.0323894449004,
              36.16573007478598
            ],
            [
              110.03646698578319,
              36.17155834076351
            ],
            [
              110.04052728189492,
              36.17740637231238
            ],
            [
              110.04457029736776,
              36.18327366379509
            ],
            [
              110.04859599633384,
              36.18915970957415
            ],
            [
              110.05260434292538,
              36.19506400401205
            ],
            [
              110.05659530127451,
              36.2009860414713
            ],
            [
              110.06056883551341,
              36.20692531631442
            ],
            [
              110.06452490977424,
              36.2128813229039
            ],
            [
              110.06846348818915,
              36.21885355560224
            ],
            [
              110.07238453489035,
              36.224841508771945
            ],
            [
              110.07628801400998,
              36.23084467677553
            ],
            [
              110.0801738896802,
              36.2368625539755
            ],
            [
              110.08404212603318,
              36.24289463473434
            ],
            [
              110.0878926872011,
              36.24894041341457
            ],
            [
              110.09172553731612,
              36.2549993843787
            ],
            [
              110.09554064051041,
              36.26107104198922
            ],
            [
              110.09933796091612,
              36.267154880608636
            ],
            [
              110.10311746266542,
              36.273250394599465
            ],
            [
              110.1068791098905,
              36.279357078324196
            ],
            [
              110.1106228667235,
              36.28547442614534
            ],
            [
              110.1143486972966,
              36.29160193242541
            ],
            [
              110.11805656574197,
              36.297739091526886
            ],
            [
              110.12174643619176,
              36.303885397812294
            ],
            [
              110.12541827277815,
              36.31004034564414
            ],
            [
              110.1290720396333,
              36.316203429384906
            ],
            [
              110.13270770088938,
              36.32237414339712
            ],
            [
              110.13632522067857,
              36.32855198204327
            ],
            [
              110.13992456313301,
              36.33473643968587
            ],
            [
              110.14350569238488,
              36.34092701068742
            ],
            [
              110.14706857256634,
              36.34712318941043
            ],
            [
              110.15061316780955,
              36.3533244702174
            ],
            [
              110.15413944224672,
              36.35953034747083
            ],
            [
              110.15764736000996,
              36.36574031553323
            ],
            [
              110.16113688523147,
              36.3719538687671
            ],
            [
              110.1646079820434,
              36.378170501534946
            ],
            [
              110.16806061457794,
              36.38438970819928
            ],
            [
              110.17149474696723,
              36.39061098312259
            ],
            [
              110.17491034334346,
              36.396833820667396
            ],
            [
              110.17830736783876,
              36.4030577151962
            ],
            [
              110.18168578458534,
              36.40928216107149
            ],
            [
              110.18504555771534,
              36.41550665265579
            ],
            [
              110.18838665136093,
              36.4217306843116
            ],
            [
              110.19170902965428,
              36.427953750401414
            ],
            [
              110.19501265672756,
              36.43417534528774
            ],
            [
              110.19829749671293,
              36.44039496333309
            ],
            [
              110.20156351374254,
              36.44661209889997
            ],
            [
              110.20481067194861,
              36.45282624635087
            ],
            [
              110.20803893546325,
              36.459036900048304
            ],
            [
              110.21124826841864,
              36.46524355435478
            ],
            [
              110.21443863494697,
              36.47144570363279
            ],
            [
              110.2176099991804,
              36.47764284224485
            ],
            [
              110.22076232525107,
              36.48383446455345
            ],
            [
              110.22389557729117,
              36.49002006492112
            ],
            [
              110.22700971943287,
              36.496199137710335
            ],
            [
              110.23010471580832,
              36.502371177283614
            ],
            [
              110.23318053054969,
              36.50853567800346
            ],
            [
              110.23623712778915,
              36.514692134232384
            ],
            [
              110.23927447165887,
              36.52084004033288
            ],
            [
              110.24229252629101,
              36.52697889066745
            ],
            [
              110.24529125581775,
              36.53310817959861
            ],
            [
              110.24827062437123,
              36.53922740148885
            ],
            [
              110.25123059608364,
              36.54533605070068
            ],
            [
              110.25417113508715,
              36.551433621596615
            ],
            [
              110.2570922055139,
              36.55751960853915
            ],
            [
              110.25999377149608,
              36.563593505890786
            ],
            [
              110.26287579716585,
              36.569654808014036
            ],
            [
              110.26573824665536,
              36.57570300927139
            ],
            [
              110.26858108409681,
              36.58173760402538
            ],
            [
              110.27140427362234,
              36.58775808663847
            ],
            [
              110.27420777936412,
              36.59376395147321
            ],
            [
              110.27699156545432,
              36.59975469289206
            ],
            [
              110.27975559602511,
              36.60572980525755
            ],
            [
              110.28249983520867,
              36.611688782932184
            ],
            [
              110.28522424713712,
              36.61763112027846
            ],
            [
              110.28792879594269,
              36.62355631165888
            ],
            [
              110.29061344575749,
              36.62946385143596
            ],
            [
              110.29327816071371,
              36.63535323397219
            ],
            [
              110.29592290494352,
              36.64122395363008
            ],
            [
              110.2985476425791,
              36.64707550477213
            ],
            [
              110.30115233775258,
              36.65290738176086
            ],
            [
              110.30373695459615,
              36.65871907895876
            ],
            [
              110.30630145724197,
              36.664510090728335
            ],
            [
              110.30884580982222,
              36.6702799114321
            ],
            [
              110.31136997646904,
              36.67602803543254
            ],
            [
              110.31387392131461,
              36.68175395709217
            ],
            [
              110.31635760849112,
              36.687457170773506
            ],
            [
              110.31882100213069,
              36.69313717083903
            ],
            [
              110.32126406636553,
              36.69879345165126
            ],
            [
              110.32368676532778,
              36.7044255075727
            ],
            [
              110.32608906314961,
              36.71003283296585
            ],
            [
              110.32847092396318,
              36.71561492219322
            ],
            [
              110.33083231190069,
              36.72117126961731
            ],
            [
              110.33317319109428,
              36.72670136960062
            ],
            [
              110.3354935256761,
              36.732204716505656
            ],
            [
              110.33779327977835,
              36.73768080469493
            ],
            [
              110.3400724175332,
              36.74312912853094
            ],
            [
              110.34233090307276,
              36.748549182376195
            ],
            [
              110.34456870052927,
              36.75394046059319
            ],
            [
              110.34678577403486,
              36.75930245754444
            ],
            [
              110.34898208772168,
              36.764634667592446
            ],
            [
              110.35115760572192,
              36.76993658509971
            ],
            [
              110.35331229216774,
              36.77520770442873
            ],
            [
              110.35544611119133,
              36.78044751994202
            ],
            [
              110.35755902692482,
              36.78565552600209
            ],
            [
              110.35965100350039,
              36.790831216971426
            ],
            [
              110.3617220050502,
              36.79597408721255
            ],
            [
              110.36377199570643,
              36.801083631087955
            ],
            [
              110.36580093960124,
              36.80615934296014
            ],
            [
              110.36780880086681,
              36.81120071719163
            ],
            [
              110.36979554363528,
              36.81620724814492
            ],
            [
              110.37176113203884,
              36.8211784301825
            ],
            [
              110.37370553020963,
              36.82611375766689
            ],
            [
              110.37562870227984,
              36.831012724960594
            ],
            [
              110.37753061238165,
              36.83587482642611
            ],
            [
              110.37941122464719,
              36.84069955642594
            ],
            [
              110.38127050320864,
              36.845486409322596
            ],
            [
              110.38310841219817,
              36.85023487947858
            ],
            [
              110.38492491574794,
              36.854944461256395
            ],
            [
              110.38671997799013,
              36.859614649018546
            ],
            [
              110.3884935630569,
              36.86424493712754
            ],
            [
              110.3902456350804,
              36.868834819945874
            ],
            [
              110.39197615819283,
              36.873383791836055
            ],
            [
              110.39368509652633,
              36.87789134716059
            ],
            [
              110.39537241421307,
              36.88235698028198
            ],
            [
              110.39703807538523,
              36.88678018556274
            ],
            [
              110.39868204417496,
              36.89116045736536
            ],
            [
              110.40030428471444,
              36.89549729005235
            ],
            [
              110.40190476113582,
              36.89979017798621
            ],
            [
              110.40348343757128,
              36.90403861552946
            ],
            [
              110.405040278153,
              36.90824209704458
            ],
            [
              110.40657524701311,
              36.91240011689409
            ],
            [
              110.40808830828381,
              36.916512169440495
            ],
            [
              110.40957942609724,
              36.920577749046295
            ],
            [
              110.41104856458558,
              36.92459635007399
            ],
            [
              110.41239165319672,
              36.92828198058019
            ],
            [
              110.40117627643384,
              36.93136031023501
            ],
            [
              110.38702125128754,
              36.936602894454
            ],
            [
              110.37353560629859,
              36.943006076150986
            ],
            [
              110.36084921560023,
              36.950508189185896
            ],
            [
              110.34908425606997,
              36.95903698410914
            ],
            [
              110.33835403069948,
              36.96851032396328
            ],
            [
              110.32876187742481,
              36.978836975306876
            ],
            [
              110.32040017392559,
              36.98991748684236
            ],
            [
              110.31334944797752,
              37.00164514718643
            ],
            [
              110.30767760192575,
              37.013907012558974
            ],
            [
              110.30343925874834,
              37.02658499449344
            ],
            [
              110.30067523600701,
              37.03955699709331
            ],
            [
              110.2994121527517,
              37.05269809288232
            ],
            [
              110.29966217316465,
              37.065881725924385
            ],
            [
              110.30142288941259,
              37.078980930626386
            ],
            [
              110.30467734483557,
              37.0918695544863
            ],
            [
              110.30939419724878,
              37.10442347301072
            ],
            [
              110.315528020785,
              37.116521785101575
            ],
            [
              110.32301974337047,
              37.12804797739983
            ],
            [
              110.33179721562132,
              37.138891046372784
            ],
            [
              110.34177590568152,
              37.14894656733881
            ],
            [
              110.35285971331086,
              37.158117700134106
            ],
            [
              110.36494189538286,
              37.166316121736386
            ],
            [
              110.37790609387937,
              37.17346287686392
            ],
            [
              110.39162745648194,
              37.17948913835801
            ],
            [
              110.40597383896781,
              37.18433687002617
            ],
            [
              110.42080707783114,
              37.18795938556242
            ],
            [
              110.43598432087299,
              37.190321798161854
            ],
            [
              110.45135940294614,
              37.191401356499725
            ],
            [
              110.46678425360534,
              37.19118766383909
            ],
            [
              110.4821103231067,
              37.189682778157085
            ],
            [
              110.49719001302279,
              37.186901192325486
            ],
            [
              110.54491198795769,
              37.17597885062354
            ],
            [
              110.55960007263126,
              37.171947352834465
            ],
            [
              110.55999402531019,
              37.17180144492711
            ],
            [
              110.56766410727586,
              37.189084287032124
            ]
          ]
        ]
      },
      "properties": {
        "id": "xia-409-partial-reconstruction",
        "entityId": "xia",
        "regionIds": [
          "china-core"
        ],
        "validity": {
          "start": {
            "earliest": "0409-01-01",
            "latest": "0409-01-01"
          },
          "endExclusive": {
            "earliest": "0410-01-01",
            "latest": "0410-01-01"
          },
          "precision": "year",
          "label": "409年夏（赫连氏）原图部分范围 · 争议复原；非全年实控"
        },
        "temporalSupport": "snapshot",
        "snapshotYear": 409,
        "relation": "reconstruction",
        "spatialPrecision": "disputed",
        "interpretationId": "zunkir-xia-409-partial",
        "evidence": [
          {
            "sourceId": "commons-eastern-jin-409",
            "locator": "path3129; path3133; path3886；text3262-7 Xia标签；409年说明与2016-10-02原图版本",
            "note": "只保留409年原图夏（赫连氏）的部分轮廓；两处超过3像素的笔画交接及周围12像素带剔除；不补画缺口，不代表全年实控或专家审定。"
          },
          {
            "sourceId": "commons-eastern-china-relief",
            "locator": "data/registration/eastern-jin-dated.json；data/registration/xia-409-partial.json",
            "note": "按同源底图声明的等距圆柱投影及117%南北伸长转换；沿用独立湖泊检查，不拟合城市。"
          },
          {
            "sourceId": "natural-earth-registration-lakes",
            "locator": "sources/natural-earth/eastern-relief-check-lakes.geojson；四湖独立坐标检查",
            "note": "自然地理位置检查不能证明历史疆界准确。"
          }
        ],
        "review": {
          "status": "verified",
          "reviewerKind": "agent",
          "reviewer": "Codex（原图身份、部分笔画与坐标转换核对；非历史专家审定）",
          "checkedAt": "2026-10-07",
          "evidence": [
            {
              "sourceId": "commons-eastern-jin-409",
              "locator": "path3129; path3133; path3886；text3262-7 Xia标签；409年说明与2016-10-02原图版本",
              "note": "只保留409年原图夏（赫连氏）的部分轮廓；两处超过3像素的笔画交接及周围12像素带剔除；不补画缺口，不代表全年实控或专家审定。"
            },
            {
              "sourceId": "commons-eastern-china-relief",
              "locator": "data/registration/eastern-jin-dated.json；data/registration/xia-409-partial.json",
              "note": "按同源底图声明的等距圆柱投影及117%南北伸长转换；沿用独立湖泊检查，不拟合城市。"
            },
            {
              "sourceId": "natural-earth-registration-lakes",
              "locator": "sources/natural-earth/eastern-relief-check-lakes.geojson；四湖独立坐标检查",
              "note": "自然地理位置检查不能证明历史疆界准确。"
            }
          ]
        },
        "compilation": {
          "method": "原SVG三条边线的部分范围；按声明投影转换；超过3像素的未连接交接剔除12像素带，不放宽交接门槛、不外推年份。",
          "sourceScale": null,
          "controlPoints": [],
          "errorNote": "四湖独立检查最大3.21公里，非历史疆界精度；原图所据书目尚未逐页独立核验。",
          "extent": "partial-source",
          "extentNote": "原图夏与魏、凉、后秦之间的三条笔画；11.68与3.77像素的未连接交接不补画，剔除其线段周围12像素带；仅保留其余部分范围，缺口切边不绘为国界。",
          "boundaryGeometry": {
            "type": "MultiLineString",
            "coordinates": [
              [
                [
                  110.56766410727586,
                  37.189084287032124
                ],
                [
                  110.57672338517241,
                  37.20949737651046
                ],
                [
                  110.58578266306897,
                  37.2299104659888
                ],
                [
                  110.59484194096552,
                  37.25032355546714
                ],
                [
                  110.60390121886206,
                  37.27073664494547
                ],
                [
                  110.61296049675862,
                  37.29114973442381
                ],
                [
                  110.62201977465517,
                  37.31156282390215
                ],
                [
                  110.63107905255173,
                  37.33197591338049
                ],
                [
                  110.64013833044828,
                  37.35238900285883
                ],
                [
                  110.64919760834482,
                  37.37280209233717
                ],
                [
                  110.65825688624138,
                  37.393215181815506
                ],
                [
                  110.66731616413793,
                  37.41362827129384
                ],
                [
                  110.67637544203448,
                  37.43404136077218
                ],
                [
                  110.68543471993104,
                  37.454454450250516
                ],
                [
                  110.69449399782759,
                  37.474867539728855
                ],
                [
                  110.70355327572413,
                  37.495280629207194
                ],
                [
                  110.71261255362069,
                  37.515693718685526
                ],
                [
                  110.72167183151724,
                  37.536106808163865
                ],
                [
                  110.7307311094138,
                  37.556519897642204
                ],
                [
                  110.73979038731035,
                  37.57693298712054
                ],
                [
                  110.7488496652069,
                  37.59734607659888
                ],
                [
                  110.75790894310344,
                  37.61775916607722
                ],
                [
                  110.766968221,
                  37.63817225555555
                ],
                [
                  110.7628128847783,
                  37.644455283598354
                ],
                [
                  110.75868761829071,
                  37.65068222713361
                ],
                [
                  110.7545926264737,
                  37.65685403852856
                ],
                [
                  110.75052811426372,
                  37.66297167015045
                ],
                [
                  110.74649428659721,
                  37.669036074366524
                ],
                [
                  110.74249134841067,
                  37.67504820354403
                ],
                [
                  110.73851950464055,
                  37.68100901005022
                ],
                [
                  110.73457896022329,
                  37.68691944625231
                ],
                [
                  110.73066992009538,
                  37.69278046451757
                ],
                [
                  110.72679258919327,
                  37.698593017213234
                ],
                [
                  110.72294717245342,
                  37.70435805670655
                ],
                [
                  110.7191338748123,
                  37.710076535364756
                ],
                [
                  110.71535290120636,
                  37.7157494055551
                ],
                [
                  110.71160445657206,
                  37.72137761964483
                ],
                [
                  110.70788874584588,
                  37.72696213000117
                ],
                [
                  110.70420597396426,
                  37.73250388899139
                ],
                [
                  110.70055634586367,
                  37.738003848982714
                ],
                [
                  110.69694006648058,
                  37.743462962342406
                ],
                [
                  110.69335734075145,
                  37.748882181437686
                ],
                [
                  110.68980837361272,
                  37.754262458635814
                ],
                [
                  110.68629337000087,
                  37.75960474630403
                ],
                [
                  110.68281253485236,
                  37.76490999680958
                ],
                [
                  110.67936607310367,
                  37.770179162519696
                ],
                [
                  110.67595418969121,
                  37.77541319580164
                ],
                [
                  110.6725770895515,
                  37.78061304902265
                ],
                [
                  110.66923497762096,
                  37.78577967454996
                ],
                [
                  110.66592805883607,
                  37.79091402475082
                ],
                [
                  110.66265653813329,
                  37.79601705199247
                ],
                [
                  110.65942062044908,
                  37.801089708642166
                ],
                [
                  110.6562205107199,
                  37.80613294706714
                ],
                [
                  110.65305641388223,
                  37.81114771963465
                ],
                [
                  110.6499285348725,
                  37.81613497871192
                ],
                [
                  110.64683707862719,
                  37.821095676666204
                ],
                [
                  110.64378225008275,
                  37.82603076586475
                ],
                [
                  110.64076425417565,
                  37.8309411986748
                ],
                [
                  110.63778329584235,
                  37.83582792746359
                ],
                [
                  110.63483958001933,
                  37.84069190459837
                ],
                [
                  110.63193331164302,
                  37.845534082446385
                ],
                [
                  110.6290646956499,
                  37.85035541337487
                ],
                [
                  110.62623393697642,
                  37.85515684975108
                ],
                [
                  110.62344124055906,
                  37.85993934394226
                ],
                [
                  110.62068681133427,
                  37.86470384831564
                ],
                [
                  110.61797085423851,
                  37.86945131523848
                ],
                [
                  110.61529357420822,
                  37.87418269707801
                ],
                [
                  110.61265517617991,
                  37.87889894620149
                ],
                [
                  110.61005586509002,
                  37.88360101497614
                ],
                [
                  110.60749584587501,
                  37.88828985576923
                ],
                [
                  110.60497532347132,
                  37.892966420947985
                ],
                [
                  110.60249450281545,
                  37.89763166287966
                ],
                [
                  110.60005358884383,
                  37.90228653393149
                ],
                [
                  110.59765278649294,
                  37.906931986470724
                ],
                [
                  110.59529230069924,
                  37.91156897286461
                ],
                [
                  110.59297233639919,
                  37.91619844548038
                ],
                [
                  110.59069309852924,
                  37.92082135668529
                ],
                [
                  110.58845479202586,
                  37.92543865884657
                ],
                [
                  110.58625762182552,
                  37.930051304331485
                ],
                [
                  110.58410179286467,
                  37.93466024550726
                ],
                [
                  110.58198751007978,
                  37.93926643474114
                ],
                [
                  110.5799149784073,
                  37.943870824400385
                ],
                [
                  110.57788440278371,
                  37.948474366852224
                ],
                [
                  110.57589598814545,
                  37.9530780144639
                ],
                [
                  110.573949939429,
                  37.957682719602666
                ],
                [
                  110.5720464615708,
                  37.962289434635764
                ],
                [
                  110.57018575950734,
                  37.96689911193043
                ],
                [
                  110.56836803817507,
                  37.97151270385392
                ],
                [
                  110.56659350251044,
                  37.97613116277346
                ],
                [
                  110.56486235744993,
                  37.98075544105631
                ],
                [
                  110.56317480792997,
                  37.98538649106971
                ],
                [
                  110.56153105888706,
                  37.990025265180904
                ],
                [
                  110.55993131525763,
                  37.99467271575713
                ],
                [
                  110.55837578197817,
                  37.99932979516564
                ],
                [
                  110.55686466398512,
                  38.00399745577368
                ],
                [
                  110.55539816621496,
                  38.008676649948484
                ],
                [
                  110.55397649360413,
                  38.01336833005729
                ],
                [
                  110.5525998510891,
                  38.01807344846736
                ],
                [
                  110.55126844360635,
                  38.02279295754593
                ],
                [
                  110.54998247609231,
                  38.02752780966025
                ],
                [
                  110.54874215348346,
                  38.032278957177546
                ],
                [
                  110.54754768071626,
                  38.03704735246508
                ],
                [
                  110.54639926272716,
                  38.04183394789008
                ],
                [
                  110.54529710445266,
                  38.04663969581981
                ],
                [
                  110.54424141082917,
                  38.0514655486215
                ],
                [
                  110.54323238679318,
                  38.05631245866239
                ],
                [
                  110.54227023728114,
                  38.06118137830974
                ],
                [
                  110.54135516722954,
                  38.06607325993078
                ],
                [
                  110.5404873815748,
                  38.07098905589276
                ],
                [
                  110.53966708525341,
                  38.07592971856292
                ],
                [
                  110.53889448320183,
                  38.0808962003085
                ],
                [
                  110.5381697803565,
                  38.08588945349676
                ],
                [
                  110.5374931816539,
                  38.09091043049493
                ],
                [
                  110.5368648920305,
                  38.095960083670256
                ],
                [
                  110.53628511642273,
                  38.10103936538999
                ],
                [
                  110.53575405976709,
                  38.10614922802136
                ],
                [
                  110.535271927,
                  38.11129062393162
                ],
                [
                  110.53475442461433,
                  38.117520171789366
                ],
                [
                  110.53431503289282,
                  38.12365902779059
                ],
                [
                  110.53395306428447,
                  38.12970838858382
                ],
                [
                  110.53366783123833,
                  38.13566945081758
                ],
                [
                  110.5334586462034,
                  38.141543411140375
                ],
                [
                  110.5333248216287,
                  38.147331466200725
                ],
                [
                  110.53326566996324,
                  38.15303481264715
                ],
                [
                  110.53328050365607,
                  38.15865464712817
                ],
                [
                  110.5333686351562,
                  38.16419216629229
                ],
                [
                  110.53352937691261,
                  38.169648566788034
                ],
                [
                  110.53376204137437,
                  38.175025045263915
                ],
                [
                  110.53406594099049,
                  38.18032279836846
                ],
                [
                  110.53444038820996,
                  38.185543022750174
                ],
                [
                  110.53488469548182,
                  38.19068691505758
                ],
                [
                  110.5353981752551,
                  38.195755671939196
                ],
                [
                  110.5359801399788,
                  38.20075049004353
                ],
                [
                  110.53662990210195,
                  38.20567256601911
                ],
                [
                  110.53734677407357,
                  38.21052309651445
                ],
                [
                  110.53813006834267,
                  38.21530327817806
                ],
                [
                  110.53897909735828,
                  38.22001430765847
                ],
                [
                  110.5398931735694,
                  38.22465738160418
                ],
                [
                  110.54087160942508,
                  38.22923369666372
                ],
                [
                  110.54191371737431,
                  38.233744449485606
                ],
                [
                  110.54301880986614,
                  38.238190836718346
                ],
                [
                  110.54418619934957,
                  38.24257405501046
                ],
                [
                  110.54541519827362,
                  38.24689530101047
                ],
                [
                  110.5467051190873,
                  38.25115577136689
                ],
                [
                  110.54805527423966,
                  38.25535666272823
                ],
                [
                  110.54946497617969,
                  38.25949917174302
                ],
                [
                  110.55093353735641,
                  38.26358449505977
                ],
                [
                  110.55246027021886,
                  38.267613829327
                ],
                [
                  110.55404448721606,
                  38.27158837119322
                ],
                [
                  110.555685500797,
                  38.27550931730694
                ],
                [
                  110.55738262341073,
                  38.2793778643167
                ],
                [
                  110.55913516750624,
                  38.28319520887101
                ],
                [
                  110.56094244553259,
                  38.286962547618366
                ],
                [
                  110.56280376993877,
                  38.29068107720731
                ],
                [
                  110.56471845317378,
                  38.294351994286345
                ],
                [
                  110.5666858076867,
                  38.29797649550399
                ],
                [
                  110.5687051459265,
                  38.30155577750877
                ],
                [
                  110.5707757803422,
                  38.305091036949186
                ],
                [
                  110.57289702338285,
                  38.30858347047377
                ],
                [
                  110.57506818749745,
                  38.31203427473103
                ],
                [
                  110.57728858513502,
                  38.315444646369485
                ],
                [
                  110.57955752874459,
                  38.31881578203766
                ],
                [
                  110.58187433077516,
                  38.322148878384056
                ],
                [
                  110.58423830367576,
                  38.325445132057204
                ],
                [
                  110.58664875989543,
                  38.32870573970561
                ],
                [
                  110.58910501188313,
                  38.3319318979778
                ],
                [
                  110.59160637208795,
                  38.33512480352229
                ],
                [
                  110.59415215295888,
                  38.33828565298759
                ],
                [
                  110.59674166694492,
                  38.341415643022216
                ],
                [
                  110.59937422649513,
                  38.34451597027469
                ],
                [
                  110.60204914405848,
                  38.34758783139353
                ],
                [
                  110.60476573208403,
                  38.35063242302726
                ],
                [
                  110.60752330302078,
                  38.35365094182438
                ],
                [
                  110.61032116931777,
                  38.35664458443341
                ],
                [
                  110.61315864342399,
                  38.35961454750287
                ],
                [
                  110.61603503778848,
                  38.36256202768129
                ],
                [
                  110.61894966486025,
                  38.36548822161717
                ],
                [
                  110.62190183708833,
                  38.36839432595903
                ],
                [
                  110.62489086692172,
                  38.37128153735539
                ],
                [
                  110.62791606680946,
                  38.37415105245476
                ],
                [
                  110.63097674920056,
                  38.377004067905666
                ],
                [
                  110.63407222654403,
                  38.37984178035663
                ],
                [
                  110.63720181128892,
                  38.38266538645615
                ],
                [
                  110.64036481588421,
                  38.385476082852755
                ],
                [
                  110.64356055277895,
                  38.38827506619496
                ],
                [
                  110.64678833442215,
                  38.39106353313128
                ],
                [
                  110.65004747326283,
                  38.393842680310236
                ],
                [
                  110.65333728175,
                  38.39661370438034
                ],
                [
                  110.65665707233269,
                  38.39937780199011
                ],
                [
                  110.66000615745992,
                  38.40213616978807
                ],
                [
                  110.6633838495807,
                  38.404890004422725
                ],
                [
                  110.66678946114405,
                  38.407640502542606
                ],
                [
                  110.67022230459901,
                  38.41038886079621
                ],
                [
                  110.67368169239457,
                  38.41313627583207
                ],
                [
                  110.67716693697976,
                  38.4158839442987
                ],
                [
                  110.68067735080362,
                  38.41863306284461
                ],
                [
                  110.68421224631514,
                  38.42138482811833
                ],
                [
                  110.68777093596336,
                  38.424140436768354
                ],
                [
                  110.69135273219727,
                  38.42690108544323
                ],
                [
                  110.69495694746594,
                  38.42966797079145
                ],
                [
                  110.69858289421835,
                  38.43244228946154
                ],
                [
                  110.70222988490352,
                  38.435225238102014
                ],
                [
                  110.70589723197048,
                  38.43801801336139
                ],
                [
                  110.70958424786826,
                  38.440821811888185
                ],
                [
                  110.71329024504587,
                  38.44363783033092
                ],
                [
                  110.71701453595232,
                  38.44646726533811
                ],
                [
                  110.72075643303663,
                  38.44931131355827
                ],
                [
                  110.72451524874784,
                  38.45217117163991
                ],
                [
                  110.72829029553495,
                  38.45504803623156
                ],
                [
                  110.73208088584697,
                  38.45794310398173
                ],
                [
                  110.73588633213295,
                  38.46085757153893
                ],
                [
                  110.7397059468419,
                  38.46379263555169
                ],
                [
                  110.74353904242281,
                  38.46674949266853
                ],
                [
                  110.74738493132475,
                  38.46972933953794
                ],
                [
                  110.7512429259967,
                  38.47273337280846
                ],
                [
                  110.7551123388877,
                  38.47576278912861
                ],
                [
                  110.75899248244674,
                  38.47881878514689
                ],
                [
                  110.76288266912287,
                  38.48190255751183
                ],
                [
                  110.76678221136511,
                  38.48501530287194
                ],
                [
                  110.77069042162248,
                  38.48815821787574
                ],
                [
                  110.77460661234396,
                  38.49133249917175
                ],
                [
                  110.77853009597862,
                  38.49453934340847
                ],
                [
                  110.78246018497545,
                  38.497779947234434
                ],
                [
                  110.78639619178348,
                  38.50105550729816
                ],
                [
                  110.79033742885173,
                  38.504367220248156
                ],
                [
                  110.7942832086292,
                  38.50771628273294
                ],
                [
                  110.79823284356495,
                  38.511103891401035
                ],
                [
                  110.80218564610796,
                  38.51453124290095
                ],
                [
                  110.80614092870726,
                  38.5179995338812
                ],
                [
                  110.81009800381189,
                  38.521509960990315
                ],
                [
                  110.81405618387085,
                  38.5250637208768
                ],
                [
                  110.81801478133315,
                  38.52866201018918
                ],
                [
                  110.82197310864782,
                  38.53230602557596
                ],
                [
                  110.8259304782639,
                  38.535996963685676
                ],
                [
                  110.82988620263039,
                  38.539736021166824
                ],
                [
                  110.8338395941963,
                  38.543524394667934
                ],
                [
                  110.83778996541066,
                  38.54736328083752
                ],
                [
                  110.8417366287225,
                  38.5512538763241
                ],
                [
                  110.84567889658082,
                  38.55519737777618
                ],
                [
                  110.84961608143466,
                  38.55919498184229
                ],
                [
                  110.85354749573301,
                  38.563247885170945
                ],
                [
                  110.85747245192493,
                  38.567357284410654
                ],
                [
                  110.86139026245941,
                  38.57152437620994
                ],
                [
                  110.86530023978547,
                  38.575750357217316
                ],
                [
                  110.86920169635214,
                  38.58003642408131
                ],
                [
                  110.87309394460843,
                  38.584383773450426
                ],
                [
                  110.87697629700337,
                  38.58879360197319
                ],
                [
                  110.88084806598597,
                  38.59326710629811
                ],
                [
                  110.88470856400525,
                  38.5978054830737
                ],
                [
                  110.88855710351025,
                  38.60240992894849
                ],
                [
                  110.89239299694995,
                  38.60708164057099
                ],
                [
                  110.89621555677341,
                  38.61182181458972
                ],
                [
                  110.90002409542963,
                  38.61663164765319
                ],
                [
                  110.90381792536763,
                  38.62151233640993
                ],
                [
                  110.90759635903642,
                  38.626465077508435
                ],
                [
                  110.91135870888503,
                  38.631491067597246
                ],
                [
                  110.9151042873625,
                  38.63659150332486
                ],
                [
                  110.9188324069178,
                  38.641767581339806
                ],
                [
                  110.92254238,
                  38.6470204982906
                ],
                [
                  110.92636459614504,
                  38.65253726217919
                ],
                [
                  110.93002206678564,
                  38.657919915086396
                ],
                [
                  110.93351993732844,
                  38.66317432724762
                ],
                [
                  110.93686335318006,
                  38.66830636889826
                ],
                [
                  110.94005745974712,
                  38.67332191027372
                ],
                [
                  110.94310740243623,
                  38.67822682160943
                ],
                [
                  110.946018326654,
                  38.68302697314076
                ],
                [
                  110.94879537780707,
                  38.68772823510315
                ],
                [
                  110.95144370130207,
                  38.692336477731985
                ],
                [
                  110.95396844254559,
                  38.69685757126267
                ],
                [
                  110.95637474694426,
                  38.701297385930616
                ],
                [
                  110.95866775990471,
                  38.70566179197123
                ],
                [
                  110.96085262683356,
                  38.70995665961991
                ],
                [
                  110.96293449313742,
                  38.71418785911207
                ],
                [
                  110.96491850422291,
                  38.71836126068311
                ],
                [
                  110.96680980549665,
                  38.722482734568445
                ],
                [
                  110.96861354236528,
                  38.72655815100346
                ],
                [
                  110.97033486023538,
                  38.73059338022358
                ],
                [
                  110.9719789045136,
                  38.73459429246421
                ],
                [
                  110.97355082060658,
                  38.73856675796074
                ],
                [
                  110.97505575392088,
                  38.74251664694859
                ],
                [
                  110.97649884986316,
                  38.74644982966315
                ],
                [
                  110.97788525384004,
                  38.750372176339845
                ],
                [
                  110.97922011125814,
                  38.754289557214065
                ],
                [
                  110.98050856752407,
                  38.75820784252122
                ],
                [
                  110.98175576804445,
                  38.762132902496724
                ],
                [
                  110.9829668582259,
                  38.76607060737597
                ],
                [
                  110.98414698347504,
                  38.770026827394375
                ],
                [
                  110.9853012891985,
                  38.774007432787336
                ],
                [
                  110.98643492080289,
                  38.778018293790254
                ],
                [
                  110.98755302369483,
                  38.78206528063855
                ],
                [
                  110.98866074328095,
                  38.78615426356761
                ],
                [
                  110.98976322496785,
                  38.79029111281286
                ],
                [
                  110.99086561416217,
                  38.79448169860969
                ],
                [
                  110.99197305627052,
                  38.79873189119351
                ],
                [
                  110.99309069669953,
                  38.803047560799726
                ],
                [
                  110.99422368085581,
                  38.80743457766375
                ],
                [
                  110.99537715414598,
                  38.81189881202097
                ],
                [
                  110.99655626197666,
                  38.81644613410681
                ],
                [
                  110.99776614975448,
                  38.82108241415667
                ],
                [
                  110.99901196288604,
                  38.82581352240595
                ],
                [
                  111.00029884677798,
                  38.83064532909006
                ],
                [
                  111.00163194683691,
                  38.8355837044444
                ],
                [
                  111.00301640846945,
                  38.840634518704384
                ],
                [
                  111.00445737708222,
                  38.845803642105416
                ],
                [
                  111.00595999808185,
                  38.8510969448829
                ],
                [
                  111.00752941687495,
                  38.856520297272226
                ],
                [
                  111.00917077886814,
                  38.86207956950883
                ],
                [
                  111.01088922946803,
                  38.86778063182809
                ],
                [
                  111.01268991408128,
                  38.87362935446543
                ],
                [
                  111.01457797811446,
                  38.87963160765624
                ],
                [
                  111.01655856697421,
                  38.88579326163594
                ],
                [
                  111.01863682606715,
                  38.89212018663993
                ],
                [
                  111.02081790079991,
                  38.89861825290361
                ],
                [
                  111.0231069365791,
                  38.90529333066239
                ],
                [
                  111.02550907881134,
                  38.91215129015167
                ],
                [
                  111.02802947290326,
                  38.919198001606865
                ],
                [
                  111.03067326426145,
                  38.92643933526338
                ],
                [
                  111.03344559829256,
                  38.93388116135662
                ],
                [
                  111.03635162040321,
                  38.941529350121975
                ],
                [
                  111.03939647600001,
                  38.94938977179487
                ],
                [
                  111.0418664785535,
                  38.955634460171915
                ],
                [
                  111.04429494023773,
                  38.96163236337494
                ],
                [
                  111.04668362897353,
                  38.9673926506177
                ],
                [
                  111.04903431268173,
                  38.97292449111395
                ],
                [
                  111.05134875928319,
                  38.97823705407745
                ],
                [
                  111.05362873669873,
                  38.983339508721954
                ],
                [
                  111.05587601284918,
                  38.98824102426122
                ],
                [
                  111.0580923556554,
                  38.992950769909
                ],
                [
                  111.06027953303824,
                  38.99747791487906
                ],
                [
                  111.06243931291851,
                  39.00183162838515
                ],
                [
                  111.06457346321706,
                  39.00602107964103
                ],
                [
                  111.06668375185474,
                  39.01005543786045
                ],
                [
                  111.06877194675238,
                  39.01394387225717
                ],
                [
                  111.07083981583081,
                  39.017695552044955
                ],
                [
                  111.07288912701088,
                  39.02131964643755
                ],
                [
                  111.07492164821343,
                  39.02482532464872
                ],
                [
                  111.0769391473593,
                  39.028221755892204
                ],
                [
                  111.07894339236933,
                  39.031518109381786
                ],
                [
                  111.08093615116434,
                  39.03472355433121
                ],
                [
                  111.08291919166518,
                  39.03784725995422
                ],
                [
                  111.08489428179271,
                  39.040898395464595
                ],
                [
                  111.08686318946775,
                  39.043886130076075
                ],
                [
                  111.08882768261114,
                  39.04681963300242
                ],
                [
                  111.09078952914372,
                  39.049708073457396
                ],
                [
                  111.09275049698634,
                  39.05256062065475
                ],
                [
                  111.09471235405982,
                  39.05538644380824
                ],
                [
                  111.09667686828502,
                  39.05819471213162
                ],
                [
                  111.09864580758276,
                  39.06099459483866
                ],
                [
                  111.10062093987388,
                  39.063795261143106
                ],
                [
                  111.10260403307923,
                  39.06660588025871
                ],
                [
                  111.10459685511964,
                  39.069435621399236
                ],
                [
                  111.10660117391596,
                  39.072293653778445
                ],
                [
                  111.10861875738902,
                  39.07518914661008
                ],
                [
                  111.11065137345969,
                  39.07813126910791
                ],
                [
                  111.11270079004875,
                  39.08112919048568
                ],
                [
                  111.11476877507708,
                  39.08419207995716
                ],
                [
                  111.11685709646552,
                  39.0873291067361
                ],
                [
                  111.1189675221349,
                  39.090549440036256
                ],
                [
                  111.12110182000605,
                  39.093862249071385
                ],
                [
                  111.12326175799981,
                  39.09727670305524
                ],
                [
                  111.12544910403705,
                  39.10080197120159
                ],
                [
                  111.12766562603856,
                  39.104447222724176
                ],
                [
                  111.12991309192523,
                  39.108221626836766
                ],
                [
                  111.13219326961786,
                  39.11213435275311
                ],
                [
                  111.1345079270373,
                  39.11619456968697
                ],
                [
                  111.13685883210441,
                  39.120411446852096
                ],
                [
                  111.13924775274,
                  39.124794153462254
                ],
                [
                  111.14167645686493,
                  39.12935185873119
                ],
                [
                  111.14414671240003,
                  39.13409373187267
                ],
                [
                  111.14666028726614,
                  39.13902894210044
                ],
                [
                  111.1492189493841,
                  39.144166658628265
                ],
                [
                  111.15182446667474,
                  39.1495160506699
                ],
                [
                  111.15447860705892,
                  39.155086287439104
                ],
                [
                  111.15718313845746,
                  39.16088653814963
                ],
                [
                  111.15993982879121,
                  39.166925972015235
                ],
                [
                  111.16275044598099,
                  39.17321375824967
                ],
                [
                  111.16561675794767,
                  39.17975906606671
                ],
                [
                  111.16854053261207,
                  39.18657106468009
                ],
                [
                  111.17152353789503,
                  39.19365892330358
                ],
                [
                  111.1745675417174,
                  39.201031811150926
                ],
                [
                  111.177674312,
                  39.208698897435895
                ],
                [
                  111.17943107516767,
                  39.21330719791763
                ],
                [
                  111.18099019829248,
                  39.21787619845465
                ],
                [
                  111.1823612612071,
                  39.2224101974283
                ],
                [
                  111.18355384374426,
                  39.22691349321994
                ],
                [
                  111.18457752573663,
                  39.2313903842109
                ],
                [
                  111.18544188701689,
                  39.235845168782525
                ],
                [
                  111.18615650741775,
                  39.24028214531617
                ],
                [
                  111.18673096677189,
                  39.24470561219317
                ],
                [
                  111.18717484491201,
                  39.249119867794874
                ],
                [
                  111.18749772167078,
                  39.25352921050262
                ],
                [
                  111.18770917688093,
                  39.25793793869776
                ],
                [
                  111.18781879037512,
                  39.262350350761636
                ],
                [
                  111.18783614198604,
                  39.26677074507559
                ],
                [
                  111.1877708115464,
                  39.27120342002096
                ],
                [
                  111.18763237888889,
                  39.27565267397911
                ],
                [
                  111.1874304238462,
                  39.28012280533137
                ],
                [
                  111.187174526251,
                  39.28461811245908
                ],
                [
                  111.186874265936,
                  39.28914289374359
                ],
                [
                  111.1865392227339,
                  39.29370144756625
                ],
                [
                  111.18617897647736,
                  39.2982980723084
                ],
                [
                  111.18580310699912,
                  39.302937066351376
                ],
                [
                  111.18542119413182,
                  39.30762272807654
                ],
                [
                  111.18504281770818,
                  39.31235935586522
                ],
                [
                  111.18467755756089,
                  39.31715124809877
                ],
                [
                  111.18433499352264,
                  39.322002703158525
                ],
                [
                  111.18402470542611,
                  39.32691801942584
                ],
                [
                  111.183756273104,
                  39.331901495282054
                ],
                [
                  111.18353927638901,
                  39.33695742910851
                ],
                [
                  111.18338329511381,
                  39.34209011928655
                ],
                [
                  111.1832979091111,
                  39.34730386419753
                ],
                [
                  111.18329269821359,
                  39.35260296222278
                ],
                [
                  111.18337724225395,
                  39.35799171174366
                ],
                [
                  111.1835611210649,
                  39.363474411141496
                ],
                [
                  111.18385391447907,
                  39.36905535879765
                ],
                [
                  111.18426520232921,
                  39.374738853093454
                ],
                [
                  111.184804564448,
                  39.38052919241026
                ],
                [
                  111.18548158066811,
                  39.386430675129404
                ],
                [
                  111.18630583082226,
                  39.392447599632234
                ],
                [
                  111.18728689474311,
                  39.3985842643001
                ],
                [
                  111.18843435226337,
                  39.404844967514336
                ],
                [
                  111.18975778321574,
                  39.41123400765629
                ],
                [
                  111.1912667674329,
                  39.41775568310731
                ],
                [
                  111.19297088474752,
                  39.42441429224874
                ],
                [
                  111.19487971499233,
                  39.43121413346192
                ],
                [
                  111.197002838,
                  39.438159505128205
                ],
                [
                  111.19889013045335,
                  39.44363083031008
                ],
                [
                  111.20099289440246,
                  39.448876364680146
                ],
                [
                  111.20330441250556,
                  39.45390128439488
                ],
                [
                  111.20581796742086,
                  39.458710765610775
                ],
                [
                  111.20852684180659,
                  39.46330998448432
                ],
                [
                  111.21142431832098,
                  39.467704117171984
                ],
                [
                  111.21450367962225,
                  39.47189833983026
                ],
                [
                  111.21775820836864,
                  39.475897828615636
                ],
                [
                  111.22118118721835,
                  39.479707759684594
                ],
                [
                  111.22476589882962,
                  39.48333330919361
                ],
                [
                  111.22850562586068,
                  39.48677965329919
                ],
                [
                  111.23239365096974,
                  39.4900519681578
                ],
                [
                  111.23642325681504,
                  39.49315542992593
                ],
                [
                  111.2405877260548,
                  39.49609521476006
                ],
                [
                  111.24488034134723,
                  39.498876498816685
                ],
                [
                  111.24929438535058,
                  39.501504458252285
                ],
                [
                  111.25382314072306,
                  39.503984269223345
                ],
                [
                  111.2584598901229,
                  39.50632110788635
                ],
                [
                  111.26319791620833,
                  39.50852015039778
                ],
                [
                  111.26803050163755,
                  39.51058657291412
                ],
                [
                  111.27295092906883,
                  39.512525551591864
                ],
                [
                  111.27795248116034,
                  39.51434226258748
                ],
                [
                  111.28302844057036,
                  39.51604188205748
                ],
                [
                  111.28817208995707,
                  39.51762958615832
                ],
                [
                  111.29337671197874,
                  39.519110551046495
                ],
                [
                  111.29863558929354,
                  39.5204899528785
                ],
                [
                  111.30394200455974,
                  39.521772967810804
                ],
                [
                  111.30928924043555,
                  39.5229647719999
                ],
                [
                  111.31467057957919,
                  39.52407054160228
                ],
                [
                  111.32007930464889,
                  39.52509545277441
                ],
                [
                  111.32550869830288,
                  39.526044681672786
                ],
                [
                  111.33095204319937,
                  39.52692340445389
                ],
                [
                  111.3364026219966,
                  39.52773679727421
                ],
                [
                  111.34185371735279,
                  39.52849003629023
                ],
                [
                  111.34729861192616,
                  39.529188297658436
                ],
                [
                  111.35273058837495,
                  39.5298367575353
                ],
                [
                  111.35814292935738,
                  39.530440592077326
                ],
                [
                  111.36352891753167,
                  39.531004977440986
                ],
                [
                  111.36888183555604,
                  39.53153508978277
                ],
                [
                  111.37419496608871,
                  39.53203610525916
                ],
                [
                  111.37946159178793,
                  39.53251320002664
                ],
                [
                  111.38467499531191,
                  39.5329715502417
                ],
                [
                  111.38982845931886,
                  39.53341633206082
                ],
                [
                  111.39491526646705,
                  39.53385272164048
                ],
                [
                  111.39992869941466,
                  39.534285895137174
                ],
                [
                  111.40486204081994,
                  39.53472102870738
                ],
                [
                  111.40970857334108,
                  39.53516329850759
                ],
                [
                  111.41446157963635,
                  39.53561788069428
                ],
                [
                  111.41911434236395,
                  39.536089951423946
                ],
                [
                  111.42366014418212,
                  39.53658468685306
                ],
                [
                  111.42809226774908,
                  39.53710726313811
                ],
                [
                  111.43240399572304,
                  39.53766285643559
                ],
                [
                  111.43658861076224,
                  39.53825664290198
                ],
                [
                  111.44063939552491,
                  39.53889379869375
                ],
                [
                  111.44454963266926,
                  39.5395794999674
                ],
                [
                  111.44831260485353,
                  39.54031892287942
                ],
                [
                  111.45192159473594,
                  39.541117243586285
                ],
                [
                  111.45536988497469,
                  39.54197963824448
                ],
                [
                  111.45865075822805,
                  39.54291128301048
                ],
                [
                  111.46175749715421,
                  39.543917354040794
                ],
                [
                  111.4646833844114,
                  39.54500302749189
                ],
                [
                  111.46742170265787,
                  39.546173479520256
                ],
                [
                  111.46996573455182,
                  39.54743388628237
                ],
                [
                  111.47230876275148,
                  39.54878942393473
                ],
                [
                  111.47444406991508,
                  39.550245268633816
                ],
                [
                  111.47636493870085,
                  39.5518065965361
                ],
                [
                  111.478064651767,
                  39.55347858379809
                ],
                [
                  111.47953649177177,
                  39.55526640657625
                ],
                [
                  111.48077374137338,
                  39.557175241027075
                ],
                [
                  111.48176968323004,
                  39.559210263307044
                ],
                [
                  111.4825176,
                  39.56137664957265
                ],
                [
                  111.47661186267857,
                  39.58284278702686
                ],
                [
                  111.47070612535714,
                  39.604308924481074
                ],
                [
                  111.46480038803571,
                  39.625775061935286
                ],
                [
                  111.45889465071429,
                  39.6472411993895
                ],
                [
                  111.45298891339286,
                  39.66870733684371
                ],
                [
                  111.44708317607143,
                  39.69017347429792
                ],
                [
                  111.44117743875,
                  39.71163961175213
                ],
                [
                  111.43527170142858,
                  39.73310574920635
                ],
                [
                  111.42936596410715,
                  39.754571886660564
                ],
                [
                  111.42346022678572,
                  39.776038024114776
                ],
                [
                  111.4175544894643,
                  39.79750416156899
                ],
                [
                  111.41164875214287,
                  39.8189702990232
                ],
                [
                  111.40574301482143,
                  39.84043643647741
                ],
                [
                  111.3998372775,
                  39.86190257393162
                ],
                [
                  111.39393154017857,
                  39.883368711385835
                ],
                [
                  111.38802580285714,
                  39.904834848840046
                ],
                [
                  111.38212006553572,
                  39.92630098629426
                ],
                [
                  111.37621432821429,
                  39.94776712374848
                ],
                [
                  111.37030859089286,
                  39.96923326120269
                ],
                [
                  111.36440285357143,
                  39.9906993986569
                ],
                [
                  111.35849711625,
                  40.01216553611111
                ],
                [
                  111.35259137892857,
                  40.033631673565324
                ],
                [
                  111.34668564160714,
                  40.055097811019536
                ],
                [
                  111.34077990428571,
                  40.07656394847375
                ],
                [
                  111.33487416696428,
                  40.09803008592796
                ],
                [
                  111.32896842964286,
                  40.11949622338217
                ],
                [
                  111.32306269232143,
                  40.14096236083638
                ],
                [
                  111.317156955,
                  40.162428498290595
                ],
                [
                  111.29275339875556,
                  40.16968336537512
                ],
                [
                  111.26834984251111,
                  40.17693823245964
                ],
                [
                  111.24394628626666,
                  40.18419309954416
                ],
                [
                  111.21954273002223,
                  40.19144796662868
                ],
                [
                  111.19513917377778,
                  40.1987028337132
                ],
                [
                  111.17073561753334,
                  40.20595770079772
                ],
                [
                  111.14633206128889,
                  40.21321256788224
                ],
                [
                  111.12192850504445,
                  40.220467434966764
                ],
                [
                  111.0975249488,
                  40.22772230205128
                ],
                [
                  111.07312139255556,
                  40.2349771691358
                ],
                [
                  111.04871783631111,
                  40.24223203622032
                ],
                [
                  111.02431428006668,
                  40.24948690330484
                ],
                [
                  110.99991072382223,
                  40.25674177038936
                ],
                [
                  110.97550716757777,
                  40.26399663747388
                ],
                [
                  110.95110361133334,
                  40.27125150455841
                ],
                [
                  110.92670005508889,
                  40.278506371642926
                ],
                [
                  110.90229649884445,
                  40.285761238727446
                ],
                [
                  110.8778929426,
                  40.293016105811965
                ],
                [
                  110.85348938635556,
                  40.300270972896485
                ],
                [
                  110.82908583011111,
                  40.307525839981004
                ],
                [
                  110.80468227386667,
                  40.31478070706552
                ],
                [
                  110.78027871762222,
                  40.32203557415005
                ],
                [
                  110.75587516137779,
                  40.32929044123457
                ],
                [
                  110.73147160513334,
                  40.33654530831909
                ],
                [
                  110.70706804888889,
                  40.34380017540361
                ],
                [
                  110.68266449264445,
                  40.35105504248813
                ],
                [
                  110.6582609364,
                  40.35830990957265
                ],
                [
                  110.63385738015556,
                  40.365564776657166
                ],
                [
                  110.60945382391111,
                  40.37281964374169
                ],
                [
                  110.58505026766667,
                  40.38007451082621
                ],
                [
                  110.56064671142222,
                  40.38732937791073
                ],
                [
                  110.53624315517779,
                  40.39458424499525
                ],
                [
                  110.51183959893334,
                  40.40183911207977
                ],
                [
                  110.4874360426889,
                  40.40909397916429
                ],
                [
                  110.46303248644445,
                  40.41634884624881
                ],
                [
                  110.4386289302,
                  40.423603713333335
                ],
                [
                  110.41422537395556,
                  40.430858580417855
                ],
                [
                  110.38982181771111,
                  40.438113447502374
                ],
                [
                  110.36541826146667,
                  40.445368314586894
                ],
                [
                  110.34101470522222,
                  40.45262318167141
                ],
                [
                  110.31661114897778,
                  40.45987804875593
                ],
                [
                  110.29220759273333,
                  40.46713291584046
                ],
                [
                  110.2678040364889,
                  40.47438778292498
                ],
                [
                  110.24340048024445,
                  40.4816426500095
                ],
                [
                  110.218996924,
                  40.48889751709402
                ],
                [
                  110.21490657591525,
                  40.49183252062476
                ],
                [
                  110.21084293279002,
                  40.494771328282354
                ],
                [
                  110.20680577557965,
                  40.497713908863844
                ],
                [
                  110.20279488523956,
                  40.5006602311663
                ],
                [
                  110.1988100427251,
                  40.503610263986765
                ],
                [
                  110.19485102899168,
                  40.50656397612231
                ],
                [
                  110.19091762499467,
                  40.50952133636998
                ],
                [
                  110.18700961168946,
                  40.51248231352684
                ],
                [
                  110.18312677003142,
                  40.515446876389944
                ],
                [
                  110.17926888097595,
                  40.51841499375635
                ],
                [
                  110.17543572547844,
                  40.52138663442311
                ],
                [
                  110.17162708449423,
                  40.52436176718729
                ],
                [
                  110.16784273897875,
                  40.52734036084593
                ],
                [
                  110.16408246988736,
                  40.53032238419611
                ],
                [
                  110.16034605817546,
                  40.53330780603487
                ],
                [
                  110.1566332847984,
                  40.53629659515928
                ],
                [
                  110.1529439307116,
                  40.53928872036638
                ],
                [
                  110.14927777687043,
                  40.54228415045324
                ],
                [
                  110.14563460423025,
                  40.54528285421691
                ],
                [
                  110.14201419374649,
                  40.548284800454454
                ],
                [
                  110.13841632637448,
                  40.55128995796292
                ],
                [
                  110.13484078306965,
                  40.55429829553937
                ],
                [
                  110.13128734478735,
                  40.55730978198086
                ],
                [
                  110.12775579248299,
                  40.56032438608445
                ],
                [
                  110.12424590711191,
                  40.563342076647196
                ],
                [
                  110.12075746962955,
                  40.566362822466154
                ],
                [
                  110.11729026099125,
                  40.569386592338375
                ],
                [
                  110.11384406215242,
                  40.572413355060924
                ],
                [
                  110.11041865406843,
                  40.57544307943085
                ],
                [
                  110.10701381769465,
                  40.57847573424522
                ],
                [
                  110.10362933398648,
                  40.58151128830108
                ],
                [
                  110.10026498389931,
                  40.5845497103955
                ],
                [
                  110.0969205483885,
                  40.587590969325525
                ],
                [
                  110.09359580840945,
                  40.59063503388822
                ],
                [
                  110.09029054491755,
                  40.59368187288063
                ],
                [
                  110.08700453886816,
                  40.59673145509983
                ],
                [
                  110.08373757121667,
                  40.599783749342855
                ],
                [
                  110.08048942291849,
                  40.60283872440678
                ],
                [
                  110.07725987492896,
                  40.60589634908866
                ],
                [
                  110.07404870820349,
                  40.60895659218554
                ],
                [
                  110.07085570369746,
                  40.61201942249449
                ],
                [
                  110.06768064236626,
                  40.61508480881256
                ],
                [
                  110.06452330516525,
                  40.61815271993681
                ],
                [
                  110.06138347304983,
                  40.6212231246643
                ],
                [
                  110.05826092697538,
                  40.624295991792074
                ],
                [
                  110.05515544789728,
                  40.627371290117196
                ],
                [
                  110.05206681677092,
                  40.630448988436726
                ],
                [
                  110.04899481455169,
                  40.63352905554772
                ],
                [
                  110.04593922219495,
                  40.63661146024723
                ],
                [
                  110.04289982065609,
                  40.639696171332325
                ],
                [
                  110.0398763908905,
                  40.64278315760005
                ],
                [
                  110.03686871385356,
                  40.64587238784746
                ],
                [
                  110.03387657050067,
                  40.64896383087162
                ],
                [
                  110.03089974178718,
                  40.65205745546959
                ],
                [
                  110.02793800866849,
                  40.655153230438415
                ],
                [
                  110.02499115209999,
                  40.65825112457516
                ],
                [
                  110.02205895303705,
                  40.661351106676875
                ],
                [
                  110.01914119243506,
                  40.66445314554063
                ],
                [
                  110.01623765124941,
                  40.66755720996347
                ],
                [
                  110.01334811043547,
                  40.67066326874245
                ],
                [
                  110.01047235094863,
                  40.67377129067464
                ],
                [
                  110.00761015374428,
                  40.67688124455709
                ],
                [
                  110.00476129977778,
                  40.679993099186845
                ],
                [
                  110.00192557000453,
                  40.68310682336098
                ],
                [
                  109.99910274537991,
                  40.68622238587655
                ],
                [
                  109.99629260685931,
                  40.689339755530604
                ],
                [
                  109.9934949353981,
                  40.6924589011202
                ],
                [
                  109.99070951195168,
                  40.6955797914424
                ],
                [
                  109.98793611747543,
                  40.69870239529425
                ],
                [
                  109.9851745329247,
                  40.70182668147282
                ],
                [
                  109.98242453925492,
                  40.70495261877516
                ],
                [
                  109.97968591742145,
                  40.708080175998326
                ],
                [
                  109.97695844837966,
                  40.71120932193938
                ],
                [
                  109.97424191308497,
                  40.71434002539538
                ],
                [
                  109.97153609249273,
                  40.71747225516337
                ],
                [
                  109.96884076755833,
                  40.720605980040425
                ],
                [
                  109.96615571923715,
                  40.72374116882359
                ],
                [
                  109.9634807284846,
                  40.72687779030992
                ],
                [
                  109.96081557625604,
                  40.730015813296475
                ],
                [
                  109.95816004350685,
                  40.73315520658032
                ],
                [
                  109.95551391119243,
                  40.736295938958506
                ],
                [
                  109.95287696026813,
                  40.739437979228086
                ],
                [
                  109.95024897168938,
                  40.74258129618612
                ],
                [
                  109.94762972641152,
                  40.74572585862966
                ],
                [
                  109.94501900538997,
                  40.748871635355776
                ],
                [
                  109.94241658958008,
                  40.752018595161516
                ],
                [
                  109.93982225993726,
                  40.75516670684394
                ],
                [
                  109.93723579741686,
                  40.758315939200095
                ],
                [
                  109.9346569829743,
                  40.761466261027046
                ],
                [
                  109.93208559756495,
                  40.76461764112185
                ],
                [
                  109.92952142214419,
                  40.76777004828157
                ],
                [
                  109.92696423766739,
                  40.77092345130325
                ],
                [
                  109.92441382508996,
                  40.774077818983955
                ],
                [
                  109.92186996536726,
                  40.77723312012074
                ],
                [
                  109.91933243945469,
                  40.78038932351066
                ],
                [
                  109.91680102830762,
                  40.78354639795077
                ],
                [
                  109.91427551288145,
                  40.78670431223814
                ],
                [
                  109.91175567413154,
                  40.789863035169816
                ],
                [
                  109.90924129301328,
                  40.79302253554285
                ],
                [
                  109.90673215048207,
                  40.79618278215431
                ],
                [
                  109.90422802749328,
                  40.799343743801245
                ],
                [
                  109.90172870500228,
                  40.80250538928072
                ],
                [
                  109.89923396396448,
                  40.80566768738978
                ],
                [
                  109.89674358533524,
                  40.8088306069255
                ],
                [
                  109.89425735006996,
                  40.811994116684915
                ],
                [
                  109.89177503912401,
                  40.815158185465094
                ],
                [
                  109.88929643345278,
                  40.81832278206309
                ],
                [
                  109.88682131401167,
                  40.82148787527597
                ],
                [
                  109.88434946175602,
                  40.82465343390078
                ],
                [
                  109.88188065764125,
                  40.827819426734585
                ],
                [
                  109.87941468262274,
                  40.830985822574426
                ],
                [
                  109.87695131765585,
                  40.83415259021738
                ],
                [
                  109.87449034369598,
                  40.83731969846049
                ],
                [
                  109.8720315416985,
                  40.840487116100824
                ],
                [
                  109.86957469261883,
                  40.84365481193543
                ],
                [
                  109.86711957741231,
                  40.84682275476136
                ],
                [
                  109.86466597703433,
                  40.84999091337569
                ],
                [
                  109.8622136724403,
                  40.85315925657546
                ],
                [
                  109.85976244458558,
                  40.856327753157736
                ],
                [
                  109.85731207442556,
                  40.85949637191957
                ],
                [
                  109.85486234291562,
                  40.862665081658015
                ],
                [
                  109.85241303101114,
                  40.86583385117014
                ],
                [
                  109.84996391966752,
                  40.869002649252984
                ],
                [
                  109.84751478984012,
                  40.872171444703625
                ],
                [
                  109.84506542248434,
                  40.8753402063191
                ],
                [
                  109.84261559855555,
                  40.878508902896485
                ],
                [
                  109.84016509900916,
                  40.88167750323282
                ],
                [
                  109.8377137048005,
                  40.88484597612518
                ],
                [
                  109.83526119688501,
                  40.888014290370606
                ],
                [
                  109.83280735621804,
                  40.891182414766156
                ],
                [
                  109.83035196375499,
                  40.89435031810889
                ],
                [
                  109.82789480045123,
                  40.897517969195874
                ],
                [
                  109.82543564726215,
                  40.900685336824154
                ],
                [
                  109.82297428514313,
                  40.903852389790785
                ],
                [
                  109.82051049504956,
                  40.90701909689283
                ],
                [
                  109.81804405793682,
                  40.91018542692735
                ],
                [
                  109.81557475476029,
                  40.91335134869139
                ],
                [
                  109.81310236647533,
                  40.91651683098202
                ],
                [
                  109.81062667403737,
                  40.91968184259628
                ],
                [
                  109.80814745840176,
                  40.92284635233125
                ],
                [
                  109.8056645005239,
                  40.92601032898396
                ],
                [
                  109.80317758135917,
                  40.92917374135149
                ],
                [
                  109.80068648186294,
                  40.93233655823089
                ],
                [
                  109.7981909829906,
                  40.93549874841921
                ],
                [
                  109.79569086569755,
                  40.938660280713506
                ],
                [
                  109.79318591093914,
                  40.94182112391085
                ],
                [
                  109.79067589967079,
                  40.94498124680828
                ],
                [
                  109.78816061284785,
                  40.94814061820287
                ],
                [
                  109.78563983142571,
                  40.95129920689166
                ],
                [
                  109.78311333635978,
                  40.954456981671726
                ],
                [
                  109.78058090860542,
                  40.95761391134011
                ],
                [
                  109.778042329118,
                  40.96076996469388
                ],
                [
                  109.77549737885293,
                  40.96392511053008
                ],
                [
                  109.7729458387656,
                  40.967079317645776
                ],
                [
                  109.77038748981134,
                  40.97023255483802
                ],
                [
                  109.7678221129456,
                  40.97338479090387
                ],
                [
                  109.7652494891237,
                  40.97653599464039
                ],
                [
                  109.76266939930109,
                  40.97968613484463
                ],
                [
                  109.7600816244331,
                  40.98283518031364
                ],
                [
                  109.75748594547512,
                  40.985983099844496
                ],
                [
                  109.75488214338256,
                  40.98912986223424
                ],
                [
                  109.7522699991108,
                  40.99227543627993
                ],
                [
                  109.74964929361518,
                  40.995419790778634
                ],
                [
                  109.74701980785113,
                  40.99856289452739
                ],
                [
                  109.74438132277402,
                  41.00170471632327
                ],
                [
                  109.74173361933921,
                  41.004845224963326
                ],
                [
                  109.73907647850211,
                  41.00798438924461
                ],
                [
                  109.7364096812181,
                  41.0111221779642
                ],
                [
                  109.73373300844257,
                  41.01425855991912
                ],
                [
                  109.73104624113088,
                  41.01739350390645
                ],
                [
                  109.72834916023842,
                  41.02052697872324
                ],
                [
                  109.72564154672058,
                  41.023658953166546
                ],
                [
                  109.72292318153275,
                  41.02678939603343
                ],
                [
                  109.72019384563029,
                  41.029918276120945
                ],
                [
                  109.7174533199686,
                  41.03304556222615
                ],
                [
                  109.71470138550306,
                  41.0361712231461
                ],
                [
                  109.71193782318906,
                  41.03929522767785
                ],
                [
                  109.70916241398197,
                  41.04241754461845
                ],
                [
                  109.70637493883719,
                  41.04553814276498
                ],
                [
                  109.70357517871008,
                  41.04865699091448
                ],
                [
                  109.70076291455604,
                  41.051774057864
                ],
                [
                  109.69793792733044,
                  41.054889312410616
                ],
                [
                  109.69509999798868,
                  41.05800272335138
                ],
                [
                  109.69224890748613,
                  41.06111425948333
                ],
                [
                  109.68938443677817,
                  41.06422388960355
                ],
                [
                  109.6865063668202,
                  41.06733158250908
                ],
                [
                  109.68361447856759,
                  41.07043730699698
                ],
                [
                  109.68070855297573,
                  41.07354103186431
                ],
                [
                  109.677788371,
                  41.07664272590812
                ],
                [
                  109.67485371359578,
                  41.079742357925475
                ],
                [
                  109.67190436171846,
                  41.08283989671343
                ],
                [
                  109.66894009632341,
                  41.085935311069036
                ],
                [
                  109.66596069836602,
                  41.089028569789356
                ],
                [
                  109.66296594880168,
                  41.092119641671445
                ],
                [
                  109.65995562858578,
                  41.09520849551237
                ],
                [
                  109.65692951867368,
                  41.09829510010917
                ],
                [
                  109.65388740002078,
                  41.10137942425891
                ],
                [
                  109.65082905358244,
                  41.10446143675864
                ],
                [
                  109.64775426031407,
                  41.107541106405435
                ],
                [
                  109.64466280117105,
                  41.110618401996334
                ],
                [
                  109.64155445710875,
                  41.113693292328406
                ],
                [
                  109.63842900908256,
                  41.116765746198695
                ],
                [
                  109.63528623804785,
                  41.119835732404276
                ],
                [
                  109.63212592496004,
                  41.122903219742184
                ],
                [
                  109.62894785077447,
                  41.1259681770095
                ],
                [
                  109.62575179644655,
                  41.129030573003256
                ],
                [
                  109.62253754293164,
                  41.13209037652052
                ],
                [
                  109.61930487118516,
                  41.13514755635836
                ],
                [
                  109.61605356216246,
                  41.138202081313814
                ],
                [
                  109.61278339681893,
                  41.141253920183956
                ],
                [
                  109.60949415610996,
                  41.14430304176583
                ],
                [
                  109.60618562099093,
                  41.14734941485649
                ],
                [
                  109.60285757241722,
                  41.15039300825301
                ],
                [
                  109.59950979134422,
                  41.15343379075244
                ],
                [
                  109.59614205872731,
                  41.156471731151825
                ],
                [
                  109.59275415552186,
                  41.15950679824824
                ],
                [
                  109.58934586268329,
                  41.162538960838724
                ],
                [
                  109.58591696116693,
                  41.165568187720346
                ],
                [
                  109.5824672319282,
                  41.16859444769016
                ],
                [
                  109.57899645592249,
                  41.171617709545224
                ],
                [
                  109.57550441410515,
                  41.17463794208259
                ],
                [
                  109.57199088743158,
                  41.17765511409932
                ],
                [
                  109.56845565685717,
                  41.18066919439247
                ],
                [
                  109.56489850333729,
                  41.1836801517591
                ],
                [
                  109.56131920782734,
                  41.18668795499626
                ],
                [
                  109.55771755128269,
                  41.18969257290101
                ],
                [
                  109.55409331465872,
                  41.192693974270405
                ],
                [
                  109.55044627891083,
                  41.1956921279015
                ],
                [
                  109.54677622499437,
                  41.19868700259136
                ],
                [
                  109.54308293386477,
                  41.201678567137044
                ],
                [
                  109.53936618647737,
                  41.204666790335594
                ],
                [
                  109.53562576378758,
                  41.207651640984075
                ],
                [
                  109.53186144675077,
                  41.21063308787955
                ],
                [
                  109.52807301632232,
                  41.21361109981906
                ],
                [
                  109.52426025345763,
                  41.216585645599686
                ],
                [
                  109.52042293911207,
                  41.21955669401846
                ],
                [
                  109.51656085424102,
                  41.222524213872454
                ],
                [
                  109.51267377979988,
                  41.22548817395872
                ],
                [
                  109.50876149674401,
                  41.228448543074315
                ],
                [
                  109.50482378602882,
                  41.2314052900163
                ],
                [
                  109.50086042860967,
                  41.23435838358172
                ],
                [
                  109.49687120544195,
                  41.23730779256765
                ],
                [
                  109.49285589748105,
                  41.24025348577113
                ],
                [
                  109.48881428568234,
                  41.24319543198923
                ],
                [
                  109.48474615100122,
                  41.24613360001899
                ],
                [
                  109.48065127439305,
                  41.24906795865749
                ],
                [
                  109.47652943681325,
                  41.25199847670177
                ],
                [
                  109.47238041921716,
                  41.25492512294889
                ],
                [
                  109.46820400256019,
                  41.25784786619591
                ],
                [
                  109.46399996779772,
                  41.260766675239886
                ],
                [
                  109.45976809588511,
                  41.263681518877874
                ],
                [
                  109.45550816777778,
                  41.26659236590693
                ],
                [
                  109.45121996443109,
                  41.26949918512412
                ],
                [
                  109.44690326680043,
                  41.27240194532648
                ],
                [
                  109.44255785584117,
                  41.27530061531109
                ],
                [
                  109.43818351250872,
                  41.27819516387499
                ],
                [
                  109.43378001775844,
                  41.281085559815246
                ],
                [
                  109.42934715254572,
                  41.28397177192891
                ],
                [
                  109.42488469782595,
                  41.28685376901305
                ],
                [
                  109.4203924345545,
                  41.2897315198647
                ],
                [
                  109.41587014368676,
                  41.292604993280946
                ],
                [
                  109.4113176061781,
                  41.29547415805882
                ],
                [
                  109.40673460298393,
                  41.298338982995396
                ],
                [
                  109.40212091505961,
                  41.30119943688772
                ],
                [
                  109.39747632336055,
                  41.30405548853285
                ],
                [
                  109.3928006088421,
                  41.306907106727856
                ],
                [
                  109.38809355245965,
                  41.30975426026978
                ],
                [
                  109.38335493516861,
                  41.31259691795568
                ],
                [
                  109.37858453792434,
                  41.315435048582614
                ],
                [
                  109.37378214168221,
                  41.31826862094765
                ],
                [
                  109.36894752739764,
                  41.321097603847825
                ],
                [
                  109.36408047602598,
                  41.32392196608021
                ],
                [
                  109.35918076852263,
                  41.32674167644187
                ],
                [
                  109.35424818584298,
                  41.32955670372984
                ],
                [
                  109.3492825089424,
                  41.332367016741195
                ],
                [
                  109.34428351877625,
                  41.335172584272975
                ],
                [
                  109.33925099629997,
                  41.33797337512225
                ],
                [
                  109.33418472246889,
                  41.34076935808608
                ],
                [
                  109.32908447823841,
                  41.34356050196151
                ],
                [
                  109.32395004456393,
                  41.346346775545605
                ],
                [
                  109.31878120240083,
                  41.34912814763541
                ],
                [
                  109.31357773270447,
                  41.351904587028
                ],
                [
                  109.30833941643026,
                  41.354676062520426
                ],
                [
                  109.30306603453356,
                  41.35744254290974
                ],
                [
                  109.29775736796975,
                  41.36020399699299
                ],
                [
                  109.29241319769424,
                  41.36296039356725
                ],
                [
                  109.2870333046624,
                  41.365711701429575
                ],
                [
                  109.2816174698296,
                  41.36845788937701
                ],
                [
                  109.27616547415126,
                  41.371198926206624
                ],
                [
                  109.27067709858271,
                  41.37393478071547
                ],
                [
                  109.26515212407938,
                  41.3766654217006
                ],
                [
                  109.25959033159663,
                  41.37939081795908
                ],
                [
                  109.25399150208983,
                  41.38211093828796
                ],
                [
                  109.2483554165144,
                  41.38482575148429
                ],
                [
                  109.24268185582571,
                  41.38753522634515
                ],
                [
                  109.23697060097912,
                  41.39023933166757
                ],
                [
                  109.23122143293003,
                  41.39293803624863
                ],
                [
                  109.22543413263382,
                  41.39563130888537
                ],
                [
                  109.2196084810459,
                  41.39831911837486
                ],
                [
                  109.2137442591216,
                  41.40100143351414
                ],
                [
                  109.20784124781633,
                  41.40367822310028
                ],
                [
                  109.2018992280855,
                  41.40634945593034
                ],
                [
                  109.19591798088445,
                  41.40901510080136
                ],
                [
                  109.18989728716858,
                  41.41167512651042
                ],
                [
                  109.18383692789328,
                  41.41432950185455
                ],
                [
                  109.17773668401392,
                  41.41697819563084
                ],
                [
                  109.1715963364859,
                  41.41962117663631
                ],
                [
                  109.1654156662646,
                  41.42225841366805
                ],
                [
                  109.15919445430538,
                  41.42488987552309
                ],
                [
                  109.15293248156364,
                  41.42751553099851
                ],
                [
                  109.14662952899477,
                  41.43013534889135
                ],
                [
                  109.14028537755414,
                  41.432749297998676
                ],
                [
                  109.13389980819714,
                  41.43535734711754
                ],
                [
                  109.12747260187915,
                  41.437959465045
                ],
                [
                  109.12100353955556,
                  41.44055562057811
                ],
                [
                  109.11449240218174,
                  41.44314578251393
                ],
                [
                  109.10793897071308,
                  41.44572991964952
                ],
                [
                  109.10134302610497,
                  41.44830800078194
                ],
                [
                  109.09470434931278,
                  41.45087999470824
                ],
                [
                  109.0880227212919,
                  41.45344587022547
                ],
                [
                  109.08129792299772,
                  41.4560055961307
                ],
                [
                  109.07452973538561,
                  41.45855914122098
                ],
                [
                  109.06771793941097,
                  41.46110647429337
                ],
                [
                  109.06086231602916,
                  41.46364756414493
                ],
                [
                  109.05396264619557,
                  41.4661823795727
                ],
                [
                  109.0470187108656,
                  41.46871088937376
                ],
                [
                  109.04003029099462,
                  41.47123306234515
                ],
                [
                  109.032997167538,
                  41.47374886728394
                ],
                [
                  109.02591912145115,
                  41.476258272987174
                ],
                [
                  109.01879593368943,
                  41.47876124825192
                ],
                [
                  109.01162738520826,
                  41.48125776187523
                ],
                [
                  109.00441325696298,
                  41.483747782654156
                ],
                [
                  108.99715332990897,
                  41.486231279385755
                ],
                [
                  108.98984738500165,
                  41.488708220867096
                ],
                [
                  108.9824952031964,
                  41.491178575895226
                ],
                [
                  108.97509656544855,
                  41.49364231326721
                ],
                [
                  108.96765125271355,
                  41.49609940178009
                ],
                [
                  108.96015904594675,
                  41.49854981023094
                ],
                [
                  108.95261972610353,
                  41.50099350741681
                ],
                [
                  108.9450330741393,
                  41.503430462134745
                ],
                [
                  108.9373988710094,
                  41.50586064318182
                ],
                [
                  108.92971689766925,
                  41.50828401935508
                ],
                [
                  108.92198693507423,
                  41.51070055945159
                ],
                [
                  108.9142087641797,
                  41.51311023226841
                ],
                [
                  108.90638216594105,
                  41.51551300660258
                ],
                [
                  108.89850692131368,
                  41.51790885125117
                ],
                [
                  108.89058281125297,
                  41.52029773501124
                ],
                [
                  108.88260961671428,
                  41.52267962667983
                ],
                [
                  108.87458711865301,
                  41.52505449505402
                ],
                [
                  108.86651509802454,
                  41.52742230893085
                ],
                [
                  108.85839333578426,
                  41.52978303710738
                ],
                [
                  108.85022161288754,
                  41.53213664838067
                ],
                [
                  108.84199971028978,
                  41.53448311154777
                ],
                [
                  108.83372740894634,
                  41.53682239540575
                ],
                [
                  108.82540448981263,
                  41.539154468751654
                ],
                [
                  108.81703073384402,
                  41.54147930038255
                ],
                [
                  108.80860592199588,
                  41.54379685909549
                ],
                [
                  108.80012983522361,
                  41.54610711368752
                ],
                [
                  108.7916022544826,
                  41.548410032955715
                ],
                [
                  108.78302296072822,
                  41.55070558569712
                ],
                [
                  108.77439173491584,
                  41.5529937407088
                ],
                [
                  108.76570835800086,
                  41.5552744667878
                ],
                [
                  108.75697261093867,
                  41.55754773273119
                ],
                [
                  108.74818427468466,
                  41.55981350733602
                ],
                [
                  108.73934313019417,
                  41.562071759399345
                ],
                [
                  108.73044895842261,
                  41.564322457718234
                ],
                [
                  108.72150154032539,
                  41.566565571089725
                ],
                [
                  108.71250065685784,
                  41.56880106831089
                ],
                [
                  108.70344608897538,
                  41.57102891817878
                ],
                [
                  108.69433761763338,
                  41.57324908949045
                ],
                [
                  108.68517502378722,
                  41.57546155104296
                ],
                [
                  108.6759580883923,
                  41.577666271633376
                ],
                [
                  108.66668659240399,
                  41.57986322005873
                ],
                [
                  108.65736031677767,
                  41.582052365116105
                ],
                [
                  108.64797904246873,
                  41.58423367560255
                ],
                [
                  108.63854255043255,
                  41.58640712031511
                ],
                [
                  108.62905062162451,
                  41.58857266805086
                ],
                [
                  108.619503037,
                  41.59073028760684
                ],
                [
                  108.61567837116698,
                  41.591594969034965
                ],
                [
                  108.61184554213048,
                  41.59247030509893
                ],
                [
                  108.60800452624105,
                  41.593356128319805
                ],
                [
                  108.60415529984917,
                  41.59425227121866
                ],
                [
                  108.6002978393054,
                  41.595158566316584
                ],
                [
                  108.59643212096022,
                  41.59607484613464
                ],
                [
                  108.59255812116416,
                  41.59700094319392
                ],
                [
                  108.58867581626775,
                  41.59793669001549
                ],
                [
                  108.58478518262149,
                  41.59888191912043
                ],
                [
                  108.5808861965759,
                  41.59983646302982
                ],
                [
                  108.57697883448152,
                  41.600800154264725
                ],
                [
                  108.57306307268884,
                  41.60177282534623
                ],
                [
                  108.56913888754838,
                  41.60275430879542
                ],
                [
                  108.56520625541066,
                  41.60374443713335
                ],
                [
                  108.5612651526262,
                  41.60474304288112
                ],
                [
                  108.55731555554553,
                  41.60574995855979
                ],
                [
                  108.55335744051915,
                  41.606765016690446
                ],
                [
                  108.54939078389758,
                  41.60778804979416
                ],
                [
                  108.54541556203134,
                  41.60881889039201
                ],
                [
                  108.54143175127093,
                  41.60985737100507
                ],
                [
                  108.53743932796691,
                  41.61090332415442
                ],
                [
                  108.53343826846975,
                  41.61195658236113
                ],
                [
                  108.52942854912999,
                  41.61301697814629
                ],
                [
                  108.52541014629816,
                  41.61408434403097
                ],
                [
                  108.52138303632475,
                  41.61515851253624
                ],
                [
                  108.51734719556029,
                  41.61623931618318
                ],
                [
                  108.5133026003553,
                  41.617326587492876
                ],
                [
                  108.5092492270603,
                  41.618420158986396
                ],
                [
                  108.50518705202579,
                  41.61951986318481
                ],
                [
                  108.5011160516023,
                  41.62062553260922
                ],
                [
                  108.49703620214035,
                  41.621736999780666
                ],
                [
                  108.49294747999045,
                  41.622854097220255
                ],
                [
                  108.48884986150311,
                  41.62397665744905
                ],
                [
                  108.48474332302887,
                  41.62510451298813
                ],
                [
                  108.48062784091823,
                  41.62623749635857
                ],
                [
                  108.47650339152172,
                  41.62737544008145
                ],
                [
                  108.47236995118983,
                  41.628518176677844
                ],
                [
                  108.46822749627312,
                  41.629665538668824
                ],
                [
                  108.46407600312206,
                  41.63081735857548
                ],
                [
                  108.4599154480872,
                  41.63197346891888
                ],
                [
                  108.45574580751905,
                  41.6331337022201
                ],
                [
                  108.45156705776813,
                  41.634297891000216
                ],
                [
                  108.44737917518495,
                  41.63546586778031
                ],
                [
                  108.44318213612002,
                  41.63663746508145
                ],
                [
                  108.43897591692388,
                  41.63781251542473
                ],
                [
                  108.43476049394702,
                  41.6389908513312
                ],
                [
                  108.43053584353997,
                  41.640172305321954
                ],
                [
                  108.42630194205326,
                  41.64135670991807
                ],
                [
                  108.42205876583739,
                  41.64254389764062
                ],
                [
                  108.41780629124288,
                  41.64373370101068
                ],
                [
                  108.41354449462025,
                  41.64492595254933
                ],
                [
                  108.40927335232003,
                  41.64612048477764
                ],
                [
                  108.40499284069271,
                  41.64731713021669
                ],
                [
                  108.40070293608882,
                  41.64851572138756
                ],
                [
                  108.39640361485888,
                  41.64971609081133
                ],
                [
                  108.39209485335341,
                  41.650918071009066
                ],
                [
                  108.38777662792293,
                  41.65212149450185
                ],
                [
                  108.38344891491795,
                  41.65332619381075
                ],
                [
                  108.37911169068897,
                  41.65453200145686
                ],
                [
                  108.37476493158654,
                  41.655738749961245
                ],
                [
                  108.37040861396116,
                  41.65694627184498
                ],
                [
                  108.36604271416334,
                  41.65815439962915
                ],
                [
                  108.36166720854362,
                  41.65936296583482
                ],
                [
                  108.3572820734525,
                  41.660571802983085
                ],
                [
                  108.3528872852405,
                  41.661780743595
                ],
                [
                  108.34848282025814,
                  41.66298962019166
                ],
                [
                  108.34406865485593,
                  41.66419826529413
                ],
                [
                  108.33964476538439,
                  41.66540651142349
                ],
                [
                  108.33521112819405,
                  41.66661419110081
                ],
                [
                  108.3307677196354,
                  41.66782113684719
                ],
                [
                  108.32631451605899,
                  41.66902718118368
                ],
                [
                  108.32185149381532,
                  41.670232156631364
                ],
                [
                  108.31737862925489,
                  41.671435895711326
                ],
                [
                  108.31289589872826,
                  41.672638230944635
                ],
                [
                  108.30840327858591,
                  41.67383899485237
                ],
                [
                  108.30390074517837,
                  41.67503801995561
                ],
                [
                  108.29938827485617,
                  41.676235138775425
                ],
                [
                  108.2948658439698,
                  41.677430183832904
                ],
                [
                  108.2903334288698,
                  41.67862298764911
                ],
                [
                  108.28579100590667,
                  41.67981338274513
                ],
                [
                  108.28123855143095,
                  41.68100120164203
                ],
                [
                  108.27667604179314,
                  41.682186276860904
                ],
                [
                  108.27210345334376,
                  41.68336844092281
                ],
                [
                  108.26752076243332,
                  41.68454752634883
                ],
                [
                  108.26292794541234,
                  41.685723365660046
                ],
                [
                  108.25832497863136,
                  41.68689579137753
                ],
                [
                  108.25371183844086,
                  41.68806463602237
                ],
                [
                  108.24908850119141,
                  41.68922973211562
                ],
                [
                  108.24445494323346,
                  41.69039091217837
                ],
                [
                  108.23981114091758,
                  41.6915480087317
                ],
                [
                  108.23515707059425,
                  41.69270085429668
                ],
                [
                  108.23049270861404,
                  41.69384928139439
                ],
                [
                  108.2258180313274,
                  41.69499312254591
                ],
                [
                  108.22113301508489,
                  41.6961322102723
                ],
                [
                  108.21643763623702,
                  41.697266377094664
                ],
                [
                  108.2117318711343,
                  41.698395455534055
                ],
                [
                  108.20701569612726,
                  41.69951927811156
                ],
                [
                  108.20228908756641,
                  41.700637677348254
                ],
                [
                  108.19755202180225,
                  41.70175048576521
                ],
                [
                  108.19280447518533,
                  41.70285753588352
                ],
                [
                  108.18804642406614,
                  41.70395866022423
                ],
                [
                  108.18327784479521,
                  41.70505369130845
                ],
                [
                  108.17849871372306,
                  41.70614246165724
                ],
                [
                  108.1737090072002,
                  41.707224803791675
                ],
                [
                  108.16890870157715,
                  41.708300550232835
                ],
                [
                  108.16409777320443,
                  41.70936953350179
                ],
                [
                  108.15927619843255,
                  41.71043158611963
                ],
                [
                  108.15444395361203,
                  41.71148654060743
                ],
                [
                  108.1496010150934,
                  41.71253422948626
                ],
                [
                  108.14474735922714,
                  41.71357448527719
                ],
                [
                  108.13988296236381,
                  41.714607140501315
                ],
                [
                  108.13500780085391,
                  41.715632027679696
                ],
                [
                  108.13012185104796,
                  41.71664897933342
                ],
                [
                  108.12522508929646,
                  41.71765782798355
                ],
                [
                  108.12031749194996,
                  41.71865840615118
                ],
                [
                  108.11539903535895,
                  41.71965054635737
                ],
                [
                  108.11046969587396,
                  41.720634081123215
                ],
                [
                  108.10552944984549,
                  41.72160884296977
                ],
                [
                  108.10057827362408,
                  41.72257466441813
                ],
                [
                  108.09561614356024,
                  41.72353137798937
                ],
                [
                  108.09064303600448,
                  41.724478816204545
                ],
                [
                  108.08565892730734,
                  41.72541681158476
                ],
                [
                  108.0806637938193,
                  41.726345196651074
                ],
                [
                  108.0756576118909,
                  41.72726380392457
                ],
                [
                  108.07064035787265,
                  41.72817246592633
                ],
                [
                  108.06561200811508,
                  41.72907101517742
                ],
                [
                  108.06057253896869,
                  41.72995928419891
                ],
                [
                  108.05552192678401,
                  41.7308371055119
                ],
                [
                  108.05046014791155,
                  41.73170431163745
                ],
                [
                  108.04538717870183,
                  41.73256073509664
                ],
                [
                  108.04030299550537,
                  41.73340620841055
                ],
                [
                  108.03520757467268,
                  41.734240564100254
                ],
                [
                  108.03010089255429,
                  41.73506363468683
                ],
                [
                  108.02498292550071,
                  41.73587525269135
                ],
                [
                  108.01985364986244,
                  41.736675250634896
                ],
                [
                  108.01471304199003,
                  41.73746346103854
                ],
                [
                  108.00956107823397,
                  41.73823971642336
                ],
                [
                  108.00439773494479,
                  41.739003849310436
                ],
                [
                  107.99922298847301,
                  41.73975569222084
                ],
                [
                  107.99403681516914,
                  41.740495077675654
                ],
                [
                  107.98883919138369,
                  41.74122183819595
                ],
                [
                  107.9836300934672,
                  41.741935806302806
                ],
                [
                  107.97840949777016,
                  41.7426368145173
                ],
                [
                  107.97317738064311,
                  41.743324695360506
                ],
                [
                  107.96793371843656,
                  41.7439992813535
                ],
                [
                  107.96267848750102,
                  41.74466040501736
                ],
                [
                  107.95741166418702,
                  41.74530789887317
                ],
                [
                  107.95213322484506,
                  41.745941595442
                ],
                [
                  107.94684314582568,
                  41.74656132724492
                ],
                [
                  107.94154140347936,
                  41.74716692680302
                ],
                [
                  107.93622797415667,
                  41.74775822663736
                ],
                [
                  107.93090283420808,
                  41.74833505926903
                ],
                [
                  107.92556595998414,
                  41.748897257219106
                ],
                [
                  107.92021732783533,
                  41.74944465300866
                ],
                [
                  107.9148569141122,
                  41.749977079158775
                ],
                [
                  107.90948469516528,
                  41.750494368190516
                ],
                [
                  107.90410064734505,
                  41.750996352624966
                ],
                [
                  107.89870474700203,
                  41.75148286498321
                ],
                [
                  107.89329697048676,
                  41.75195373778631
                ],
                [
                  107.88787729414975,
                  41.752408803555355
                ],
                [
                  107.8824456943415,
                  41.75284789481141
                ],
                [
                  107.87700214741255,
                  41.75327084407556
                ],
                [
                  107.87154662971341,
                  41.75367748386888
                ],
                [
                  107.8660791175946,
                  41.75406764671244
                ],
                [
                  107.86059958740663,
                  41.75444116512733
                ],
                [
                  107.85510801550001,
                  41.754797871634615
                ],
                [
                  107.84960437822527,
                  41.755137598755375
                ],
                [
                  107.84408865193292,
                  41.75546017901069
                ],
                [
                  107.83856081297348,
                  41.755765444921636
                ],
                [
                  107.83302083769748,
                  41.75605322900928
                ],
                [
                  107.82746870245542,
                  41.75632336379471
                ],
                [
                  107.82190438359783,
                  41.756575681799006
                ],
                [
                  107.81632785747522,
                  41.75681001554323
                ],
                [
                  107.8107391004381,
                  41.75702619754846
                ],
                [
                  107.80513808883698,
                  41.757224060335794
                ],
                [
                  107.79952479902242,
                  41.75740343642628
                ],
                [
                  107.7938992073449,
                  41.75756415834101
                ],
                [
                  107.78826129015494,
                  41.757706058601066
                ],
                [
                  107.78261102380307,
                  41.75782896972751
                ],
                [
                  107.7769483846398,
                  41.75793272424143
                ],
                [
                  107.77127334901564,
                  41.7580171546639
                ],
                [
                  107.76558589328113,
                  41.75808209351599
                ],
                [
                  107.75988599378675,
                  41.758127373318786
                ],
                [
                  107.75417362688306,
                  41.75815282659335
                ],
                [
                  107.74844876892055,
                  41.75815828586078
                ],
                [
                  107.74271139624975,
                  41.75814358364214
                ],
                [
                  107.73696148522116,
                  41.7581085524585
                ],
                [
                  107.73119901218531,
                  41.75805302483096
                ],
                [
                  107.72542395349272,
                  41.757976833280566
                ],
                [
                  107.7196362854939,
                  41.75787981032842
                ],
                [
                  107.71383598453937,
                  41.757761788495586
                ],
                [
                  107.70802302697965,
                  41.75762260030314
                ],
                [
                  107.70219738916526,
                  41.75746207827216
                ],
                [
                  107.6963590474467,
                  41.75728005492373
                ],
                [
                  107.69050797817451,
                  41.75707636277892
                ],
                [
                  107.68464415769918,
                  41.75685083435881
                ],
                [
                  107.67876756237126,
                  41.756603302184466
                ],
                [
                  107.67287816854125,
                  41.75633359877698
                ],
                [
                  107.66697595255967,
                  41.75604155665742
                ],
                [
                  107.66106089077702,
                  41.75572700834687
                ],
                [
                  107.65513295954383,
                  41.755389786366386
                ],
                [
                  107.64919213521064,
                  41.75502972323707
                ],
                [
                  107.64323839412793,
                  41.75464665147999
                ],
                [
                  107.63727171264625,
                  41.754240403616215
                ],
                [
                  107.63129206711608,
                  41.753810812166826
                ],
                [
                  107.62529943388797,
                  41.75335770965291
                ],
                [
                  107.61929378931244,
                  41.75288092859552
                ],
                [
                  107.61327510973997,
                  41.752380301515764
                ],
                [
                  107.60724337152111,
                  41.751855660934694
                ],
                [
                  107.60119855100636,
                  41.75130683937339
                ],
                [
                  107.59514062454625,
                  41.75073366935294
                ],
                [
                  107.58906956849128,
                  41.75013598339441
                ],
                [
                  107.58298535919201,
                  41.74951361401888
                ],
                [
                  107.5768879729989,
                  41.74886639374743
                ],
                [
                  107.5707773862625,
                  41.74819415510113
                ],
                [
                  107.56465357533332,
                  41.747496730601064
                ],
                [
                  107.55851651656188,
                  41.7467739527683
                ],
                [
                  107.55236618629868,
                  41.74602565412392
                ],
                [
                  107.54620256089427,
                  41.745251667189
                ],
                [
                  107.54002561669915,
                  41.74445182448462
                ],
                [
                  107.53383533006382,
                  41.74362595853185
                ],
                [
                  107.52763167733883,
                  41.74277390185178
                ],
                [
                  107.52141463487467,
                  41.74189548696546
                ],
                [
                  107.51518417902187,
                  41.740990546393995
                ],
                [
                  107.50894028613097,
                  41.74005891265845
                ],
                [
                  107.50268293255243,
                  41.73910041827989
                ],
                [
                  107.49641209463681,
                  41.73811489577941
                ],
                [
                  107.49012774873462,
                  41.73710217767808
                ],
                [
                  107.48382987119638,
                  41.73606209649698
                ],
                [
                  107.47751843837258,
                  41.73499448475717
                ],
                [
                  107.47119342661378,
                  41.733899174979754
                ],
                [
                  107.46485481227047,
                  41.732775999685785
                ],
                [
                  107.45850257169317,
                  41.73162479139636
                ],
                [
                  107.4521366812324,
                  41.73044538263253
                ],
                [
                  107.44575711723868,
                  41.729237605915394
                ],
                [
                  107.43936385606253,
                  41.72800129376602
                ],
                [
                  107.43295687405445,
                  41.72673627870548
                ],
                [
                  107.42653614756499,
                  41.72544239325486
                ],
                [
                  107.42010165294462,
                  41.72411946993523
                ],
                [
                  107.41365336654391,
                  41.72276734126768
                ],
                [
                  107.40719126471333,
                  41.72138583977326
                ],
                [
                  107.40071532380342,
                  41.71997479797307
                ],
                [
                  107.39422552016471,
                  41.71853404838818
                ],
                [
                  107.3877218301477,
                  41.71706342353966
                ],
                [
                  107.3812042301029,
                  41.715562755948596
                ],
                [
                  107.37467269638084,
                  41.71403187813606
                ],
                [
                  107.36812720533203,
                  41.71247062262313
                ],
                [
                  107.361567733307,
                  41.71087882193088
                ],
                [
                  107.35499425665625,
                  41.70925630858039
                ],
                [
                  107.34840675173031,
                  41.70760291509274
                ],
                [
                  107.3418051948797,
                  41.705918473989
                ],
                [
                  107.33518956245491,
                  41.70420281779025
                ],
                [
                  107.3285598308065,
                  41.702455779017555
                ],
                [
                  107.32191597628496,
                  41.70067719019201
                ],
                [
                  107.3152579752408,
                  41.69886688383468
                ],
                [
                  107.30858580402456,
                  41.69702469246665
                ],
                [
                  107.30189943898674,
                  41.695150448608985
                ],
                [
                  107.29519885647787,
                  41.693243984782775
                ],
                [
                  107.28848403284846,
                  41.69130513350908
                ],
                [
                  107.28175494444902,
                  41.689333727309
                ],
                [
                  107.27501156763009,
                  41.687329598703585
                ],
                [
                  107.26825387874216,
                  41.68529258021393
                ],
                [
                  107.26148185413577,
                  41.68322250436111
                ],
                [
                  107.25469547016141,
                  41.68111920366619
                ],
                [
                  107.24789470316962,
                  41.678982510650265
                ],
                [
                  107.24107952951093,
                  41.67681225783439
                ],
                [
                  107.23424992553582,
                  41.67460827773966
                ],
                [
                  107.22740586759483,
                  41.67237040288715
                ],
                [
                  107.22054733203846,
                  41.67009846579792
                ],
                [
                  107.21367429521726,
                  41.66779229899306
                ],
                [
                  107.20678673348172,
                  41.665451734993646
                ],
                [
                  107.19988462318237,
                  41.66307660632075
                ],
                [
                  107.19296794066972,
                  41.660666745495455
                ],
                [
                  107.18603666229428,
                  41.658221985038836
                ],
                [
                  107.17909076440658,
                  41.65574215747196
                ],
                [
                  107.17213022335713,
                  41.65322709531592
                ],
                [
                  107.16515501549647,
                  41.650676631091784
                ],
                [
                  107.15816511717507,
                  41.648090597320625
                ],
                [
                  107.1511605047435,
                  41.64546882652352
                ],
                [
                  107.14414115455224,
                  41.64281115122156
                ],
                [
                  107.13710704295181,
                  41.6401174039358
                ],
                [
                  107.13005814629275,
                  41.63738741718733
                ],
                [
                  107.12299444092557,
                  41.634621023497225
                ],
                [
                  107.11591590320077,
                  41.63181805538656
                ],
                [
                  107.10882250946888,
                  41.62897834537641
                ],
                [
                  107.10171423608043,
                  41.62610172598785
                ],
                [
                  107.09459105938589,
                  41.62318802974197
                ],
                [
                  107.08745295573584,
                  41.62023708915983
                ],
                [
                  107.08029990148076,
                  41.61724873676252
                ],
                [
                  107.07313187297117,
                  41.6142228050711
                ],
                [
                  107.06594884655759,
                  41.611159126606665
                ],
                [
                  107.05875079859055,
                  41.60805753389028
                ],
                [
                  107.05153770542054,
                  41.60491785944303
                ],
                [
                  107.0443095433981,
                  41.60173993578598
                ],
                [
                  107.03706628887375,
                  41.59852359544021
                ],
                [
                  107.02980791819799,
                  41.595268670926814
                ],
                [
                  107.02253440772134,
                  41.591974994766844
                ],
                [
                  107.01524573379433,
                  41.58864239948139
                ],
                [
                  107.00794187276746,
                  41.58527071759153
                ],
                [
                  107.00062280099127,
                  41.58185978161833
                ],
                [
                  106.99328849481626,
                  41.57840942408287
                ],
                [
                  106.98593893059295,
                  41.574919477506235
                ],
                [
                  106.97857408467185,
                  41.57138977440949
                ],
                [
                  106.9711939334035,
                  41.567820147313725
                ],
                [
                  106.9637984531384,
                  41.564210428740004
                ],
                [
                  106.95638762022706,
                  41.56056045120942
                ],
                [
                  106.94896141102001,
                  41.556870047243024
                ],
                [
                  106.94151980186777,
                  41.55313904936192
                ],
                [
                  106.93406276912084,
                  41.54936729008716
                ],
                [
                  106.92659028912976,
                  41.54555460193984
                ],
                [
                  106.91910233824504,
                  41.54170081744103
                ],
                [
                  106.91159889281718,
                  41.537805769111806
                ],
                [
                  106.90407992919671,
                  41.53386928947324
                ],
                [
                  106.89654542373415,
                  41.52989121104641
                ],
                [
                  106.88899535278003,
                  41.525871366352405
                ],
                [
                  106.88142969268485,
                  41.52180958791229
                ],
                [
                  106.87384841979912,
                  41.51770570824714
                ],
                [
                  106.86625151047336,
                  41.51355955987804
                ],
                [
                  106.8586389410581,
                  41.50937097532606
                ],
                [
                  106.85101068790385,
                  41.50513978711228
                ],
                [
                  106.84336672736113,
                  41.50086582775777
                ],
                [
                  106.83570703578046,
                  41.496548929783614
                ],
                [
                  106.82803158951235,
                  41.49218892571089
                ],
                [
                  106.82034036490731,
                  41.48778564806067
                ],
                [
                  106.81263333831588,
                  41.483338929354034
                ],
                [
                  106.80491048608856,
                  41.47884860211205
                ],
                [
                  106.79717178457587,
                  41.474314498855804
                ],
                [
                  106.78941721012833,
                  41.469736452106375
                ],
                [
                  106.78164673909646,
                  41.465114294384826
                ],
                [
                  106.77386034783076,
                  41.46044785821225
                ],
                [
                  106.76605801268177,
                  41.45573697610971
                ],
                [
                  106.75823971,
                  41.45098148059829
                ],
                [
                  106.7529182018515,
                  41.44771218445074
                ],
                [
                  106.74760143697765,
                  41.444404767797934
                ],
                [
                  106.74228946440962,
                  41.44105947758983
                ],
                [
                  106.7369823331786,
                  41.437676560776374
                ],
                [
                  106.73168009231577,
                  41.43425626430752
                ],
                [
                  106.72638279085228,
                  41.430798835133224
                ],
                [
                  106.72109047781935,
                  41.427304520203435
                ],
                [
                  106.71580320224811,
                  41.42377356646811
                ],
                [
                  106.71052101316975,
                  41.42020622087718
                ],
                [
                  106.70524395961547,
                  41.41660273038063
                ],
                [
                  106.69997209061643,
                  41.412963341928396
                ],
                [
                  106.69470545520379,
                  41.40928830247043
                ],
                [
                  106.68944410240874,
                  41.40557785895668
                ],
                [
                  106.68418808126246,
                  41.40183225833711
                ],
                [
                  106.67893744079613,
                  41.39805174756166
                ],
                [
                  106.67369223004091,
                  41.394236573580294
                ],
                [
                  106.668452498028,
                  41.39038698334296
                ],
                [
                  106.66321829378855,
                  41.3865032237996
                ],
                [
                  106.65798966635376,
                  41.382585541900184
                ],
                [
                  106.65276666475478,
                  41.37863418459465
                ],
                [
                  106.6475493380228,
                  41.37464939883296
                ],
                [
                  106.642337735189,
                  41.37063143156506
                ],
                [
                  106.63713190528456,
                  41.3665805297409
                ],
                [
                  106.63193189734064,
                  41.36249694031044
                ],
                [
                  106.62673776038842,
                  41.35838091022363
                ],
                [
                  106.6215495434591,
                  41.35423268643042
                ],
                [
                  106.61636729558383,
                  41.35005251588077
                ],
                [
                  106.61119106579379,
                  41.34584064552462
                ],
                [
                  106.60602090312015,
                  41.34159732231193
                ],
                [
                  106.6008568565941,
                  41.33732279319265
                ],
                [
                  106.59569897524683,
                  41.333017305116734
                ],
                [
                  106.59054730810949,
                  41.32868110503413
                ],
                [
                  106.58540190421326,
                  41.3243144398948
                ],
                [
                  106.58026281258932,
                  41.31991755664868
                ],
                [
                  106.57513008226886,
                  41.31549070224574
                ],
                [
                  106.57000376228302,
                  41.31103412363592
                ],
                [
                  106.56488390166301,
                  41.306548067769185
                ],
                [
                  106.55977054944,
                  41.30203278159547
                ],
                [
                  106.55466375464516,
                  41.29748851206474
                ],
                [
                  106.54956356630967,
                  41.292915506126946
                ],
                [
                  106.5444700334647,
                  41.28831401073203
                ],
                [
                  106.53938320514143,
                  41.28368427282996
                ],
                [
                  106.53430313037104,
                  41.279026539370676
                ],
                [
                  106.52922985818469,
                  41.27434105730414
                ],
                [
                  106.5241634376136,
                  41.26962807358029
                ],
                [
                  106.51910391768888,
                  41.264887835149096
                ],
                [
                  106.51405134744176,
                  41.260120588960504
                ],
                [
                  106.50900577590339,
                  41.25532658196446
                ],
                [
                  106.50396725210496,
                  41.25050606111092
                ],
                [
                  106.49893582507764,
                  41.24565927334984
                ],
                [
                  106.4939115438526,
                  41.24078646563116
                ],
                [
                  106.48889445746103,
                  41.23588788490485
                ],
                [
                  106.48388461493408,
                  41.23096377812085
                ],
                [
                  106.47888206530297,
                  41.22601439222912
                ],
                [
                  106.47388685759884,
                  41.221039974179604
                ],
                [
                  106.46889904085288,
                  41.21604077092226
                ],
                [
                  106.46391866409625,
                  41.21101702940704
                ],
                [
                  106.45894577636015,
                  41.2059689965839
                ],
                [
                  106.45398042667574,
                  41.20089691940278
                ],
                [
                  106.4490226640742,
                  41.19580104481364
                ],
                [
                  106.44407253758672,
                  41.19068161976643
                ],
                [
                  106.43913009624447,
                  41.18553889121111
                ],
                [
                  106.4341953890786,
                  41.180373106097626
                ],
                [
                  106.42926846512032,
                  41.17518451137593
                ],
                [
                  106.42434937340079,
                  41.16997335399598
                ],
                [
                  106.41943816295118,
                  41.16473988090772
                ],
                [
                  106.41453488280268,
                  41.1594843390611
                ],
                [
                  106.40963958198647,
                  41.15420697540609
                ],
                [
                  106.4047523095337,
                  41.14890803689262
                ],
                [
                  106.39987311447558,
                  41.14358777047066
                ],
                [
                  106.39500204584327,
                  41.13824642309015
                ],
                [
                  106.39013915266794,
                  41.132884241701056
                ],
                [
                  106.38528448398077,
                  41.12750147325331
                ],
                [
                  106.38043808881294,
                  41.12209836469689
                ],
                [
                  106.37560001619562,
                  41.11667516298172
                ],
                [
                  106.37077031516,
                  41.111232115057774
                ],
                [
                  106.36594903473724,
                  41.105769467875
                ],
                [
                  106.36113622395854,
                  41.10028746838334
                ],
                [
                  106.35633193185504,
                  41.09478636353276
                ],
                [
                  106.35153620745794,
                  41.08926640027321
                ],
                [
                  106.34674909979842,
                  41.08372782555463
                ],
                [
                  106.34197065790764,
                  41.07817088632699
                ],
                [
                  106.33720093081678,
                  41.07259582954022
                ],
                [
                  106.33243996755702,
                  41.06700290214429
                ],
                [
                  106.32768781715956,
                  41.06139235108915
                ],
                [
                  106.32294452865553,
                  41.055764423324746
                ],
                [
                  106.31821015107613,
                  41.05011936580104
                ],
                [
                  106.31348473345254,
                  41.044457425467975
                ],
                [
                  106.30876832481593,
                  41.03877884927551
                ],
                [
                  106.30406097419748,
                  41.03308388417359
                ],
                [
                  106.29936273062836,
                  41.02737277711217
                ],
                [
                  106.29467364313976,
                  41.02164577504121
                ],
                [
                  106.28999376076283,
                  41.01590312491065
                ],
                [
                  106.28532313252877,
                  41.01014507367046
                ],
                [
                  106.28066180746875,
                  41.00437186827057
                ],
                [
                  106.27600983461394,
                  40.99858375566094
                ],
                [
                  106.27136726299553,
                  40.99278098279153
                ],
                [
                  106.26673414164468,
                  40.98696379661229
                ],
                [
                  106.26211051959258,
                  40.98113244407317
                ],
                [
                  106.25749644587039,
                  40.97528717212412
                ],
                [
                  106.2528919695093,
                  40.96942822771509
                ],
                [
                  106.24829713954048,
                  40.963555857796045
                ],
                [
                  106.2437120049951,
                  40.957670309316924
                ],
                [
                  106.23913661490437,
                  40.95177182922768
                ],
                [
                  106.23457101829942,
                  40.94586066447828
                ],
                [
                  106.23001526421146,
                  40.939937062018664
                ],
                [
                  106.22546940167163,
                  40.93400126879878
                ],
                [
                  106.22093347971115,
                  40.92805353176859
                ],
                [
                  106.21640754736117,
                  40.922094097878045
                ],
                [
                  106.21189165365287,
                  40.916123214077096
                ],
                [
                  106.20738584761742,
                  40.91014112731569
                ],
                [
                  106.20289017828601,
                  40.90414808454379
                ],
                [
                  106.19840469468981,
                  40.89814433271134
                ],
                [
                  106.19392944586,
                  40.89213011876829
                ],
                [
                  106.18946448082775,
                  40.8861056896646
                ],
                [
                  106.18500984862423,
                  40.88007129235022
                ],
                [
                  106.18056559828064,
                  40.8740271737751
                ],
                [
                  106.17613177882814,
                  40.86797358088919
                ],
                [
                  106.17170843929789,
                  40.86191076064246
                ],
                [
                  106.16729562872109,
                  40.85583895998484
                ],
                [
                  106.16289339612892,
                  40.849758425866284
                ],
                [
                  106.15850179055253,
                  40.84366940523676
                ],
                [
                  106.15412086102313,
                  40.8375721450462
                ],
                [
                  106.14975065657187,
                  40.83146689224458
                ],
                [
                  106.14539122622993,
                  40.82535389378184
                ],
                [
                  106.1410426190285,
                  40.81923339660793
                ],
                [
                  106.13670488399873,
                  40.8131056476728
                ],
                [
                  106.13237807017182,
                  40.806970893926405
                ],
                [
                  106.12806222657895,
                  40.8008293823187
                ],
                [
                  106.12375740225127,
                  40.79468135979965
                ],
                [
                  106.11946364621998,
                  40.78852707331918
                ],
                [
                  106.11518100751626,
                  40.782366769827256
                ],
                [
                  106.11090953517125,
                  40.77620069627383
                ],
                [
                  106.10664927821617,
                  40.77002909960886
                ],
                [
                  106.10240028568215,
                  40.7638522267823
                ],
                [
                  106.09816260660041,
                  40.75767032474408
                ],
                [
                  106.09393629000212,
                  40.75148364044418
                ],
                [
                  106.08972138491842,
                  40.745292420832534
                ],
                [
                  106.08551794038053,
                  40.7390969128591
                ],
                [
                  106.0813260054196,
                  40.73289736347383
                ],
                [
                  106.0771456290668,
                  40.72669401962668
                ],
                [
                  106.07297686035334,
                  40.7204871282676
                ],
                [
                  106.06881974831037,
                  40.714276936346536
                ],
                [
                  106.06467434196907,
                  40.70806369081345
                ],
                [
                  106.06054069036061,
                  40.70184763861829
                ],
                [
                  106.0564188425162,
                  40.695629026711
                ],
                [
                  106.05230884746696,
                  40.689408102041554
                ],
                [
                  106.04821075424411,
                  40.68318511155989
                ],
                [
                  106.04412461187881,
                  40.67696030221595
                ],
                [
                  106.04005046940225,
                  40.670733920959705
                ],
                [
                  106.03598837584558,
                  40.6645062147411
                ],
                [
                  106.03193838024,
                  40.65827743051008
                ],
                [
                  106.02790053161668,
                  40.65204781521662
                ],
                [
                  106.02387487900678,
                  40.64581761581064
                ],
                [
                  106.0198614714415,
                  40.63958707924212
                ],
                [
                  106.01586035795201,
                  40.633356452461
                ],
                [
                  106.01187158756947,
                  40.62712598241723
                ],
                [
                  106.00789520932508,
                  40.62089591606077
                ],
                [
                  106.00393127225001,
                  40.61466650034156
                ],
                [
                  105.99997982537542,
                  40.60843798220957
                ],
                [
                  105.9960409177325,
                  40.60221060861475
                ],
                [
                  105.99211459835243,
                  40.59598462650703
                ],
                [
                  105.98820091626636,
                  40.58976028283639
                ],
                [
                  105.9842999205055,
                  40.58353782455276
                ],
                [
                  105.98041166010101,
                  40.57731749860611
                ],
                [
                  105.97653618408407,
                  40.571099551946375
                ],
                [
                  105.97267354148586,
                  40.56488423152352
                ],
                [
                  105.96882378133753,
                  40.5586717842875
                ],
                [
                  105.9649869526703,
                  40.552462457188255
                ],
                [
                  105.96116310451531,
                  40.54625649717575
                ],
                [
                  105.95735228590375,
                  40.540054151199925
                ],
                [
                  105.9535545458668,
                  40.53385566621074
                ],
                [
                  105.94976993343563,
                  40.52766128915815
                ],
                [
                  105.94599849764141,
                  40.5214712669921
                ],
                [
                  105.94224028751533,
                  40.51528584666254
                ],
                [
                  105.93849535208857,
                  40.50910527511944
                ],
                [
                  105.93476374039228,
                  40.50292979931273
                ],
                [
                  105.93104550145766,
                  40.496759666192375
                ],
                [
                  105.92734068431588,
                  40.49059512270833
                ],
                [
                  105.9236493379981,
                  40.484436415810535
                ],
                [
                  105.91997151153552,
                  40.47828379244895
                ],
                [
                  105.91630725395932,
                  40.47213749957353
                ],
                [
                  105.91265661430066,
                  40.46599778413422
                ],
                [
                  105.9090196415907,
                  40.459864893080976
                ],
                [
                  105.90539638486065,
                  40.45373907336375
                ],
                [
                  105.90178689314168,
                  40.4476205719325
                ],
                [
                  105.89819121546495,
                  40.44150963573717
                ],
                [
                  105.89460940086164,
                  40.43540651172771
                ],
                [
                  105.89104149836294,
                  40.429311446854086
                ],
                [
                  105.887487557,
                  40.42322468806624
                ],
                [
                  105.88394762580403,
                  40.41714648231412
                ],
                [
                  105.88042175380617,
                  40.41107707654769
                ],
                [
                  105.87690999003763,
                  40.405016717716904
                ],
                [
                  105.87341238352957,
                  40.39896565277169
                ],
                [
                  105.86992898331317,
                  40.39292412866203
                ],
                [
                  105.8664598384196,
                  40.38689239233786
                ],
                [
                  105.86300499788004,
                  40.38087069074914
                ],
                [
                  105.85956451072568,
                  40.37485927084582
                ],
                [
                  105.85613842598767,
                  40.368858379577844
                ],
                [
                  105.85272679269718,
                  40.36286826389517
                ],
                [
                  105.84932965988543,
                  40.35688917074776
                ],
                [
                  105.84594707658357,
                  40.35092134708555
                ],
                [
                  105.84257909182277,
                  40.34496503985851
                ],
                [
                  105.83922575463421,
                  40.33902049601657
                ],
                [
                  105.83588711404907,
                  40.3330879625097
                ],
                [
                  105.83256321909853,
                  40.32716768628785
                ],
                [
                  105.82925411881376,
                  40.32125991430097
                ],
                [
                  105.82595986222594,
                  40.315364893499
                ],
                [
                  105.82268049836625,
                  40.309482870831914
                ],
                [
                  105.81941607626585,
                  40.30361409324965
                ],
                [
                  105.81616664495594,
                  40.29775880770217
                ],
                [
                  105.81293225346766,
                  40.29191726113941
                ],
                [
                  105.80971295083224,
                  40.28608970051134
                ],
                [
                  105.8065087860808,
                  40.28027637276791
                ],
                [
                  105.80331980824455,
                  40.27447752485906
                ],
                [
                  105.80014606635467,
                  40.26869340373475
                ],
                [
                  105.79698760944231,
                  40.26292425634494
                ],
                [
                  105.79384448653866,
                  40.25717032963957
                ],
                [
                  105.7907167466749,
                  40.251431870568595
                ],
                [
                  105.7876044388822,
                  40.24570912608197
                ],
                [
                  105.78450761219175,
                  40.240002343129646
                ],
                [
                  105.78142631563469,
                  40.23431176866158
                ],
                [
                  105.77836059824224,
                  40.228637649627714
                ],
                [
                  105.77531050904555,
                  40.22298023297801
                ],
                [
                  105.7722760970758,
                  40.21733976566242
                ],
                [
                  105.76925741136418,
                  40.21171649463089
                ],
                [
                  105.76625450094186,
                  40.206110666833375
                ],
                [
                  105.76326741484,
                  40.200522529219825
                ],
                [
                  105.76029620208979,
                  40.1949523287402
                ],
                [
                  105.75734091172241,
                  40.189400312344446
                ],
                [
                  105.75440159276903,
                  40.183866726982515
                ],
                [
                  105.75147829426082,
                  40.178351819604366
                ],
                [
                  105.74857106522897,
                  40.17285583715994
                ],
                [
                  105.74567995470464,
                  40.1673790265992
                ],
                [
                  105.74280501171903,
                  40.16192163487209
                ],
                [
                  105.73994628530329,
                  40.15648390892857
                ],
                [
                  105.73710382448861,
                  40.15106609571858
                ],
                [
                  105.73427767830616,
                  40.14566844219209
                ],
                [
                  105.73146789578713,
                  40.14029119529904
                ],
                [
                  105.72867452596267,
                  40.134934601989386
                ],
                [
                  105.72589761786399,
                  40.12959890921308
                ],
                [
                  105.72313722052225,
                  40.124284363920076
                ],
                [
                  105.72039338296861,
                  40.11899121306032
                ],
                [
                  105.71766615423427,
                  40.11371970358377
                ],
                [
                  105.71495558335039,
                  40.10847008244038
                ],
                [
                  105.71226171934816,
                  40.103242596580095
                ],
                [
                  105.70958461125875,
                  40.09803749295288
                ],
                [
                  105.70692430811333,
                  40.092855018508665
                ],
                [
                  105.7042808589431,
                  40.08769542019743
                ],
                [
                  105.7016543127792,
                  40.0825589449691
                ],
                [
                  105.69904471865283,
                  40.077445839773645
                ],
                [
                  105.69645212559516,
                  40.07235635156102
                ],
                [
                  105.69387658263736,
                  40.06729072728117
                ],
                [
                  105.69131813881062,
                  40.06224921388404
                ],
                [
                  105.68877684314612,
                  40.05723205831959
                ],
                [
                  105.686252744675,
                  40.05223950753778
                ],
                [
                  105.68374589242848,
                  40.04727180848855
                ],
                [
                  105.68125633543771,
                  40.042329208121856
                ],
                [
                  105.67878412273387,
                  40.037411953387654
                ],
                [
                  105.67632930334815,
                  40.0325202912359
                ],
                [
                  105.67389192631173,
                  40.027654468616525
                ],
                [
                  105.67147204065574,
                  40.02281473247951
                ],
                [
                  105.66906969541141,
                  40.01800132977478
                ],
                [
                  105.6666849396099,
                  40.01321450745231
                ],
                [
                  105.66431782228236,
                  40.008454512462045
                ],
                [
                  105.66196839246,
                  40.00372159175393
                ],
                [
                  105.65963669917399,
                  39.999015992277926
                ],
                [
                  105.65732279145548,
                  39.994337960983984
                ],
                [
                  105.65502671833568,
                  39.98968774482205
                ],
                [
                  105.65274852884575,
                  39.98506559074208
                ],
                [
                  105.65048827201687,
                  39.980471745694025
                ],
                [
                  105.6482459968802,
                  39.97590645662785
                ],
                [
                  105.64602175246695,
                  39.971369970493484
                ],
                [
                  105.64381558780828,
                  39.9668625342409
                ],
                [
                  105.64162755193534,
                  39.96238439482004
                ],
                [
                  105.63945769387935,
                  39.95793579918086
                ],
                [
                  105.63730606267146,
                  39.95351699427331
                ],
                [
                  105.63517270734285,
                  39.94912822704734
                ],
                [
                  105.6330576769247,
                  39.944769744452906
                ],
                [
                  105.63096102044817,
                  39.94044179343996
                ],
                [
                  105.62888278694446,
                  39.93614462095846
                ],
                [
                  105.62682302544474,
                  39.93187847395834
                ],
                [
                  105.62478178498017,
                  39.927643599389576
                ],
                [
                  105.62275911458195,
                  39.923440244202105
                ],
                [
                  105.62075506328125,
                  39.91926865534589
                ],
                [
                  105.61876968010924,
                  39.915129079770864
                ],
                [
                  105.61680301409709,
                  39.911021764427005
                ],
                [
                  105.61485511427598,
                  39.90694695626424
                ],
                [
                  105.6129260296771,
                  39.90290490223254
                ],
                [
                  105.6110158093316,
                  39.89889584928185
                ],
                [
                  105.60912450227069,
                  39.894920044362124
                ],
                [
                  105.60725215752552,
                  39.890977734423316
                ],
                [
                  105.60539882412728,
                  39.88706916641537
                ],
                [
                  105.60356455110714,
                  39.883194587288244
                ],
                [
                  105.60174938749627,
                  39.8793542439919
                ],
                [
                  105.59995338232585,
                  39.87554838347627
                ],
                [
                  105.59817658462707,
                  39.87177725269132
                ],
                [
                  105.5964190434311,
                  39.868041098587
                ],
                [
                  105.5946808077691,
                  39.86434016811326
                ],
                [
                  105.59296192667226,
                  39.86067470822005
                ],
                [
                  105.59126244917175,
                  39.85704496585734
                ],
                [
                  105.58958242429875,
                  39.85345118797506
                ],
                [
                  105.58792190108444,
                  39.84989362152317
                ],
                [
                  105.58628092856,
                  39.84637251345163
                ],
                [
                  105.58465955575659,
                  39.842888110710376
                ],
                [
                  105.5830578317054,
                  39.83944066024937
                ],
                [
                  105.5814758054376,
                  39.83603040901857
                ],
                [
                  105.57991352598437,
                  39.83265760396792
                ],
                [
                  105.57855123612647,
                  39.82971210158316
                ]
              ],
              [
                [
                  105.54724670121372,
                  39.439899074303085
                ],
                [
                  105.54754720975392,
                  39.43633736602824
                ],
                [
                  105.54811766631708,
                  39.42954362648459
                ],
                [
                  105.54868464344935,
                  39.42275812883514
                ],
                [
                  105.5492481016124,
                  39.415980878926256
                ],
                [
                  105.54980800126792,
                  39.409211882604296
                ],
                [
                  105.55036430287761,
                  39.40245114571563
                ],
                [
                  105.55091696690315,
                  39.39569867410661
                ],
                [
                  105.55146595380621,
                  39.38895447362362
                ],
                [
                  105.55201122404851,
                  39.38221855011301
                ],
                [
                  105.55255273809172,
                  39.375490909421146
                ],
                [
                  105.55309045639754,
                  39.368771557394396
                ],
                [
                  105.55362433942766,
                  39.36206049987912
                ],
                [
                  105.55415434764375,
                  39.35535774272168
                ],
                [
                  105.55468044150751,
                  39.34866329176845
                ],
                [
                  105.55520258148063,
                  39.34197715286579
                ],
                [
                  105.5557207280248,
                  39.33529933186006
                ],
                [
                  105.55623484160171,
                  39.32862983459762
                ],
                [
                  105.55674488267304,
                  39.321968666924846
                ],
                [
                  105.55725081170048,
                  39.3153158346881
                ],
                [
                  105.55775258914572,
                  39.308671343733735
                ],
                [
                  105.55825017547046,
                  39.30203519990813
                ],
                [
                  105.55874353113639,
                  39.295407409057646
                ],
                [
                  105.55923261660517,
                  39.28878797702863
                ],
                [
                  105.55971739233851,
                  39.28217690966748
                ],
                [
                  105.5601978187981,
                  39.27557421282052
                ],
                [
                  105.56067385644562,
                  39.268979892334144
                ],
                [
                  105.56114546574275,
                  39.26239395405471
                ],
                [
                  105.56161260715122,
                  39.25581640382857
                ],
                [
                  105.56207524113267,
                  39.2492472475021
                ],
                [
                  105.56253332814882,
                  39.242686490921656
                ],
                [
                  105.56298682866134,
                  39.23613413993361
                ],
                [
                  105.56343570313193,
                  39.22959020038432
                ],
                [
                  105.56387991202227,
                  39.223054678120164
                ],
                [
                  105.56431941579405,
                  39.21652757898749
                ],
                [
                  105.56475417490897,
                  39.21000890883266
                ],
                [
                  105.56518414982871,
                  39.203498673502054
                ],
                [
                  105.56560930101496,
                  39.19699687884202
                ],
                [
                  105.5660295889294,
                  39.19050353069894
                ],
                [
                  105.56644497403373,
                  39.18401863491916
                ],
                [
                  105.56685541678964,
                  39.177542197349055
                ],
                [
                  105.56726087765881,
                  39.171074223834985
                ],
                [
                  105.56766131710293,
                  39.16461472022332
                ],
                [
                  105.56805669558369,
                  39.15816369236042
                ],
                [
                  105.56844697356279,
                  39.15172114609264
                ],
                [
                  105.56883211150189,
                  39.14528708726636
                ],
                [
                  105.56921206986271,
                  39.13886152172793
                ],
                [
                  105.56958680910692,
                  39.13244445532373
                ],
                [
                  105.56995628969622,
                  39.12603589390011
                ],
                [
                  105.57032047209229,
                  39.11963584330345
                ],
                [
                  105.57067931675682,
                  39.11324430938009
                ],
                [
                  105.57103278415151,
                  39.106861297976415
                ],
                [
                  105.57138083473804,
                  39.10048681493878
                ],
                [
                  105.57172342897809,
                  39.094120866113556
                ],
                [
                  105.57206052733335,
                  39.087763457347094
                ],
                [
                  105.57239209026552,
                  39.08141459448577
                ],
                [
                  105.57271807823628,
                  39.07507428337595
                ],
                [
                  105.57303845170733,
                  39.06874252986399
                ],
                [
                  105.57335317114034,
                  39.06241933979625
                ],
                [
                  105.57366219699702,
                  39.05610471901911
                ],
                [
                  105.57396548973904,
                  39.04979867337892
                ],
                [
                  105.5742630098281,
                  39.043501208722056
                ],
                [
                  105.57455471772589,
                  39.03721233089487
                ],
                [
                  105.57484057389408,
                  39.03093204574373
                ],
                [
                  105.5751205387944,
                  39.02466035911501
                ],
                [
                  105.57539457288848,
                  39.01839727685506
                ],
                [
                  105.57566263663806,
                  39.01214280481025
                ],
                [
                  105.57592469050479,
                  39.00589694882695
                ],
                [
                  105.5761806949504,
                  38.999659714751516
                ],
                [
                  105.57643061043655,
                  38.993431108430315
                ],
                [
                  105.57667439742492,
                  38.98721113570971
                ],
                [
                  105.57691201637722,
                  38.98099980243606
                ],
                [
                  105.57714342775515,
                  38.97479711445574
                ],
                [
                  105.57736859202035,
                  38.968603077615114
                ],
                [
                  105.57758746963455,
                  38.962417697760536
                ],
                [
                  105.57780002105945,
                  38.95624098073838
                ],
                [
                  105.57800620675668,
                  38.950072932395
                ],
                [
                  105.57820598718799,
                  38.94391355857677
                ],
                [
                  105.57839932281503,
                  38.937762865130054
                ],
                [
                  105.57858617409951,
                  38.93162085790121
                ],
                [
                  105.57876650150311,
                  38.9254875427366
                ],
                [
                  105.57894026548752,
                  38.919362925482595
                ],
                [
                  105.57910742651443,
                  38.913247011985554
                ],
                [
                  105.57926794504553,
                  38.90713980809185
                ],
                [
                  105.5794217815425,
                  38.90104131964783
                ],
                [
                  105.57956889646702,
                  38.89495155249988
                ],
                [
                  105.57970925028081,
                  38.88887051249435
                ],
                [
                  105.57984280344554,
                  38.88279820547761
                ],
                [
                  105.57996951642289,
                  38.876734637296025
                ],
                [
                  105.58008934967458,
                  38.870679813795945
                ],
                [
                  105.58020226366226,
                  38.864633740823756
                ],
                [
                  105.58030821884765,
                  38.8585964242258
                ],
                [
                  105.5804071756924,
                  38.852567869848464
                ],
                [
                  105.58049909465825,
                  38.846548083538096
                ],
                [
                  105.58058393620685,
                  38.84053707114106
                ],
                [
                  105.58066166079989,
                  38.83453483850373
                ],
                [
                  105.58073222889908,
                  38.82854139147246
                ],
                [
                  105.5807956009661,
                  38.82255673589363
                ],
                [
                  105.58085173746264,
                  38.81658087761358
                ],
                [
                  105.58090059885038,
                  38.81061382247869
                ],
                [
                  105.58094214559101,
                  38.80465557633533
                ],
                [
                  105.58097633814623,
                  38.798706145029854
                ],
                [
                  105.58100313697771,
                  38.79276553440862
                ],
                [
                  105.58102250254716,
                  38.78683375031801
                ],
                [
                  105.58103439531625,
                  38.780910798604374
                ],
                [
                  105.58103877574669,
                  38.774996685114075
                ],
                [
                  105.58103560430014,
                  38.76909141569349
                ],
                [
                  105.58102484143832,
                  38.76319499618897
                ],
                [
                  105.5810064476229,
                  38.75730743244689
                ],
                [
                  105.58098038331556,
                  38.751428730313606
                ],
                [
                  105.58094660897801,
                  38.74555889563549
                ],
                [
                  105.58090508507192,
                  38.73969793425889
                ],
                [
                  105.580855772059,
                  38.73384585203019
                ],
                [
                  105.58079863040092,
                  38.72800265479575
                ],
                [
                  105.58073362055937,
                  38.72216834840192
                ],
                [
                  105.58066070299606,
                  38.716342938695085
                ],
                [
                  105.58057983817264,
                  38.710526431521586
                ],
                [
                  105.58049098655083,
                  38.704718832727806
                ],
                [
                  105.58039410859232,
                  38.698920148160106
                ],
                [
                  105.58028916475877,
                  38.69313038366484
                ],
                [
                  105.5801761155119,
                  38.68734954508838
                ],
                [
                  105.58005492131338,
                  38.68157763827709
                ],
                [
                  105.5799255426249,
                  38.67581466907733
                ],
                [
                  105.57978793990816,
                  38.670060643335475
                ],
                [
                  105.57964207362484,
                  38.664315566897876
                ],
                [
                  105.57948790423663,
                  38.6585794456109
                ],
                [
                  105.57932539220522,
                  38.65285228532092
                ],
                [
                  105.57915449799229,
                  38.647134091874285
                ],
                [
                  105.57897518205954,
                  38.64142487111738
                ],
                [
                  105.57878740486866,
                  38.63572462889655
                ],
                [
                  105.57859112688132,
                  38.63003337105816
                ],
                [
                  105.57838630855923,
                  38.62435110344859
                ],
                [
                  105.57817291036407,
                  38.61867783191419
                ],
                [
                  105.57795089275754,
                  38.61301356230133
                ],
                [
                  105.5777202162013,
                  38.607358300456376
                ],
                [
                  105.57748084115707,
                  38.60171205222569
                ],
                [
                  105.57723272808651,
                  38.59607482345563
                ],
                [
                  105.57697583745134,
                  38.59044661999257
                ],
                [
                  105.57671012971323,
                  38.58482744768287
                ],
                [
                  105.57643556533387,
                  38.57921731237289
                ],
                [
                  105.57615210477493,
                  38.573616219909
                ],
                [
                  105.57585970849814,
                  38.568024176137556
                ],
                [
                  105.57555833696516,
                  38.562441186904934
                ],
                [
                  105.57524795063769,
                  38.556867258057494
                ],
                [
                  105.57492850997741,
                  38.551302395441596
                ],
                [
                  105.57459997544602,
                  38.545746604903606
                ],
                [
                  105.5742623075052,
                  38.54019989228989
                ],
                [
                  105.57391546661663,
                  38.53466226344681
                ],
                [
                  105.57355941324201,
                  38.529133724220735
                ],
                [
                  105.57319410784304,
                  38.52361428045802
                ],
                [
                  105.57281951088137,
                  38.518103938005034
                ],
                [
                  105.57243558281874,
                  38.51260270270814
                ],
                [
                  105.5720422841168,
                  38.507110580413716
                ],
                [
                  105.57163957523727,
                  38.501627576968104
                ],
                [
                  105.5712274166418,
                  38.49615369821768
                ],
                [
                  105.57080576879211,
                  38.4906889500088
                ],
                [
                  105.57037459214988,
                  38.48523333818785
                ],
                [
                  105.5699338471768,
                  38.47978686860117
                ],
                [
                  105.56948349433455,
                  38.47434954709513
                ],
                [
                  105.56902349408482,
                  38.4689213795161
                ],
                [
                  105.5685538068893,
                  38.46350237171044
                ],
                [
                  105.56807439320968,
                  38.458092529524514
                ],
                [
                  105.56758521350766,
                  38.452691858804684
                ],
                [
                  105.56708622824492,
                  38.447300365397325
                ],
                [
                  105.56657739788314,
                  38.44191805514879
                ],
                [
                  105.566058682884,
                  38.436544933905445
                ],
                [
                  105.56553004370923,
                  38.43118100751366
                ],
                [
                  105.56499144082049,
                  38.425826281819795
                ],
                [
                  105.56444283467947,
                  38.42048076267021
                ],
                [
                  105.56388418574785,
                  38.415144455911275
                ],
                [
                  105.56331545448734,
                  38.40981736738936
                ],
                [
                  105.5627366013596,
                  38.40449950295081
                ],
                [
                  105.56214758682636,
                  38.399190868442005
                ],
                [
                  105.56154837134928,
                  38.39389146970931
                ],
                [
                  105.56093891539004,
                  38.38860131259908
                ],
                [
                  105.56031917941036,
                  38.383320402957686
                ],
                [
                  105.55968912387189,
                  38.378048746631485
                ],
                [
                  105.55904870923635,
                  38.37278634946685
                ],
                [
                  105.55839789596543,
                  38.36753321731014
                ],
                [
                  105.55773664452079,
                  38.36228935600772
                ],
                [
                  105.55706491536414,
                  38.357054771405956
                ],
                [
                  105.55638266895717,
                  38.3518294693512
                ],
                [
                  105.55568986576155,
                  38.34661345568984
                ],
                [
                  105.554986466239,
                  38.34140673626822
                ],
                [
                  105.55427243085117,
                  38.33620931693271
                ],
                [
                  105.55354772005978,
                  38.33102120352968
                ],
                [
                  105.5528122943265,
                  38.32584240190548
                ],
                [
                  105.55206611411305,
                  38.32067291790649
                ],
                [
                  105.55130913988107,
                  38.31551275737907
                ],
                [
                  105.55054133209228,
                  38.31036192616958
                ],
                [
                  105.54976265120835,
                  38.305220430124386
                ],
                [
                  105.548973057691,
                  38.30008827508985
                ],
                [
                  105.54817251200188,
                  38.29496546691233
                ],
                [
                  105.54736097460273,
                  38.289852011438214
                ],
                [
                  105.54653840595518,
                  38.28474791451384
                ],
                [
                  105.54570476652094,
                  38.27965318198558
                ],
                [
                  105.54486001676172,
                  38.27456781969981
                ],
                [
                  105.54400411713918,
                  38.26949183350288
                ],
                [
                  105.54313702811503,
                  38.26442522924116
                ],
                [
                  105.54225871015095,
                  38.259368012761016
                ],
                [
                  105.54136912370862,
                  38.2543201899088
                ],
                [
                  105.54046822924975,
                  38.24928176653089
                ],
                [
                  105.53955598723601,
                  38.24425274847365
                ],
                [
                  105.53863235812909,
                  38.23923314158343
                ],
                [
                  105.53769730239068,
                  38.23422295170661
                ],
                [
                  105.53675078048249,
                  38.229222184689554
                ],
                [
                  105.53579275286617,
                  38.22423084637862
                ],
                [
                  105.53482318000344,
                  38.21924894262016
                ],
                [
                  105.53384202235597,
                  38.21427647926056
                ],
                [
                  105.53284924038546,
                  38.20931346214618
                ],
                [
                  105.5318447945536,
                  38.20435989712337
                ],
                [
                  105.53082864532207,
                  38.1994157900385
                ],
                [
                  105.52980075315256,
                  38.19448114673794
                ],
                [
                  105.52876107850676,
                  38.18955597306805
                ],
                [
                  105.52770958184637,
                  38.18464027487521
                ],
                [
                  105.52664622363305,
                  38.17973405800575
                ],
                [
                  105.52557096432852,
                  38.17483732830607
                ],
                [
                  105.52448376439445,
                  38.1699500916225
                ],
                [
                  105.52338458429253,
                  38.165072353801435
                ],
                [
                  105.52227338448446,
                  38.16020412068922
                ],
                [
                  105.52115012543192,
                  38.15534539813223
                ],
                [
                  105.5200147675966,
                  38.15049619197683
                ],
                [
                  105.51886727144019,
                  38.14565650806937
                ],
                [
                  105.51770759742438,
                  38.14082635225623
                ],
                [
                  105.51653570601084,
                  38.13600573038376
                ],
                [
                  105.51535155766129,
                  38.13119464829833
                ],
                [
                  105.5141551128374,
                  38.12639311184631
                ],
                [
                  105.51294633200087,
                  38.121601126874054
                ],
                [
                  105.51172517561336,
                  38.11681869922794
                ],
                [
                  105.51049160413659,
                  38.11204583475432
                ],
                [
                  105.50924557803224,
                  38.10728253929956
                ],
                [
                  105.507987057762,
                  38.10252881871003
                ],
                [
                  105.50671600378755,
                  38.09778467883209
                ],
                [
                  105.50543237657057,
                  38.0930501255121
                ],
                [
                  105.50413613657278,
                  38.088325164596434
                ],
                [
                  105.50282724425584,
                  38.083609801931445
                ],
                [
                  105.50150566008146,
                  38.07890404336351
                ],
                [
                  105.50017134451132,
                  38.07420789473898
                ],
                [
                  105.49882425800709,
                  38.06952136190423
                ],
                [
                  105.4974643610305,
                  38.064844450705614
                ],
                [
                  105.4960916140432,
                  38.060177166989504
                ],
                [
                  105.49470597750688,
                  38.05551951660227
                ],
                [
                  105.49330741188326,
                  38.050871505390255
                ],
                [
                  105.49189587763401,
                  38.04623313919984
                ],
                [
                  105.4904713352208,
                  38.04160442387739
                ],
                [
                  105.48903374510536,
                  38.03698536526926
                ],
                [
                  105.48758306774934,
                  38.03237596922182
                ],
                [
                  105.48611926361446,
                  38.027776241581435
                ],
                [
                  105.48464229316238,
                  38.02318618819446
                ],
                [
                  105.48315211685481,
                  38.01860581490727
                ],
                [
                  105.48164869515342,
                  38.014035127566224
                ],
                [
                  105.48013198851993,
                  38.00947413201769
                ],
                [
                  105.47860195741599,
                  38.00492283410803
                ],
                [
                  105.47705856230331,
                  38.000381239683605
                ],
                [
                  105.47550176364358,
                  37.99584935459078
                ],
                [
                  105.47393152189848,
                  37.991327184675924
                ],
                [
                  105.47234779752971,
                  37.986814735785394
                ],
                [
                  105.47075055099894,
                  37.982312013765565
                ],
                [
                  105.46913974276788,
                  37.97781902446279
                ],
                [
                  105.4675153332982,
                  37.973335773723434
                ],
                [
                  105.4658772830516,
                  37.968862267393874
                ],
                [
                  105.46422555248976,
                  37.96439851132046
                ],
                [
                  105.46256010207438,
                  37.95994451134956
                ],
                [
                  105.46088089226714,
                  37.955500273327544
                ],
                [
                  105.45918788352974,
                  37.95106580310076
                ],
                [
                  105.45748103632386,
                  37.94664110651559
                ],
                [
                  105.45576031111118,
                  37.9422261894184
                ],
                [
                  105.4540256683534,
                  37.93782105765553
                ],
                [
                  105.4522770685122,
                  37.933425717073376
                ],
                [
                  105.45051447204929,
                  37.929040173518274
                ],
                [
                  105.44873783942634,
                  37.92466443283661
                ],
                [
                  105.44694713110503,
                  37.92029850087473
                ],
                [
                  105.44514230754707,
                  37.91594238347901
                ],
                [
                  105.44332332921414,
                  37.91159608649581
                ],
                [
                  105.44149015656794,
                  37.9072596157715
                ],
                [
                  105.43964275007012,
                  37.90293297715243
                ],
                [
                  105.43778107018241,
                  37.89861617648498
                ],
                [
                  105.43590507736648,
                  37.89430921961551
                ],
                [
                  105.43401473208404,
                  37.89001211239037
                ],
                [
                  105.43210999479675,
                  37.88572486065595
                ],
                [
                  105.4301908259663,
                  37.881447470258585
                ],
                [
                  105.4282571860544,
                  37.87717994704467
                ],
                [
                  105.42630903552272,
                  37.87292229686054
                ],
                [
                  105.42434633483296,
                  37.86867452555258
                ],
                [
                  105.42236904444681,
                  37.864436638967135
                ],
                [
                  105.42037712482595,
                  37.86020864295059
                ],
                [
                  105.41837053643206,
                  37.8559905433493
                ],
                [
                  105.41634923972686,
                  37.85178234600963
                ],
                [
                  105.414313195172,
                  37.84758405677794
                ],
                [
                  105.41226236322919,
                  37.843395681500596
                ],
                [
                  105.41019670436013,
                  37.83921722602397
                ],
                [
                  105.40811617902649,
                  37.83504869619441
                ],
                [
                  105.40602074768996,
                  37.830890097858294
                ],
                [
                  105.40391037081224,
                  37.82674143686199
                ],
                [
                  105.401785008855,
                  37.822602719051844
                ],
                [
                  105.39964462227995,
                  37.81847395027423
                ],
                [
                  105.39748917154876,
                  37.81435513637552
                ],
                [
                  105.39531861712312,
                  37.81024628320206
                ],
                [
                  105.39313291946475,
                  37.80614739660023
                ],
                [
                  105.39093203903529,
                  37.80205848241639
                ],
                [
                  105.38871593629646,
                  37.797979546496904
                ],
                [
                  105.38648457170996,
                  37.793910594688136
                ],
                [
                  105.38423790573744,
                  37.789851632836445
                ],
                [
                  105.38197589884061,
                  37.7858026667882
                ],
                [
                  105.37969851148117,
                  37.78176370238977
                ],
                [
                  105.37740570412078,
                  37.77773474548751
                ],
                [
                  105.37509743722116,
                  37.77371580192778
                ],
                [
                  105.37277367124398,
                  37.76970687755696
                ],
                [
                  105.37043436665093,
                  37.76570797822141
                ],
                [
                  105.36807948390368,
                  37.76171910976748
                ],
                [
                  105.36570898346396,
                  37.75774027804155
                ],
                [
                  105.36332282579345,
                  37.75377148888998
                ],
                [
                  105.3609209713538,
                  37.74981274815914
                ],
                [
                  105.35850338060675,
                  37.74586406169537
                ],
                [
                  105.35607001401395,
                  37.74192543534507
                ],
                [
                  105.3536208320371,
                  37.73799687495457
                ],
                [
                  105.3511557951379,
                  37.73407838637026
                ],
                [
                  105.34867486377803,
                  37.730169975438486
                ],
                [
                  105.34617799841917,
                  37.72627164800562
                ],
                [
                  105.34366515952301,
                  37.72238340991803
                ],
                [
                  105.34113630755127,
                  37.718505267022074
                ],
                [
                  105.33859140296559,
                  37.71463722516412
                ],
                [
                  105.3360304062277,
                  37.71077929019053
                ],
                [
                  105.33345327779926,
                  37.70693146794767
                ],
                [
                  105.33085997814199,
                  37.7030937642819
                ],
                [
                  105.32825046771754,
                  37.69926618503959
                ],
                [
                  105.32562470698763,
                  37.69544873606709
                ],
                [
                  105.32298265641393,
                  37.69164142321079
                ],
                [
                  105.32032427645814,
                  37.687844252317035
                ],
                [
                  105.31764952758193,
                  37.68405722923219
                ],
                [
                  105.31495837024701,
                  37.68028035980262
                ],
                [
                  105.31225076491506,
                  37.6765136498747
                ],
                [
                  105.30952667204778,
                  37.672757105294785
                ],
                [
                  105.30678605210684,
                  37.66901073190924
                ],
                [
                  105.30402886555393,
                  37.66527453556442
                ],
                [
                  105.30125507285075,
                  37.661548522106706
                ],
                [
                  105.298464634459,
                  37.65783269738246
                ],
                [
                  105.29565751084033,
                  37.65412706723803
                ],
                [
                  105.29283366245646,
                  37.650431637519794
                ],
                [
                  105.28999304976908,
                  37.646746414074116
                ],
                [
                  105.28713563323986,
                  37.64307140274736
                ],
                [
                  105.2842613733305,
                  37.63940660938588
                ],
                [
                  105.28137023050267,
                  37.63575203983605
                ],
                [
                  105.27846216521809,
                  37.632107699944235
                ],
                [
                  105.27553713793843,
                  37.6284735955568
                ],
                [
                  105.27259510912539,
                  37.62484973252009
                ],
                [
                  105.26963603924064,
                  37.62123611668049
                ],
                [
                  105.26665988874588,
                  37.617632753884365
                ],
                [
                  105.2636666181028,
                  37.61403964997807
                ],
                [
                  105.2606561877731,
                  37.610456810807975
                ],
                [
                  105.25762855821843,
                  37.60688424222043
                ],
                [
                  105.25458368990051,
                  37.60332195006182
                ],
                [
                  105.25152154328104,
                  37.5997699401785
                ],
                [
                  105.24844207882168,
                  37.596228218416826
                ],
                [
                  105.24534525698412,
                  37.592696790623165
                ],
                [
                  105.24223103823007,
                  37.589175662643896
                ],
                [
                  105.23909938302121,
                  37.58566484032537
                ],
                [
                  105.23595025181922,
                  37.58216432951395
                ],
                [
                  105.2327836050858,
                  37.57867413605601
                ],
                [
                  105.22959940328262,
                  37.575194265797904
                ],
                [
                  105.2263976068714,
                  37.571724724586005
                ],
                [
                  105.2231781763138,
                  37.56826551826667
                ],
                [
                  105.21994107207152,
                  37.56481665268626
                ],
                [
                  105.21668625460624,
                  37.56137813369116
                ],
                [
                  105.21341368437966,
                  37.557949967127705
                ],
                [
                  105.21012332185347,
                  37.55453215884228
                ],
                [
                  105.20681512748935,
                  37.55112471468124
                ],
                [
                  105.203489061749,
                  37.54772764049095
                ],
                [
                  105.20014508509409,
                  37.54434094211778
                ],
                [
                  105.19678315798633,
                  37.54096462540808
                ],
                [
                  105.19340324088739,
                  37.537598696208235
                ],
                [
                  105.19000529425897,
                  37.53424316036459
                ],
                [
                  105.18658927856275,
                  37.53089802372352
                ],
                [
                  105.18315515426043,
                  37.52756329213139
                ],
                [
                  105.1797028818137,
                  37.524238971434556
                ],
                [
                  105.17623242168422,
                  37.52092506747939
                ],
                [
                  105.17274373433372,
                  37.517621586112256
                ],
                [
                  105.16923678022386,
                  37.51432853317951
                ],
                [
                  105.16571151981634,
                  37.51104591452752
                ],
                [
                  105.16216791357283,
                  37.507773736002655
                ],
                [
                  105.15860592195506,
                  37.50451200345127
                ],
                [
                  105.15502550542467,
                  37.50126072271974
                ],
                [
                  105.15142662444339,
                  37.49801989965442
                ],
                [
                  105.14780923947289,
                  37.494789540101685
                ],
                [
                  105.14417331097485,
                  37.49156964990789
                ],
                [
                  105.14051879941097,
                  37.48836023491939
                ],
                [
                  105.13684566524294,
                  37.485161300982575
                ],
                [
                  105.13315386893244,
                  37.48197285394379
                ],
                [
                  105.12944337094116,
                  37.4787948996494
                ],
                [
                  105.1257141317308,
                  37.475627443945775
                ],
                [
                  105.12196611176304,
                  37.47247049267928
                ],
                [
                  105.11819927149958,
                  37.46932405169627
                ],
                [
                  105.11441357140208,
                  37.46618812684312
                ],
                [
                  105.11060897193225,
                  37.46306272396619
                ],
                [
                  105.10678543355179,
                  37.459947848911845
                ],
                [
                  105.10294291672236,
                  37.45684350752644
                ],
                [
                  105.09908138190568,
                  37.45374970565636
                ],
                [
                  105.09520078956339,
                  37.450666449147946
                ],
                [
                  105.09130110015724,
                  37.44759374384758
                ],
                [
                  105.08738227414888,
                  37.44453159560161
                ],
                [
                  105.083444272,
                  37.44148001025641
                ],
                [
                  105.086292343,
                  37.4282508017094
                ],
                [
                  105.08866885295093,
                  37.42848760847862
                ],
                [
                  105.09104597661596,
                  37.42866515573207
                ],
                [
                  105.09342370450575,
                  37.4287837093125
                ],
                [
                  105.09580202713097,
                  37.42884353506266
                ],
                [
                  105.09818093500228,
                  37.4288448988253
                ],
                [
                  105.10056041863035,
                  37.42878806644317
                ],
                [
                  105.10294046852584,
                  37.42867330375901
                ],
                [
                  105.10532107519944,
                  37.42850087661559
                ],
                [
                  105.10770222916179,
                  37.428271050855635
                ],
                [
                  105.11008392092354,
                  37.427984092321914
                ],
                [
                  105.11246614099541,
                  37.42764026685717
                ],
                [
                  105.11484887988802,
                  37.427239840304146
                ],
                [
                  105.11723212811204,
                  37.4267830785056
                ],
                [
                  105.11961587617814,
                  37.42627024730428
                ],
                [
                  105.12200011459701,
                  37.42570161254294
                ],
                [
                  105.12438483387928,
                  37.42507744006432
                ],
                [
                  105.12677002453565,
                  37.424397995711175
                ],
                [
                  105.12915567707674,
                  37.42366354532625
                ],
                [
                  105.13154178201326,
                  37.4228743547523
                ],
                [
                  105.13392832985585,
                  37.42203068983207
                ],
                [
                  105.13631531111518,
                  37.42113281640832
                ],
                [
                  105.13870271630192,
                  37.42018100032379
                ],
                [
                  105.14109053592674,
                  37.41917550742122
                ],
                [
                  105.1434787605003,
                  37.41811660354338
                ],
                [
                  105.14586738053326,
                  37.41700455453301
                ],
                [
                  105.1482563865363,
                  37.41583962623286
                ],
                [
                  105.15064576902007,
                  37.41462208448568
                ],
                [
                  105.15303551849524,
                  37.413352195134216
                ],
                [
                  105.15542562547247,
                  37.41203022402122
                ],
                [
                  105.15781608046245,
                  37.41065643698944
                ],
                [
                  105.16020687397582,
                  37.40923109988164
                ],
                [
                  105.16259799652326,
                  37.40775447854055
                ],
                [
                  105.16498943861542,
                  37.40622683880893
                ],
                [
                  105.16738119076298,
                  37.404648446529514
                ],
                [
                  105.1697732434766,
                  37.40301956754507
                ],
                [
                  105.17216558726695,
                  37.40134046769835
                ],
                [
                  105.17455821264468,
                  37.399611412832094
                ],
                [
                  105.17695111012048,
                  37.39783266878904
                ],
                [
                  105.17934427020501,
                  37.396004501411966
                ],
                [
                  105.18173768340891,
                  37.3941271765436
                ],
                [
                  105.18413134024287,
                  37.39220096002669
                ],
                [
                  105.18652523121754,
                  37.390226117704
                ],
                [
                  105.18891934684362,
                  37.388202915418276
                ],
                [
                  105.19131367763174,
                  37.38613161901226
                ],
                [
                  105.19370821409257,
                  37.38401249432871
                ],
                [
                  105.19610294673679,
                  37.38184580721037
                ],
                [
                  105.19849786607504,
                  37.379631823499984
                ],
                [
                  105.20089296261803,
                  37.377370809040315
                ],
                [
                  105.20328822687638,
                  37.3750630296741
                ],
                [
                  105.20568364936078,
                  37.3727087512441
                ],
                [
                  105.2080792205819,
                  37.37030823959306
                ],
                [
                  105.21047493105037,
                  37.36786176056372
                ],
                [
                  105.2128707712769,
                  37.36536957999885
                ],
                [
                  105.21526673177213,
                  37.36283196374118
                ],
                [
                  105.21766280304674,
                  37.36024917763347
                ],
                [
                  105.22005897561137,
                  37.357621487518465
                ],
                [
                  105.22245523997671,
                  37.35494915923892
                ],
                [
                  105.22485158665343,
                  37.35223245863757
                ],
                [
                  105.22724800615217,
                  37.349471651557195
                ],
                [
                  105.22964448898361,
                  37.34666700384051
                ],
                [
                  105.23204102565842,
                  37.343818781330285
                ],
                [
                  105.23443760668727,
                  37.34092724986927
                ],
                [
                  105.2368342225808,
                  37.3379926753002
                ],
                [
                  105.2392308638497,
                  37.33501532346584
                ],
                [
                  105.24162752100463,
                  37.33199546020892
                ],
                [
                  105.24402418455625,
                  37.32893335137222
                ],
                [
                  105.24642084501522,
                  37.325829262798464
                ],
                [
                  105.24881749289223,
                  37.32268346033041
                ],
                [
                  105.25121411869792,
                  37.31949620981081
                ],
                [
                  105.25361071294297,
                  37.31626777708241
                ],
                [
                  105.25600726613804,
                  37.31299842798796
                ],
                [
                  105.2584037687938,
                  37.3096884283702
                ],
                [
                  105.2608002114209,
                  37.3063380440719
                ],
                [
                  105.26319658453002,
                  37.302947540935804
                ],
                [
                  105.26559287863182,
                  37.29951718480464
                ],
                [
                  105.26798908423699,
                  37.296047241521194
                ],
                [
                  105.27038519185615,
                  37.29253797692819
                ],
                [
                  105.272781192,
                  37.288989656868374
                ],
                [
                  105.2751770751792,
                  37.28540254718451
                ],
                [
                  105.2775728319044,
                  37.28177691371935
                ],
                [
                  105.27996845268628,
                  37.27811302231563
                ],
                [
                  105.28236392803551,
                  37.274411138816106
                ],
                [
                  105.28475924846273,
                  37.27067152906352
                ],
                [
                  105.28715440447863,
                  37.26689445890064
                ],
                [
                  105.28954938659388,
                  37.2630801941702
                ],
                [
                  105.29194418531912,
                  37.25922900071495
                ],
                [
                  105.29433879116503,
                  37.25534114437765
                ],
                [
                  105.29673319464229,
                  37.25141689100104
                ],
                [
                  105.29912738626155,
                  37.24745650642787
                ],
                [
                  105.30152135653346,
                  37.2434602565009
                ],
                [
                  105.3039150959687,
                  37.23942840706287
                ],
                [
                  105.30630859507795,
                  37.23536122395653
                ],
                [
                  105.30870184437185,
                  37.23125897302462
                ],
                [
                  105.3110948343611,
                  37.227121920109916
                ],
                [
                  105.31348755555634,
                  37.222950331055145
                ],
                [
                  105.31587999846822,
                  37.21874447170306
                ],
                [
                  105.31827215360744,
                  37.21450460789642
                ],
                [
                  105.32066401148464,
                  37.21023100547797
                ],
                [
                  105.3230555626105,
                  37.20592393029046
                ],
                [
                  105.32544679749569,
                  37.20158364817663
                ],
                [
                  105.32783770665087,
                  37.19721042497925
                ],
                [
                  105.3302282805867,
                  37.19280452654104
                ],
                [
                  105.33261850981384,
                  37.18836621870478
                ],
                [
                  105.33500838484296,
                  37.183895767313196
                ],
                [
                  105.33739789618474,
                  37.179393438209054
                ],
                [
                  105.33978703434984,
                  37.1748594972351
                ],
                [
                  105.34217578984891,
                  37.170294210234076
                ],
                [
                  105.34456415319262,
                  37.16569784304874
                ],
                [
                  105.34695211489165,
                  37.16107066152183
                ],
                [
                  105.34933966545667,
                  37.156412931496114
                ],
                [
                  105.35172679539832,
                  37.151724918814324
                ],
                [
                  105.35411349522728,
                  37.14700688931922
                ],
                [
                  105.35649975545421,
                  37.14225910885355
                ],
                [
                  105.35888556658979,
                  37.137481843260055
                ],
                [
                  105.36127091914466,
                  37.1326753583815
                ],
                [
                  105.36365580362951,
                  37.12783992006062
                ],
                [
                  105.366040210555,
                  37.122975794140174
                ],
                [
                  105.36842413043179,
                  37.1180832464629
                ],
                [
                  105.37080755377055,
                  37.113162542871564
                ],
                [
                  105.37319047108193,
                  37.1082139492089
                ],
                [
                  105.37557287287662,
                  37.10323773131768
                ],
                [
                  105.37795474966526,
                  37.09823415504062
                ],
                [
                  105.38033609195854,
                  37.0932034862205
                ],
                [
                  105.38271689026712,
                  37.088145990700056
                ],
                [
                  105.38509713510166,
                  37.08306193432203
                ],
                [
                  105.38747681697282,
                  37.07795158292919
                ],
                [
                  105.38985592639128,
                  37.072815202364275
                ],
                [
                  105.39223445386769,
                  37.06765305847003
                ],
                [
                  105.39461238991272,
                  37.062465417089214
                ],
                [
                  105.39698972503703,
                  37.057252544064575
                ],
                [
                  105.39936644975131,
                  37.05201470523886
                ],
                [
                  105.40174255456621,
                  37.046752166454816
                ],
                [
                  105.40411802999239,
                  37.0414651935552
                ],
                [
                  105.40649286654052,
                  37.036154052382756
                ],
                [
                  105.40886705472127,
                  37.030819008780234
                ],
                [
                  105.41124058504529,
                  37.025460328590384
                ],
                [
                  105.41361344802327,
                  37.020078277655955
                ],
                [
                  105.41598563416586,
                  37.0146731218197
                ],
                [
                  105.41835713398373,
                  37.00924512692436
                ],
                [
                  105.42072793798754,
                  37.00379455881269
                ],
                [
                  105.42309803668796,
                  36.99832168332745
                ],
                [
                  105.42546742059565,
                  36.992826766311374
                ],
                [
                  105.4278360802213,
                  36.98731007360722
                ],
                [
                  105.43020400607554,
                  36.98177187105773
                ],
                [
                  105.43257118866906,
                  36.97621242450566
                ],
                [
                  105.4349376185125,
                  36.97063199979376
                ],
                [
                  105.43730328611656,
                  36.96503086276478
                ],
                [
                  105.43966818199189,
                  36.95940927926146
                ],
                [
                  105.44203229664915,
                  36.95376751512656
                ],
                [
                  105.444395620599,
                  36.94810583620282
                ],
                [
                  105.44675814435212,
                  36.942424508333005
                ],
                [
                  105.44911985841918,
                  36.93672379735985
                ],
                [
                  105.45148075331082,
                  36.93100396912612
                ],
                [
                  105.45384081953773,
                  36.92526528947454
                ],
                [
                  105.45620004761057,
                  36.91950802424788
                ],
                [
                  105.45855842804,
                  36.913732439288886
                ],
                [
                  105.46091595133669,
                  36.907938800440306
                ],
                [
                  105.46327260801131,
                  36.902127373544886
                ],
                [
                  105.4656283885745,
                  36.896298424445376
                ],
                [
                  105.46798328353697,
                  36.890452218984535
                ],
                [
                  105.47033728340934,
                  36.8845890230051
                ],
                [
                  105.4726903787023,
                  36.87870910234983
                ],
                [
                  105.47504255992652,
                  36.87281272286147
                ],
                [
                  105.47739381759266,
                  36.86690015038276
                ],
                [
                  105.47974414221136,
                  36.86097165075647
                ],
                [
                  105.48209352429333,
                  36.85502748982534
                ],
                [
                  105.48444195434921,
                  36.84906793343211
                ],
                [
                  105.48678942288967,
                  36.843093247419546
                ],
                [
                  105.48913592042537,
                  36.83710369763039
                ],
                [
                  105.49148143746699,
                  36.831099549907385
                ],
                [
                  105.49382596452517,
                  36.8250810700933
                ],
                [
                  105.49616949211061,
                  36.81904852403086
                ],
                [
                  105.49851201073395,
                  36.81300217756283
                ],
                [
                  105.50085351090586,
                  36.80694229653195
                ],
                [
                  105.50319398313701,
                  36.80086914678098
                ],
                [
                  105.50553341793805,
                  36.79478299415267
                ],
                [
                  105.50787180581968,
                  36.78868410448976
                ],
                [
                  105.51020913729253,
                  36.782572743635
                ],
                [
                  105.51254540286729,
                  36.776449177431154
                ],
                [
                  105.51488059305461,
                  36.770313671720956
                ],
                [
                  105.51721469836518,
                  36.76416649234716
                ],
                [
                  105.51954770930963,
                  36.75800790515252
                ],
                [
                  105.52187961639865,
                  36.75183817597978
                ],
                [
                  105.52421041014289,
                  36.74565757067168
                ],
                [
                  105.52654008105303,
                  36.739466355070995
                ],
                [
                  105.52886861963972,
                  36.73326479502046
                ],
                [
                  105.53119601641365,
                  36.72705315636282
                ],
                [
                  105.53352226188547,
                  36.72083170494083
                ],
                [
                  105.53584734656583,
                  36.71460070659724
                ],
                [
                  105.53817126096543,
                  36.7083604271748
                ],
                [
                  105.5404939955949,
                  36.70211113251626
                ],
                [
                  105.54281554096494,
                  36.69585308846437
                ],
                [
                  105.54513588758618,
                  36.68958656086187
                ],
                [
                  105.54745502596931,
                  36.68331181555152
                ],
                [
                  105.549772946625,
                  36.67702911837607
                ],
                [
                  105.5520896400639,
                  36.67073873517826
                ],
                [
                  105.55440509679667,
                  36.664440931800854
                ],
                [
                  105.556719307334,
                  36.65813597408659
                ],
                [
                  105.55903226218653,
                  36.651824127878214
                ],
                [
                  105.56134395186496,
                  36.64550565901849
                ],
                [
                  105.5636543668799,
                  36.63918083335016
                ],
                [
                  105.56596349774208,
                  36.632849916715976
                ],
                [
                  105.5682713349621,
                  36.62651317495868
                ],
                [
                  105.57057786905068,
                  36.620170873921026
                ],
                [
                  105.57288309051847,
                  36.61382327944577
                ],
                [
                  105.57518698987613,
                  36.60747065737565
                ],
                [
                  105.57748955763431,
                  36.60111327355342
                ],
                [
                  105.5797907843037,
                  36.594751393821845
                ],
                [
                  105.58209066039497,
                  36.588385284023644
                ],
                [
                  105.58438917641875,
                  36.58201521000159
                ],
                [
                  105.58668632288574,
                  36.57564143759843
                ],
                [
                  105.5889820903066,
                  36.569264232656906
                ],
                [
                  105.59127646919198,
                  36.56288386101977
                ],
                [
                  105.59356945005256,
                  36.55650058852977
                ],
                [
                  105.595861023399,
                  36.55011468102967
                ],
                [
                  105.59815117974196,
                  36.54372640436219
                ],
                [
                  105.60043990959211,
                  36.537336024370106
                ],
                [
                  105.60272720346012,
                  36.53094380689616
                ],
                [
                  105.60501305185666,
                  36.5245500177831
                ],
                [
                  105.60729744529239,
                  36.51815492287368
                ],
                [
                  105.60958037427797,
                  36.51175878801064
                ],
                [
                  105.61186182932406,
                  36.50536187903673
                ],
                [
                  105.61414180094134,
                  36.49896446179471
                ],
                [
                  105.61642027964048,
                  36.49256680212732
                ],
                [
                  105.61869725593212,
                  36.48616916587732
                ],
                [
                  105.62097272032696,
                  36.47977181888746
                ],
                [
                  105.62324666333564,
                  36.473375027000465
                ],
                [
                  105.62551907546882,
                  36.46697905605911
                ],
                [
                  105.62778994723719,
                  36.46058417190614
                ],
                [
                  105.6300592691514,
                  36.4541906403843
                ],
                [
                  105.63232703172213,
                  36.44779872733634
                ],
                [
                  105.63459322546002,
                  36.44140869860502
                ],
                [
                  105.63685784087576,
                  36.43502082003307
                ],
                [
                  105.63912086848,
                  36.42863535746325
                ],
                [
                  105.64138229878341,
                  36.42225257673831
                ],
                [
                  105.64364212229667,
                  36.415872743701
                ],
                [
                  105.64590032953042,
                  36.409496124194064
                ],
                [
                  105.64815691099534,
                  36.40312298406026
                ],
                [
                  105.6504118572021,
                  36.396753589142335
                ],
                [
                  105.65266515866136,
                  36.39038820528304
                ],
                [
                  105.65491680588377,
                  36.38402709832512
                ],
                [
                  105.65716678938003,
                  36.377670534111324
                ],
                [
                  105.65941509966078,
                  36.3713187784844
                ],
                [
                  105.66166172723669,
                  36.36497209728711
                ],
                [
                  105.66390666261842,
                  36.35863075636219
                ],
                [
                  105.66614989631665,
                  36.35229502155239
                ],
                [
                  105.66839141884203,
                  36.34596515870047
                ],
                [
                  105.67063122070525,
                  36.33964143364918
                ],
                [
                  105.67286929241695,
                  36.33332411224126
                ],
                [
                  105.6751056244878,
                  36.327013460319456
                ],
                [
                  105.67734020742849,
                  36.320709743726525
                ],
                [
                  105.67957303174964,
                  36.31441322830522
                ],
                [
                  105.68180408796195,
                  36.308124179898286
                ],
                [
                  105.68403336657609,
                  36.30184286434847
                ],
                [
                  105.6862608581027,
                  36.29556954749853
                ],
                [
                  105.68848655305246,
                  36.28930449519121
                ],
                [
                  105.69071044193603,
                  36.283047973269255
                ],
                [
                  105.69293251526409,
                  36.27680024757542
                ],
                [
                  105.69515276354728,
                  36.27056158395246
                ],
                [
                  105.69737117729629,
                  36.264332248243115
                ],
                [
                  105.69958774702178,
                  36.25811250629014
                ],
                [
                  105.70180246323442,
                  36.251902623936274
                ],
                [
                  105.70401531644484,
                  36.245702867024285
                ],
                [
                  105.70622629716375,
                  36.23951350139691
                ],
                [
                  105.7084353959018,
                  36.2333347928969
                ],
                [
                  105.71064260316965,
                  36.22716700736701
                ],
                [
                  105.71284790947796,
                  36.22101041064998
                ],
                [
                  105.71505130533741,
                  36.21486526858857
                ],
                [
                  105.71725278125867,
                  36.20873184702552
                ],
                [
                  105.71945232775239,
                  36.20261041180358
                ],
                [
                  105.72164993532924,
                  36.19650122876551
                ],
                [
                  105.72384559449989,
                  36.19040456375406
                ],
                [
                  105.726039295775,
                  36.18432068261197
                ],
                [
                  105.72823102966524,
                  36.17824985118198
                ],
                [
                  105.73042078668128,
                  36.17219233530687
                ],
                [
                  105.73260855733376,
                  36.16614840082936
                ],
                [
                  105.73479433213338,
                  36.16011831359221
                ],
                [
                  105.7369781015908,
                  36.154102339438175
                ],
                [
                  105.73915985621665,
                  36.14810074421
                ],
                [
                  105.74133958652163,
                  36.14211379375043
                ],
                [
                  105.74351728301642,
                  36.13614175390223
                ],
                [
                  105.74569293621164,
                  36.13018489050813
                ],
                [
                  105.74786653661798,
                  36.12424346941089
                ],
                [
                  105.7500380747461,
                  36.118317756453266
                ],
                [
                  105.75220754110669,
                  36.11240801747799
                ],
                [
                  105.75437492621037,
                  36.10651451832783
                ],
                [
                  105.75654022056784,
                  36.10063752484552
                ],
                [
                  105.75870341468976,
                  36.094777302873815
                ],
                [
                  105.7608644990868,
                  36.088934118255466
                ],
                [
                  105.7630234642696,
                  36.083108236833226
                ],
                [
                  105.76518030074884,
                  36.07729992444984
                ],
                [
                  105.7673349990352,
                  36.07150944694806
                ],
                [
                  105.76948754963932,
                  36.065737070170634
                ],
                [
                  105.7716379430719,
                  36.05998305996031
                ],
                [
                  105.77378616984358,
                  36.05424768215984
                ],
                [
                  105.77593222046502,
                  36.048531202611976
                ],
                [
                  105.7780760854469,
                  36.04283388715946
                ],
                [
                  105.78021775529987,
                  36.03715600164505
                ],
                [
                  105.78235722053464,
                  36.03149781191149
                ],
                [
                  105.78449447166182,
                  36.025859583801534
                ],
                [
                  105.78662949919209,
                  36.020241583157926
                ],
                [
                  105.78876229363614,
                  36.01464407582341
                ],
                [
                  105.79089284550462,
                  36.00906732764076
                ],
                [
                  105.79302114530817,
                  36.0035116044527
                ],
                [
                  105.7951471835575,
                  35.99797717210199
                ],
                [
                  105.79727095076326,
                  35.99246429643138
                ],
                [
                  105.79939243743611,
                  35.986973243283614
                ],
                [
                  105.80151163408671,
                  35.981504278501454
                ],
                [
                  105.80362853122574,
                  35.976057667927634
                ],
                [
                  105.80574311936385,
                  35.97063367740491
                ],
                [
                  105.80785538901172,
                  35.96523257277604
                ],
                [
                  105.80996533068,
                  35.95985461988376
                ],
                [
                  105.81207293487937,
                  35.954500084570824
                ],
                [
                  105.8141781921205,
                  35.94916923267999
                ],
                [
                  105.81628109291402,
                  35.943862330053996
                ],
                [
                  105.81838162777065,
                  35.9385796425356
                ],
                [
                  105.82047978720102,
                  35.93332143596754
                ],
                [
                  105.8225755617158,
                  35.92808797619258
                ],
                [
                  105.82466894182565,
                  35.92287952905346
                ],
                [
                  105.82675991804125,
                  35.91769636039294
                ],
                [
                  105.82884848087326,
                  35.912538736053754
                ],
                [
                  105.83093462083235,
                  35.90740692187866
                ],
                [
                  105.83301832842918,
                  35.902301183710414
                ],
                [
                  105.83509959417441,
                  35.89722178739175
                ],
                [
                  105.83717840857871,
                  35.89216899876543
                ],
                [
                  105.83925476215275,
                  35.887143083674204
                ],
                [
                  105.84132864540719,
                  35.882144307960814
                ],
                [
                  105.8434000488527,
                  35.87717293746801
                ],
                [
                  105.84546896299995,
                  35.87222923803855
                ],
                [
                  105.84753537835958,
                  35.867313475515175
                ],
                [
                  105.8495992854423,
                  35.86242591574064
                ],
                [
                  105.85166067475873,
                  35.857566824557686
                ],
                [
                  105.85371953681957,
                  35.85273646780907
                ],
                [
                  105.85577586213546,
                  35.84793511133755
                ],
                [
                  105.85782964121708,
                  35.843163020985855
                ],
                [
                  105.85988086457509,
                  35.83842046259676
                ],
                [
                  105.86192952272017,
                  35.83370770201299
                ],
                [
                  105.86397560616297,
                  35.8290250050773
                ],
                [
                  105.86601910541415,
                  35.82437263763245
                ],
                [
                  105.8680600109844,
                  35.819750865521186
                ],
                [
                  105.87009831338435,
                  35.81515995458625
                ],
                [
                  105.8721340031247,
                  35.810600170670405
                ],
                [
                  105.8741670707161,
                  35.80607177961639
                ],
                [
                  105.87619750666921,
                  35.80157504726695
                ],
                [
                  105.87822530149471,
                  35.79711023946485
                ],
                [
                  105.88025044570325,
                  35.79267762205283
                ],
                [
                  105.88227292980551,
                  35.78827746087364
                ],
                [
                  105.88429274431215,
                  35.783910021770026
                ],
                [
                  105.88630987973383,
                  35.77957557058474
                ],
                [
                  105.88832432658123,
                  35.77527437316054
                ],
                [
                  105.890336075365,
                  35.77100669534017
                ],
                [
                  105.8923451165958,
                  35.76677280296638
                ],
                [
                  105.89435144078433,
                  35.76257296188191
                ],
                [
                  105.89635503844121,
                  35.75840743792952
                ],
                [
                  105.89835590007715,
                  35.75427649695197
                ],
                [
                  105.90035401620278,
                  35.75018040479198
                ],
                [
                  105.90234937732879,
                  35.74611942729233
                ],
                [
                  105.90434197396581,
                  35.742093830295744
                ],
                [
                  105.90633179662456,
                  35.73810387964499
                ],
                [
                  105.90831883581566,
                  35.73414984118281
                ],
                [
                  105.9103030820498,
                  35.73023198075195
                ],
                [
                  105.91228452583762,
                  35.72635056419517
                ],
                [
                  105.91426315768982,
                  35.722505857355216
                ],
                [
                  105.91623896811704,
                  35.718698126074834
                ],
                [
                  105.91821194762996,
                  35.71492763619678
                ],
                [
                  105.92018208673923,
                  35.71119465356379
                ],
                [
                  105.92214937595553,
                  35.70749944401862
                ],
                [
                  105.92411380578952,
                  35.70384227340403
                ],
                [
                  105.92607536675186,
                  35.70022340756275
                ],
                [
                  105.92803404935323,
                  35.696643112337554
                ],
                [
                  105.92998984410428,
                  35.69310165357117
                ],
                [
                  105.93194274151568,
                  35.68959929710636
                ],
                [
                  105.93389273209812,
                  35.68613630878587
                ],
                [
                  105.93583980636222,
                  35.68271295445245
                ],
                [
                  105.93778395481867,
                  35.67932949994884
                ],
                [
                  105.93972516797814,
                  35.6759862111178
                ],
                [
                  105.94166343635129,
                  35.672683353802086
                ],
                [
                  105.9435987504488,
                  35.66942119384444
                ],
                [
                  105.94553110078131,
                  35.6661999970876
                ],
                [
                  105.9474604778595,
                  35.66302002937434
                ],
                [
                  105.94938687219401,
                  35.65988155654739
                ],
                [
                  105.95131027429555,
                  35.656784844449504
                ],
                [
                  105.95323067467477,
                  35.65373015892343
                ],
                [
                  105.95514806384232,
                  35.650717765811926
                ],
                [
                  105.95706243230887,
                  35.647747930957735
                ],
                [
                  105.95897377058509,
                  35.644820920203614
                ],
                [
                  105.96088206918165,
                  35.6419369993923
                ],
                [
                  105.96278731860922,
                  35.63909643436655
                ],
                [
                  105.96468950937845,
                  35.63629949096911
                ],
                [
                  105.966588632,
                  35.63354643504273
                ],
                [
                  105.96823103842509,
                  35.63120911918003
                ],
                [
                  105.96990260262152,
                  35.6288826608432
                ],
                [
                  105.97160324870669,
                  35.62656704763284
                ],
                [
                  105.973332900798,
                  35.62426226714951
                ],
                [
                  105.97509148301287,
                  35.62196830699382
                ],
                [
                  105.9768789194687,
                  35.61968515476635
                ],
                [
                  105.97869513428289,
                  35.617412798067676
                ],
                [
                  105.98054005157285,
                  35.61515122449839
                ],
                [
                  105.98241359545598,
                  35.612900421659084
                ],
                [
                  105.9843156900497,
                  35.610660377150325
                ],
                [
                  105.9862462594714,
                  35.60843107857272
                ],
                [
                  105.98820522783849,
                  35.606212513526835
                ],
                [
                  105.99019251926839,
                  35.60400466961327
                ],
                [
                  105.99220805787849,
                  35.6018075344326
                ],
                [
                  105.99425176778618,
                  35.59962109558542
                ],
                [
                  105.9963235731089,
                  35.59744534067231
                ],
                [
                  105.99842339796402,
                  35.59528025729385
                ],
                [
                  106.00055116646898,
                  35.593125833050635
                ],
                [
                  106.00270680274116,
                  35.59098205554325
                ],
                [
                  106.00489023089798,
                  35.58884891237227
                ],
                [
                  106.00710137505685,
                  35.58672639113829
                ],
                [
                  106.00934015933515,
                  35.584614479441896
                ],
                [
                  106.01160650785032,
                  35.58251316488367
                ],
                [
                  106.01390034471973,
                  35.58042243506419
                ],
                [
                  106.01622159406081,
                  35.57834227758406
                ],
                [
                  106.01857017999096,
                  35.57627268004385
                ],
                [
                  106.02094602662757,
                  35.57421363004415
                ],
                [
                  106.02334905808807,
                  35.57216511518554
                ],
                [
                  106.02577919848986,
                  35.570127123068616
                ],
                [
                  106.02823637195033,
                  35.56809964129396
                ],
                [
                  106.03072050258689,
                  35.566082657462154
                ],
                [
                  106.03323151451696,
                  35.56407615917378
                ],
                [
                  106.03576933185794,
                  35.562080134029436
                ],
                [
                  106.03833387872722,
                  35.5600945696297
                ],
                [
                  106.04092507924223,
                  35.55811945357515
                ],
                [
                  106.04354285752035,
                  35.55615477346638
                ],
                [
                  106.046187137679,
                  35.554200516903975
                ],
                [
                  106.04885784383559,
                  35.55225667148852
                ],
                [
                  106.05155490010752,
                  35.5503232248206
                ],
                [
                  106.05427823061218,
                  35.5484001645008
                ],
                [
                  106.057027759467,
                  35.546487478129706
                ],
                [
                  106.05980341078939,
                  35.5445851533079
                ],
                [
                  106.06260510869672,
                  35.54269317763597
                ],
                [
                  106.06543277730641,
                  35.5408115387145
                ],
                [
                  106.0682863407359,
                  35.538940224144085
                ],
                [
                  106.07116572310254,
                  35.537079221525296
                ],
                [
                  106.07407084852377,
                  35.53522851845873
                ],
                [
                  106.077001641117,
                  35.53338810254496
                ],
                [
                  106.07995802499961,
                  35.531557961384586
                ],
                [
                  106.08293992428904,
                  35.52973808257818
                ],
                [
                  106.08594726310265,
                  35.52792845372634
                ],
                [
                  106.08897996555788,
                  35.52612906242964
                ],
                [
                  106.09203795577213,
                  35.524339896288666
                ],
                [
                  106.09512115786279,
                  35.522560942904015
                ],
                [
                  106.09822949594728,
                  35.52079218987627
                ],
                [
                  106.10136289414301,
                  35.519033624806
                ],
                [
                  106.10452127656737,
                  35.517285235293805
                ],
                [
                  106.10770456733778,
                  35.51554700894027
                ],
                [
                  106.11091269057162,
                  35.51381893334597
                ],
                [
                  106.11414557038633,
                  35.512100996111506
                ],
                [
                  106.11740313089929,
                  35.510393184837454
                ],
                [
                  106.12068529622792,
                  35.5086954871244
                ],
                [
                  106.12399199048963,
                  35.50700789057293
                ],
                [
                  106.1273231378018,
                  35.505330382783626
                ],
                [
                  106.13067866228185,
                  35.503662951357086
                ],
                [
                  106.1340584880472,
                  35.502005583893876
                ],
                [
                  106.13746253921524,
                  35.5003582679946
                ],
                [
                  106.14089073990337,
                  35.49872099125983
                ],
                [
                  106.144343014229,
                  35.49709374129016
                ],
                [
                  106.14781928630954,
                  35.49547650568617
                ],
                [
                  106.1513194802624,
                  35.49386927204845
                ],
                [
                  106.15484352020498,
                  35.492272027977585
                ],
                [
                  106.15839133025469,
                  35.49068476107415
                ],
                [
                  106.16196283452891,
                  35.48910745893874
                ],
                [
                  106.16555795714508,
                  35.487540109171945
                ],
                [
                  106.16917662222059,
                  35.48598269937434
                ],
                [
                  106.17281875387285,
                  35.48443521714652
                ],
                [
                  106.17648427621926,
                  35.48289765008906
                ],
                [
                  106.18017311337722,
                  35.48136998580255
                ],
                [
                  106.18388518946415,
                  35.479852211887575
                ],
                [
                  106.18762042859744,
                  35.478344315944724
                ],
                [
                  106.19137875489452,
                  35.47684628557458
                ],
                [
                  106.19516009247276,
                  35.47535810837773
                ],
                [
                  106.1989643654496,
                  35.473879771954756
                ],
                [
                  106.20279149794243,
                  35.472411263906245
                ],
                [
                  106.20664141406866,
                  35.47095257183278
                ],
                [
                  106.21051403794567,
                  35.46950368333495
                ],
                [
                  106.2144092936909,
                  35.46806458601334
                ],
                [
                  106.21832710542175,
                  35.46663526746853
                ],
                [
                  106.2222673972556,
                  35.46521571530111
                ],
                [
                  106.2262300933099,
                  35.46380591711168
                ],
                [
                  106.230215117702,
                  35.462405860500795
                ],
                [
                  106.23422239454935,
                  35.461015533069066
                ],
                [
                  106.23825184796934,
                  35.45963492241706
                ],
                [
                  106.24230340207936,
                  35.45826401614538
                ],
                [
                  106.24637698099684,
                  35.45690280185459
                ],
                [
                  106.25047250883918,
                  35.455551267145296
                ],
                [
                  106.25458990972378,
                  35.45420939961808
                ],
                [
                  106.25872910776805,
                  35.452877186873515
                ],
                [
                  106.26289002708938,
                  35.45155461651219
                ],
                [
                  106.2670725918052,
                  35.4502416761347
                ],
                [
                  106.2712767260329,
                  35.44893835334163
                ],
                [
                  106.27550235388988,
                  35.44764463573355
                ],
                [
                  106.27974939949357,
                  35.446360510911056
                ],
                [
                  106.28401778696134,
                  35.44508596647474
                ],
                [
                  106.28830744041063,
                  35.44382099002518
                ],
                [
                  106.29261828395883,
                  35.44256556916296
                ],
                [
                  106.29695024172335,
                  35.441319691488665
                ],
                [
                  106.30130323782159,
                  35.44008334460288
                ],
                [
                  106.30567719637094,
                  35.4388565161062
                ],
                [
                  106.31007204148884,
                  35.437639193599196
                ],
                [
                  106.31448769729268,
                  35.43643136468247
                ],
                [
                  106.31892408789984,
                  35.435233016956595
                ],
                [
                  106.32338113742777,
                  35.43404413802216
                ],
                [
                  106.32785876999385,
                  35.43286471547974
                ],
                [
                  106.33235690971549,
                  35.43169473692994
                ],
                [
                  106.33687548071009,
                  35.43053418997333
                ],
                [
                  106.34141440709507,
                  35.429383062210505
                ],
                [
                  106.34597361298782,
                  35.42824134124205
                ],
                [
                  106.35055302250576,
                  35.42710901466854
                ],
                [
                  106.35515255976628,
                  35.425986070090566
                ],
                [
                  106.35977214888679,
                  35.42487249510872
                ],
                [
                  106.36441171398471,
                  35.42376827732358
                ],
                [
                  106.36907117917742,
                  35.42267340433573
                ],
                [
                  106.37375046858234,
                  35.42158786374577
                ],
                [
                  106.37844950631688,
                  35.42051164315426
                ],
                [
                  106.38316821649845,
                  35.419444730161814
                ],
                [
                  106.38790652324442,
                  35.418387112369
                ],
                [
                  106.39266435067225,
                  35.4173387773764
                ],
                [
                  106.3974416228993,
                  35.41629971278461
                ],
                [
                  106.40223826404299,
                  35.415269906194204
                ],
                [
                  106.40705419822073,
                  35.41424934520578
                ],
                [
                  106.41188934954992,
                  35.41323801741992
                ],
                [
                  106.41674364214798,
                  35.412235910437204
                ],
                [
                  106.42161700013229,
                  35.411243011858225
                ],
                [
                  106.42650934762028,
                  35.41025930928356
                ],
                [
                  106.43142060872934,
                  35.409284790313805
                ],
                [
                  106.43635070757688,
                  35.408319442549534
                ],
                [
                  106.4412995682803,
                  35.407363253591335
                ],
                [
                  106.44626711495701,
                  35.4064162110398
                ],
                [
                  106.45125327172443,
                  35.40547830249551
                ],
                [
                  106.45625796269994,
                  35.40454951555905
                ],
                [
                  106.46128111200096,
                  35.403629837831005
                ],
                [
                  106.4663226437449,
                  35.40271925691196
                ],
                [
                  106.47138248204915,
                  35.40181776040251
                ],
                [
                  106.47646055103112,
                  35.400925335903224
                ],
                [
                  106.48155677480824,
                  35.400041971014694
                ],
                [
                  106.48667107749789,
                  35.399167653337514
                ],
                [
                  106.49180338321746,
                  35.39830237047226
                ],
                [
                  106.4969536160844,
                  35.397446110019516
                ],
                [
                  106.50212170021607,
                  35.396598859579875
                ],
                [
                  106.50730755972991,
                  35.39576060675392
                ],
                [
                  106.5125111187433,
                  35.39493133914223
                ],
                [
                  106.51773230137367,
                  35.3941110443454
                ],
                [
                  106.52297103173841,
                  35.39329970996401
                ],
                [
                  106.52822723395492,
                  35.39249732359865
                ],
                [
                  106.53350083214063,
                  35.391703872849895
                ],
                [
                  106.53879175041291,
                  35.39091934531834
                ],
                [
                  106.5440999128892,
                  35.39014372860456
                ],
                [
                  106.54942524368688,
                  35.389377010309154
                ],
                [
                  106.55476766692338,
                  35.388619178032705
                ],
                [
                  106.56012710671608,
                  35.38787021937579
                ],
                [
                  106.5655034871824,
                  35.387130121939
                ],
                [
                  106.57089673243975,
                  35.38639887332292
                ],
                [
                  106.57630676660551,
                  35.385676461128135
                ],
                [
                  106.58173351379712,
                  35.38496287295523
                ],
                [
                  106.58717689813196,
                  35.38425809640479
                ],
                [
                  106.59263684372745,
                  35.383562119077396
                ],
                [
                  106.59811327470098,
                  35.38287492857365
                ],
                [
                  106.60360611516997,
                  35.38219651249412
                ],
                [
                  106.60911528925182,
                  35.38152685843939
                ],
                [
                  106.61464072106394,
                  35.38086595401006
                ],
                [
                  106.62018233472372,
                  35.38021378680671
                ],
                [
                  106.62574005434858,
                  35.37957034442992
                ],
                [
                  106.63131380405594,
                  35.37893561448028
                ],
                [
                  106.63690350796318,
                  35.37830958455837
                ],
                [
                  106.6425090901877,
                  35.377692242264786
                ],
                [
                  106.64813047484692,
                  35.3770835752001
                ],
                [
                  106.65376758605827,
                  35.376483570964915
                ],
                [
                  106.6594203479391,
                  35.375892217159794
                ],
                [
                  106.66508868460686,
                  35.375309501385345
                ],
                [
                  106.67077252017893,
                  35.374735411242135
                ],
                [
                  106.67647177877274,
                  35.37416993433076
                ],
                [
                  106.68218638450568,
                  35.3736130582518
                ],
                [
                  106.68791626149515,
                  35.37306477060584
                ],
                [
                  106.69366133385856,
                  35.372525058993475
                ],
                [
                  106.69942152571333,
                  35.37199391101528
                ],
                [
                  106.70519676117685,
                  35.371471314271844
                ],
                [
                  106.71098696436653,
                  35.37095725636375
                ],
                [
                  106.71679205939975,
                  35.370451724891595
                ],
                [
                  106.72261197039397,
                  35.369954707455946
                ],
                [
                  106.72844662146656,
                  35.3694661916574
                ],
                [
                  106.73429593673492,
                  35.36898616509654
                ],
                [
                  106.74015984031647,
                  35.368514615373954
                ],
                [
                  106.74603825632862,
                  35.36805153009022
                ],
                [
                  106.75193110888875,
                  35.36759689684593
                ],
                [
                  106.7578383221143,
                  35.36715070324167
                ],
                [
                  106.76375982012264,
                  35.36671293687802
                ],
                [
                  106.76969552703122,
                  35.36628358535557
                ],
                [
                  106.7756453669574,
                  35.365862636274905
                ],
                [
                  106.78160926401861,
                  35.3654500772366
                ],
                [
                  106.78758714233224,
                  35.36504589584126
                ],
                [
                  106.79357892601573,
                  35.36465007968946
                ],
                [
                  106.79958453918644,
                  35.36426261638178
                ],
                [
                  106.8056039059618,
                  35.36388349351881
                ],
                [
                  106.81163695045922,
                  35.36351269870114
                ],
                [
                  106.81768359679609,
                  35.36315021952935
                ],
                [
                  106.82374376908982,
                  35.36279604360403
                ],
                [
                  106.82981739145782,
                  35.36245015852575
                ],
                [
                  106.8359043880175,
                  35.36211255189512
                ],
                [
                  106.84200468288626,
                  35.36178321131271
                ],
                [
                  106.84811820018149,
                  35.361462124379116
                ],
                [
                  106.85424486402061,
                  35.3611492786949
                ],
                [
                  106.86038459852105,
                  35.360844661860675
                ],
                [
                  106.86653732780017,
                  35.360548261477014
                ],
                [
                  106.8727029759754,
                  35.3602600651445
                ],
                [
                  106.87888146716415,
                  35.35998006046372
                ],
                [
                  106.88507272548381,
                  35.359708235035264
                ],
                [
                  106.8912766750518,
                  35.359444576459715
                ],
                [
                  106.89749323998551,
                  35.35918907233766
                ],
                [
                  106.90372234440235,
                  35.358941710269676
                ],
                [
                  106.90996391241976,
                  35.358702477856355
                ],
                [
                  106.91621786815509,
                  35.35847136269828
                ],
                [
                  106.92248413572577,
                  35.358248352396046
                ],
                [
                  106.9287626392492,
                  35.35803343455022
                ],
                [
                  106.9350533028428,
                  35.35782659676141
                ],
                [
                  106.94135605062397,
                  35.357627826630186
                ],
                [
                  106.94767080671011,
                  35.357437111757136
                ],
                [
                  106.95399749521862,
                  35.35725443974284
                ],
                [
                  106.96033604026691,
                  35.3570797981879
                ],
                [
                  106.96668636597241,
                  35.356913174692885
                ],
                [
                  106.97304839645248,
                  35.356754556858384
                ],
                [
                  106.97942205582456,
                  35.35660393228499
                ],
                [
                  106.98580726820605,
                  35.35646128857328
                ],
                [
                  106.99220395771434,
                  35.356326613323844
                ],
                [
                  106.99861204846685,
                  35.35619989413726
                ],
                [
                  107.005031464581,
                  35.35608111861413
                ],
                [
                  107.01146213017415,
                  35.35597027435502
                ],
                [
                  107.01790396936374,
                  35.35586734896054
                ],
                [
                  107.02435690626717,
                  35.35577233003124
                ],
                [
                  107.03082086500184,
                  35.35568520516774
                ],
                [
                  107.03729576968516,
                  35.3556059619706
                ],
                [
                  107.04378154443454,
                  35.35553458804042
                ],
                [
                  107.05027811336737,
                  35.355471070977785
                ],
                [
                  107.05678540060107,
                  35.35541539838327
                ],
                [
                  107.06330333025305,
                  35.35536755785747
                ],
                [
                  107.06983182644069,
                  35.35532753700097
                ],
                [
                  107.07637081328143,
                  35.355295323414346
                ],
                [
                  107.08292021489264,
                  35.355270904698195
                ],
                [
                  107.08947995539175,
                  35.355254268453095
                ],
                [
                  107.09604995889615,
                  35.355245402279635
                ],
                [
                  107.10263014952326,
                  35.3552442937784
                ],
                [
                  107.10922045139048,
                  35.35525093054997
                ],
                [
                  107.11582078861521,
                  35.355265300194944
                ],
                [
                  107.12243108531486,
                  35.3552873903139
                ],
                [
                  107.12905126560685,
                  35.355317188507414
                ],
                [
                  107.13568125360855,
                  35.35535468237608
                ],
                [
                  107.14232097343739,
                  35.35539985952049
                ],
                [
                  107.14897034921077,
                  35.35545270754122
                ],
                [
                  107.1556293050461,
                  35.355513214038844
                ],
                [
                  107.1622977650608,
                  35.355581366613976
                ],
                [
                  107.16897565337224,
                  35.35565715286718
                ],
                [
                  107.17566289409784,
                  35.355740560399056
                ],
                [
                  107.18235941135502,
                  35.355831576810175
                ],
                [
                  107.18906512926117,
                  35.35593018970113
                ],
                [
                  107.1957799719337,
                  35.3560363866725
                ],
                [
                  107.20250386349001,
                  35.35615015532488
                ],
                [
                  107.20923672804753,
                  35.35627148325885
                ],
                [
                  107.21597848972362,
                  35.35640035807499
                ],
                [
                  107.22272907263573,
                  35.3565367673739
                ],
                [
                  107.22948840090123,
                  35.35668069875616
                ],
                [
                  107.23625639863756,
                  35.356832139822345
                ],
                [
                  107.2430329899621,
                  35.356991078173046
                ],
                [
                  107.24981809899226,
                  35.35715750140886
                ],
                [
                  107.25661164984547,
                  35.35733139713035
                ],
                [
                  107.26341356663909,
                  35.35751275293812
                ],
                [
                  107.27022377349056,
                  35.35770155643275
                ],
                [
                  107.27704219451728,
                  35.35789779521483
                ],
                [
                  107.28386875383664,
                  35.35810145688493
                ],
                [
                  107.29070337556607,
                  35.35831252904365
                ],
                [
                  107.29754598382294,
                  35.358530999291574
                ],
                [
                  107.3043965027247,
                  35.35875685522929
                ],
                [
                  107.31125485638871,
                  35.35899008445737
                ],
                [
                  107.31812096893242,
                  35.3592306745764
                ],
                [
                  107.32499476447322,
                  35.35947861318698
                ],
                [
                  107.33187616712848,
                  35.35973388788968
                ],
                [
                  107.33876510101565,
                  35.359996486285105
                ],
                [
                  107.34566149025213,
                  35.360266395973824
                ],
                [
                  107.35256525895531,
                  35.360543604556426
                ],
                [
                  107.35947633124259,
                  35.3608280996335
                ],
                [
                  107.36639463123139,
                  35.36111986880563
                ],
                [
                  107.37332008303912,
                  35.361418899673396
                ],
                [
                  107.38025261078317,
                  35.36172517983739
                ],
                [
                  107.38719213858096,
                  35.362038696898196
                ],
                [
                  107.39413859054987,
                  35.3623594384564
                ],
                [
                  107.40109189080735,
                  35.36268739211258
                ],
                [
                  107.40805196347077,
                  35.36302254546733
                ],
                [
                  107.41501873265753,
                  35.36336488612124
                ],
                [
                  107.42199212248507,
                  35.36371440167488
                ],
                [
                  107.42897205707077,
                  35.364071079728845
                ],
                [
                  107.43595846053204,
                  35.36443490788372
                ],
                [
                  107.44295125698628,
                  35.36480587374009
                ],
                [
                  107.44995037055091,
                  35.365183964898534
                ],
                [
                  107.45695572534332,
                  35.36556916895965
                ],
                [
                  107.46396724548093,
                  35.36596147352401
                ],
                [
                  107.47098485508114,
                  35.36636086619221
                ],
                [
                  107.47800847826134,
                  35.366767334564834
                ],
                [
                  107.48503803913897,
                  35.367180866242464
                ],
                [
                  107.49207346183141,
                  35.36760144882568
                ],
                [
                  107.49911467045607,
                  35.36802906991508
                ],
                [
                  107.50616158913034,
                  35.36846371711124
                ],
                [
                  107.51321414197166,
                  35.36890537801475
                ],
                [
                  107.52027225309742,
                  35.36935404022619
                ],
                [
                  107.527335846625,
                  35.369809691346155
                ],
                [
                  107.53440484667185,
                  35.37027231897522
                ],
                [
                  107.54147917735533,
                  35.370741910713974
                ],
                [
                  107.54855876279288,
                  35.37121845416301
                ],
                [
                  107.5556435271019,
                  35.371701936922896
                ],
                [
                  107.56273339439979,
                  35.37219234659423
                ],
                [
                  107.56982828880395,
                  35.3726896707776
                ],
                [
                  107.5769281344318,
                  35.37319389707359
                ],
                [
                  107.58403285540072,
                  35.373705013082784
                ],
                [
                  107.59114237582814,
                  35.37422300640576
                ],
                [
                  107.59825661983146,
                  35.374747864643105
                ],
                [
                  107.60537551152807,
                  35.37527957539541
                ],
                [
                  107.6124989750354,
                  35.37581812626326
                ],
                [
                  107.61962693447083,
                  35.37636350484724
                ],
                [
                  107.6267593139518,
                  35.37691569874794
                ],
                [
                  107.63389603759568,
                  35.37747469556594
                ],
                [
                  107.6410370295199,
                  35.37804048290182
                ],
                [
                  107.64818221384184,
                  35.37861304835617
                ],
                [
                  107.65533151467892,
                  35.37919237952958
                ],
                [
                  107.66248485614855,
                  35.37977846402263
                ],
                [
                  107.66964216236815,
                  35.38037128943591
                ],
                [
                  107.67680335745509,
                  35.380970843369994
                ],
                [
                  107.6839683655268,
                  35.38157711342548
                ],
                [
                  107.69113711070067,
                  35.38219008720295
                ],
                [
                  107.69830951709412,
                  35.38280975230299
                ],
                [
                  107.70548550882454,
                  35.383436096326186
                ],
                [
                  107.71266501000935,
                  35.38406910687312
                ],
                [
                  107.71984794476595,
                  35.384708771544375
                ],
                [
                  107.72703423721174,
                  35.385355077940545
                ],
                [
                  107.73422381146415,
                  35.386008013662206
                ],
                [
                  107.74141659164054,
                  35.38666756630995
                ],
                [
                  107.74861250185836,
                  35.38733372348436
                ],
                [
                  107.75581146623499,
                  35.388006472786024
                ],
                [
                  107.76301340888784,
                  35.38868580181553
                ],
                [
                  107.77021825393433,
                  35.38937169817345
                ],
                [
                  107.77742592549184,
                  35.39006414946038
                ],
                [
                  107.78463634767779,
                  35.3907631432769
                ],
                [
                  107.7918494446096,
                  35.391468667223606
                ],
                [
                  107.79906514040465,
                  35.39218070890107
                ],
                [
                  107.80628335918036,
                  35.39289925590989
                ],
                [
                  107.81350402505412,
                  35.39362429585064
                ],
                [
                  107.82072706214335,
                  35.39435581632391
                ],
                [
                  107.82795239456546,
                  35.39509380493029
                ],
                [
                  107.83517994643783,
                  35.39583824927036
                ],
                [
                  107.8424096418779,
                  35.396589136944705
                ],
                [
                  107.84964140500304,
                  35.39734645555391
                ],
                [
                  107.8568751599307,
                  35.39811019269857
                ],
                [
                  107.86411083077824,
                  35.39888033597926
                ],
                [
                  107.8713483416631,
                  35.39965687299656
                ],
                [
                  107.87858761670265,
                  35.40043979135107
                ],
                [
                  107.88582858001433,
                  35.40122907864337
                ],
                [
                  107.89307115571552,
                  35.40202472247404
                ],
                [
                  107.90031526792365,
                  35.40282671044367
                ],
                [
                  107.9075608407561,
                  35.40363503015285
                ],
                [
                  107.9148077983303,
                  35.40444966920216
                ],
                [
                  107.92205606476364,
                  35.40527061519219
                ],
                [
                  107.92930556417352,
                  35.406097855723516
                ],
                [
                  107.93655622067736,
                  35.40693137839672
                ],
                [
                  107.94380795839255,
                  35.40777117081241
                ],
                [
                  107.95106070143652,
                  35.40861722057115
                ],
                [
                  107.95831437392665,
                  35.409469515273535
                ],
                [
                  107.96556889998035,
                  35.41032804252015
                ],
                [
                  107.97282420371505,
                  35.41119278991158
                ],
                [
                  107.98008020924811,
                  35.41206374504841
                ],
                [
                  107.987336840697,
                  35.412940895531214
                ],
                [
                  107.99459402217906,
                  35.4138242289606
                ],
                [
                  108.00185167781173,
                  35.41471373293713
                ],
                [
                  108.0091097317124,
                  35.41560939506141
                ],
                [
                  108.01636810799849,
                  35.41651120293402
                ],
                [
                  108.02362673078741,
                  35.41741914415553
                ],
                [
                  108.03088552419655,
                  35.418333206326544
                ],
                [
                  108.03814441234331,
                  35.41925337704764
                ],
                [
                  108.04540331934511,
                  35.420179643919404
                ],
                [
                  108.05266216931935,
                  35.421111994542414
                ],
                [
                  108.05992088638345,
                  35.42205041651727
                ],
                [
                  108.06717939465479,
                  35.422994897444546
                ],
                [
                  108.07443761825078,
                  35.42394542492484
                ],
                [
                  108.08169548128885,
                  35.424901986558716
                ],
                [
                  108.08895290788638,
                  35.425864569946775
                ],
                [
                  108.0962098221608,
                  35.426833162689604
                ],
                [
                  108.10346614822947,
                  35.427807752387785
                ],
                [
                  108.11072181020985,
                  35.4287883266419
                ],
                [
                  108.11797673221932,
                  35.42977487305254
                ],
                [
                  108.12523083837527,
                  35.43076737922028
                ],
                [
                  108.13248405279514,
                  35.43176583274572
                ],
                [
                  108.1397362995963,
                  35.43277022122943
                ],
                [
                  108.14698750289617,
                  35.43378053227201
                ],
                [
                  108.15423758681217,
                  35.43479675347403
                ],
                [
                  108.16148647546169,
                  35.435818872436094
                ],
                [
                  108.16873409296214,
                  35.43684687675878
                ],
                [
                  108.17598036343092,
                  35.43788075404266
                ],
                [
                  108.18322521098544,
                  35.43892049188833
                ],
                [
                  108.19046855974311,
                  35.439966077896386
                ],
                [
                  108.19771033382133,
                  35.441017499667396
                ],
                [
                  108.2049504573375,
                  35.44207474480196
                ],
                [
                  108.21218885440905,
                  35.443137800900644
                ],
                [
                  108.21942544915335,
                  35.44420665556406
                ],
                [
                  108.22666016568782,
                  35.445281296392764
                ],
                [
                  108.23389292812988,
                  35.44636171098736
                ],
                [
                  108.24112366059691,
                  35.44744788694844
                ],
                [
                  108.24835228720634,
                  35.448539811876564
                ],
                [
                  108.25557873207556,
                  35.44963747337234
                ],
                [
                  108.26280291932198,
                  35.450740859036344
                ],
                [
                  108.270024773063,
                  35.45184995646917
                ],
                [
                  108.27724421741604,
                  35.45296475327139
                ],
                [
                  108.2844611764985,
                  35.45408523704359
                ],
                [
                  108.29167557442777,
                  35.45521139538637
                ],
                [
                  108.29888733532127,
                  35.456343215900304
                ],
                [
                  108.3060963832964,
                  35.45748068618598
                ],
                [
                  108.31330264247057,
                  35.458623793843984
                ],
                [
                  108.32050603696119,
                  35.4597725264749
                ],
                [
                  108.32770649088566,
                  35.46092687167932
                ],
                [
                  108.33490392836138,
                  35.462086817057816
                ],
                [
                  108.34209827350577,
                  35.46325235021098
                ],
                [
                  108.3492894504362,
                  35.464423458739404
                ],
                [
                  108.35647738327012,
                  35.465600130243665
                ],
                [
                  108.36366199612492,
                  35.46678235232435
                ],
                [
                  108.370843213118,
                  35.46797011258205
                ],
                [
                  108.37802095836675,
                  35.46916339861735
                ],
                [
                  108.38519515598861,
                  35.47036219803083
                ],
                [
                  108.39236573010096,
                  35.471566498423066
                ],
                [
                  108.39953260482122,
                  35.47277628739466
                ],
                [
                  108.40669570426678,
                  35.473991552546195
                ],
                [
                  108.41385495255507,
                  35.47521228147824
                ],
                [
                  108.42101027380346,
                  35.47643846179141
                ],
                [
                  108.42816159212938,
                  35.477670081086266
                ],
                [
                  108.43530883165025,
                  35.478907126963406
                ],
                [
                  108.44245191648345,
                  35.480149587023405
                ],
                [
                  108.44959077074638,
                  35.48139744886686
                ],
                [
                  108.45672531855647,
                  35.48265070009434
                ],
                [
                  108.4638554840311,
                  35.48390932830645
                ],
                [
                  108.47098119128769,
                  35.485173321103765
                ],
                [
                  108.47810236444366,
                  35.48644266608687
                ],
                [
                  108.48521892761639,
                  35.48771735085636
                ],
                [
                  108.49233080492328,
                  35.4889973630128
                ],
                [
                  108.49943792048177,
                  35.49028269015679
                ],
                [
                  108.50654019840924,
                  35.491573319888914
                ],
                [
                  108.51363756282309,
                  35.492869239809764
                ],
                [
                  108.52072993784076,
                  35.49417043751991
                ],
                [
                  108.52781724757962,
                  35.49547690061995
                ],
                [
                  108.53489941615709,
                  35.49678861671046
                ],
                [
                  108.54197636769057,
                  35.49810557339204
                ],
                [
                  108.54904802629746,
                  35.499427758265256
                ],
                [
                  108.55611431609518,
                  35.5007551589307
                ],
                [
                  108.56317516120113,
                  35.50208776298897
                ],
                [
                  108.57023048573272,
                  35.50342555804064
                ],
                [
                  108.57728021380734,
                  35.504768531686295
                ],
                [
                  108.58432426954242,
                  35.50611667152652
                ],
                [
                  108.59136257705535,
                  35.50746996516191
                ],
                [
                  108.59839506046353,
                  35.50882840019304
                ],
                [
                  108.60542164388437,
                  35.510191964220496
                ],
                [
                  108.61244225143528,
                  35.51156064484486
                ],
                [
                  108.61945680723366,
                  35.512934429666736
                ],
                [
                  108.62646523539692,
                  35.514313306286695
                ],
                [
                  108.63346746004248,
                  35.51569726230532
                ],
                [
                  108.6404634052877,
                  35.5170862853232
                ],
                [
                  108.64745299525005,
                  35.51848036294093
                ],
                [
                  108.65443615404688,
                  35.51987948275908
                ],
                [
                  108.66141280579562,
                  35.52128363237824
                ],
                [
                  108.66838287461367,
                  35.522692799399
                ],
                [
                  108.67534628461843,
                  35.52410697142194
                ],
                [
                  108.68230295992733,
                  35.52552613604766
                ],
                [
                  108.68925282465774,
                  35.52695028087672
                ],
                [
                  108.6961958029271,
                  35.528379393509724
                ],
                [
                  108.70313181885278,
                  35.52981346154725
                ],
                [
                  108.71006079655221,
                  35.53125247258989
                ],
                [
                  108.71698266014279,
                  35.532696414238224
                ],
                [
                  108.72389733374193,
                  35.534145274092836
                ],
                [
                  108.73080474146704,
                  35.53559903975432
                ],
                [
                  108.7377048074355,
                  35.53705769882325
                ],
                [
                  108.74459745576473,
                  35.538521238900216
                ],
                [
                  108.75148261057215,
                  35.539989647585806
                ],
                [
                  108.75836019597514,
                  35.541462912480604
                ],
                [
                  108.76523013609113,
                  35.54294102118519
                ],
                [
                  108.7720923550375,
                  35.54442396130016
                ],
                [
                  108.77894677693169,
                  35.54591172042609
                ],
                [
                  108.78579332589106,
                  35.54740428616357
                ],
                [
                  108.79263192603305,
                  35.54890164611319
                ],
                [
                  108.79946250147506,
                  35.550403787875524
                ],
                [
                  108.8062849763345,
                  35.55191069905116
                ],
                [
                  108.81309927472874,
                  35.5534223672407
                ],
                [
                  108.81990532077523,
                  35.55493878004471
                ],
                [
                  108.82670303859135,
                  35.55645992506378
                ],
                [
                  108.83349235229451,
                  35.55798578989849
                ],
                [
                  108.84027318600214,
                  35.55951636214944
                ],
                [
                  108.8470454638316,
                  35.56105162941721
                ],
                [
                  108.85380910990033,
                  35.56259157930238
                ],
                [
                  108.86056404832571,
                  35.56413619940553
                ],
                [
                  108.86731020322517,
                  35.565685477327264
                ],
                [
                  108.87404749871612,
                  35.56723940066816
                ],
                [
                  108.88077585891594,
                  35.56879795702879
                ],
                [
                  108.88749520794204,
                  35.57036113400976
                ],
                [
                  108.89420546991184,
                  35.57192891921164
                ],
                [
                  108.90090656894273,
                  35.57350130023502
                ],
                [
                  108.90759842915212,
                  35.57507826468049
                ],
                [
                  108.91428097465743,
                  35.57665980014863
                ],
                [
                  108.92095412957605,
                  35.578245894240034
                ],
                [
                  108.92761781802538,
                  35.57983653455527
                ],
                [
                  108.93427196412284,
                  35.581431708694936
                ],
                [
                  108.94091649198583,
                  35.58303140425962
                ],
                [
                  108.94755132573175,
                  35.5846356088499
                ],
                [
                  108.95417638947802,
                  35.58624431006636
                ],
                [
                  108.96079160734205,
                  35.587857495509596
                ],
                [
                  108.96739690344121,
                  35.58947515278019
                ],
                [
                  108.97399220189294,
                  35.591097269478716
                ],
                [
                  108.98057742681462,
                  35.592723833205774
                ],
                [
                  108.98715250232368,
                  35.59435483156194
                ],
                [
                  108.9937173525375,
                  35.5959902521478
                ],
                [
                  109.00027190157351,
                  35.59763008256394
                ],
                [
                  109.0068160735491,
                  35.599274310410955
                ],
                [
                  109.01334979258169,
                  35.60092292328942
                ],
                [
                  109.01987298278867,
                  35.60257590879992
                ],
                [
                  109.02638556828745,
                  35.60423325454305
                ],
                [
                  109.03288747319544,
                  35.605894948119385
                ],
                [
                  109.03937862163005,
                  35.60756097712951
                ],
                [
                  109.04585893770866,
                  35.609231329174015
                ],
                [
                  109.0523283455487,
                  35.61090599185349
                ],
                [
                  109.05878676926757,
                  35.612584952768515
                ],
                [
                  109.06523413298268,
                  35.61426819951967
                ],
                [
                  109.07167036081141,
                  35.61595571970756
                ],
                [
                  109.0780953768712,
                  35.61764750093274
                ],
                [
                  109.08450910527944,
                  35.619343530795824
                ],
                [
                  109.09091147015353,
                  35.62104379689738
                ],
                [
                  109.0973023956109,
                  35.622748286838
                ],
                [
                  109.10368180576891,
                  35.62445698821826
                ],
                [
                  109.110049624745,
                  35.62616988863877
                ],
                [
                  109.11640577665658,
                  35.627886975700086
                ],
                [
                  109.12275018562103,
                  35.62960823700281
                ],
                [
                  109.12908277575578,
                  35.63133366014753
                ],
                [
                  109.13540347117822,
                  35.63306323273482
                ],
                [
                  109.14171219600576,
                  35.63479694236527
                ],
                [
                  109.1480088743558,
                  35.636534776639465
                ],
                [
                  109.15429343034575,
                  35.63827672315799
                ],
                [
                  109.16056578809302,
                  35.64002276952144
                ],
                [
                  109.166825871715,
                  35.64177290333039
                ],
                [
                  109.17307360532912,
                  35.643527112185424
                ],
                [
                  109.17930891305278,
                  35.64528538368713
                ],
                [
                  109.18553171900336,
                  35.6470477054361
                ],
                [
                  109.1917419472983,
                  35.64881406503291
                ],
                [
                  109.19793952205498,
                  35.65058445007815
                ],
                [
                  109.20412436739082,
                  35.652358848172405
                ],
                [
                  109.21029640742321,
                  35.65413724691626
                ],
                [
                  109.21645556626956,
                  35.655919633910294
                ],
                [
                  109.2226017680473,
                  35.657705996755105
                ],
                [
                  109.2287349368738,
                  35.65949632305127
                ],
                [
                  109.23485499686649,
                  35.66129060039938
                ],
                [
                  109.24096187214276,
                  35.66308881640002
                ],
                [
                  109.24705548682003,
                  35.664890958653764
                ],
                [
                  109.2531357650157,
                  35.66669701476121
                ],
                [
                  109.25920263084717,
                  35.66850697232294
                ],
                [
                  109.26525600843185,
                  35.67032081893954
                ],
                [
                  109.27129582188714,
                  35.672138542211584
                ],
                [
                  109.27732199533045,
                  35.673960129739676
                ],
                [
                  109.28333445287919,
                  35.67578556912439
                ],
                [
                  109.28933311865076,
                  35.67761484796632
                ],
                [
                  109.29531791676256,
                  35.67944795386604
                ],
                [
                  109.30128877133201,
                  35.68128487442414
                ],
                [
                  109.3072456064765,
                  35.68312559724121
                ],
                [
                  109.31318834631345,
                  35.68497010991783
                ],
                [
                  109.31911691496025,
                  35.68681840005459
                ],
                [
                  109.32503123653433,
                  35.688670455252065
                ],
                [
                  109.33093123515306,
                  35.690526263110854
                ],
                [
                  109.33681683493387,
                  35.69238581123154
                ],
                [
                  109.34268795999417,
                  35.6942490872147
                ],
                [
                  109.34854453445134,
                  35.69611607866092
                ],
                [
                  109.35438648242281,
                  35.6979867731708
                ],
                [
                  109.36021372802597,
                  35.6998611583449
                ],
                [
                  109.36602619537824,
                  35.70173922178383
                ],
                [
                  109.37182380859701,
                  35.70362095108817
                ],
                [
                  109.3776064917997,
                  35.705506333858494
                ],
                [
                  109.3833741691037,
                  35.7073953576954
                ],
                [
                  109.38912676462643,
                  35.70928801019946
                ],
                [
                  109.3948642024853,
                  35.711184278971274
                ],
                [
                  109.40058640679769,
                  35.71308415161142
                ],
                [
                  109.40629330168102,
                  35.71498761572048
                ],
                [
                  109.4119848112527,
                  35.71689465889905
                ],
                [
                  109.41766085963012,
                  35.7188052687477
                ],
                [
                  109.42332137093071,
                  35.72071943286703
                ],
                [
                  109.42896626927185,
                  35.72263713885762
                ],
                [
                  109.43459547877097,
                  35.724558374320054
                ],
                [
                  109.44020892354546,
                  35.72648312685492
                ],
                [
                  109.44580652771273,
                  35.7284113840628
                ],
                [
                  109.45138821539018,
                  35.73034313354428
                ],
                [
                  109.45695391069522,
                  35.732278362899955
                ],
                [
                  109.46250353774525,
                  35.73421705973039
                ],
                [
                  109.46803702065769,
                  35.73615921163619
                ],
                [
                  109.47355428354993,
                  35.73810480621793
                ],
                [
                  109.47905525053937,
                  35.7400538310762
                ],
                [
                  109.48453984574346,
                  35.74200627381159
                ],
                [
                  109.49000799327953,
                  35.74396212202467
                ],
                [
                  109.49545961726506,
                  35.745921363316036
                ],
                [
                  109.50089464181741,
                  35.74788398528627
                ],
                [
                  109.506312991054,
                  35.749849975535966
                ],
                [
                  109.51171458909224,
                  35.7518193216657
                ],
                [
                  109.51709936004951,
                  35.75379201127606
                ],
                [
                  109.52246722804325,
                  35.75576803196763
                ],
                [
                  109.52781811719086,
                  35.757747371341
                ],
                [
                  109.53315195160972,
                  35.75973001699675
                ],
                [
                  109.53846865541726,
                  35.76171595653547
                ],
                [
                  109.54376815273088,
                  35.76370517755773
                ],
                [
                  109.54905036766796,
                  35.76569766766414
                ],
                [
                  109.55431522434594,
                  35.76769341445528
                ],
                [
                  109.55956264688223,
                  35.76969240553172
                ],
                [
                  109.56479255939419,
                  35.77169462849406
                ],
                [
                  109.57000488599928,
                  35.77370007094287
                ],
                [
                  109.57519955081487,
                  35.77570872047876
                ],
                [
                  109.58037647795837,
                  35.77772056470229
                ],
                [
                  109.5855355915472,
                  35.77973559121406
                ],
                [
                  109.59067681569874,
                  35.78175378761465
                ],
                [
                  109.59580007453043,
                  35.78377514150465
                ],
                [
                  109.60090529215965,
                  35.78579964048464
                ],
                [
                  109.60599239270381,
                  35.78782727215521
                ],
                [
                  109.61106130028031,
                  35.78985802411694
                ],
                [
                  109.61611193900657,
                  35.79189188397042
                ],
                [
                  109.621144233,
                  35.79392883931624
                ],
                [
                  109.6265706426293,
                  35.79616567628738
                ],
                [
                  109.63198289212121,
                  35.79846576365449
                ],
                [
                  109.63738094560793,
                  35.800828595780075
                ],
                [
                  109.64276476722158,
                  35.80325366702664
                ],
                [
                  109.64813432109435,
                  35.80574047175668
                ],
                [
                  109.65348957135839,
                  35.8082885043327
                ],
                [
                  109.65883048214589,
                  35.81089725911722
                ],
                [
                  109.664157017589,
                  35.81356623047273
                ],
                [
                  109.66946914181989,
                  35.816294912761734
                ],
                [
                  109.67476681897074,
                  35.81908280034675
                ],
                [
                  109.6800500131737,
                  35.82192938759027
                ],
                [
                  109.68531868856093,
                  35.82483416885479
                ],
                [
                  109.69057280926462,
                  35.82779663850284
                ],
                [
                  109.69581233941692,
                  35.830816290896905
                ],
                [
                  109.70103724315,
                  35.833892620399496
                ],
                [
                  109.70624748459603,
                  35.8370251213731
                ],
                [
                  109.71144302788717,
                  35.84021328818025
                ],
                [
                  109.7166238371556,
                  35.84345661518344
                ],
                [
                  109.72178987653346,
                  35.84675459674517
                ],
                [
                  109.72694111015294,
                  35.85010672722794
                ],
                [
                  109.73207750214621,
                  35.853512500994256
                ],
                [
                  109.7371990166454,
                  35.85697141240664
                ],
                [
                  109.74230561778273,
                  35.860482955827564
                ],
                [
                  109.74739726969032,
                  35.86404662561956
                ],
                [
                  109.75247393650037,
                  35.86766191614512
                ],
                [
                  109.75753558234503,
                  35.871328321766754
                ],
                [
                  109.76258217135646,
                  35.87504533684696
                ],
                [
                  109.76761366766684,
                  35.878812455748246
                ],
                [
                  109.77263003540833,
                  35.88262917283312
                ],
                [
                  109.7776312387131,
                  35.88649498246408
                ],
                [
                  109.78261724171331,
                  35.89040937900363
                ],
                [
                  109.78758800854112,
                  35.894371856814274
                ],
                [
                  109.79254350332873,
                  35.89838191025852
                ],
                [
                  109.79748369020827,
                  35.902439033698876
                ],
                [
                  109.80240853331192,
                  35.906542721497836
                ],
                [
                  109.80731799677186,
                  35.91069246801791
                ],
                [
                  109.81221204472023,
                  35.91488776762161
                ],
                [
                  109.81709064128921,
                  35.91912811467142
                ],
                [
                  109.82195375061097,
                  35.923413003529866
                ],
                [
                  109.82680133681768,
                  35.92774192855944
                ],
                [
                  109.83163336404148,
                  35.93211438412265
                ],
                [
                  109.83644979641457,
                  35.93652986458199
                ],
                [
                  109.84125059806911,
                  35.940987864299984
                ],
                [
                  109.84603573313724,
                  35.945487877639124
                ],
                [
                  109.85080516575115,
                  35.95002939896192
                ],
                [
                  109.855558860043,
                  35.95461192263086
                ],
                [
                  109.86029678014496,
                  35.95923494300847
                ],
                [
                  109.8650188901892,
                  35.963897954457245
                ],
                [
                  109.86972515430789,
                  35.96860045133968
                ],
                [
                  109.87441553663317,
                  35.9733419280183
                ],
                [
                  109.87909000129723,
                  35.97812187885559
                ],
                [
                  109.88374851243222,
                  35.98293979821406
                ],
                [
                  109.88839103417033,
                  35.987795180456224
                ],
                [
                  109.8930175306437,
                  35.99268751994458
                ],
                [
                  109.89762796598453,
                  35.997616311041625
                ],
                [
                  109.90222230432495,
                  36.00258104810987
                ],
                [
                  109.90680050979715,
                  36.00758122551182
                ],
                [
                  109.9113625465333,
                  36.01261633760997
                ],
                [
                  109.91590837866553,
                  36.01768587876684
                ],
                [
                  109.92043797032605,
                  36.022789343344925
                ],
                [
                  109.92495128564701,
                  36.02792622570673
                ],
                [
                  109.92944828876057,
                  36.03309602021476
                ],
                [
                  109.93392894379889,
                  36.038298221231514
                ],
                [
                  109.93839321489416,
                  36.04353232311951
                ],
                [
                  109.94284106617854,
                  36.048797820241234
                ],
                [
                  109.94727246178418,
                  36.054094206959206
                ],
                [
                  109.95168736584327,
                  36.059420977635924
                ],
                [
                  109.95608574248796,
                  36.06477762663389
                ],
                [
                  109.96046755585041,
                  36.070163648315614
                ],
                [
                  109.9648327700628,
                  36.0755785370436
                ],
                [
                  109.9691813492573,
                  36.08102178718033
                ],
                [
                  109.97351325756607,
                  36.08649289308835
                ],
                [
                  109.97782845912127,
                  36.09199134913013
                ],
                [
                  109.98212691805507,
                  36.09751664966819
                ],
                [
                  109.98640859849966,
                  36.10306828906503
                ],
                [
                  109.99067346458718,
                  36.10864576168315
                ],
                [
                  109.99492148044979,
                  36.11424856188506
                ],
                [
                  109.99915261021968,
                  36.11987618403327
                ],
                [
                  110.003366818029,
                  36.12552812249027
                ],
                [
                  110.00756406800991,
                  36.131203871618574
                ],
                [
                  110.0117443242946,
                  36.13690292578069
                ],
                [
                  110.01590755101522,
                  36.14262477933911
                ],
                [
                  110.02005371230395,
                  36.14836892665634
                ],
                [
                  110.02418277229295,
                  36.15413486209489
                ],
                [
                  110.02829469511437,
                  36.15992208001727
                ],
                [
                  110.0323894449004,
                  36.16573007478598
                ],
                [
                  110.03646698578319,
                  36.17155834076351
                ],
                [
                  110.04052728189492,
                  36.17740637231238
                ],
                [
                  110.04457029736776,
                  36.18327366379509
                ],
                [
                  110.04859599633384,
                  36.18915970957415
                ],
                [
                  110.05260434292538,
                  36.19506400401205
                ],
                [
                  110.05659530127451,
                  36.2009860414713
                ],
                [
                  110.06056883551341,
                  36.20692531631442
                ],
                [
                  110.06452490977424,
                  36.2128813229039
                ],
                [
                  110.06846348818915,
                  36.21885355560224
                ],
                [
                  110.07238453489035,
                  36.224841508771945
                ],
                [
                  110.07628801400998,
                  36.23084467677553
                ],
                [
                  110.0801738896802,
                  36.2368625539755
                ],
                [
                  110.08404212603318,
                  36.24289463473434
                ],
                [
                  110.0878926872011,
                  36.24894041341457
                ],
                [
                  110.09172553731612,
                  36.2549993843787
                ],
                [
                  110.09554064051041,
                  36.26107104198922
                ],
                [
                  110.09933796091612,
                  36.267154880608636
                ],
                [
                  110.10311746266542,
                  36.273250394599465
                ],
                [
                  110.1068791098905,
                  36.279357078324196
                ],
                [
                  110.1106228667235,
                  36.28547442614534
                ],
                [
                  110.1143486972966,
                  36.29160193242541
                ],
                [
                  110.11805656574197,
                  36.297739091526886
                ],
                [
                  110.12174643619176,
                  36.303885397812294
                ],
                [
                  110.12541827277815,
                  36.31004034564414
                ],
                [
                  110.1290720396333,
                  36.316203429384906
                ],
                [
                  110.13270770088938,
                  36.32237414339712
                ],
                [
                  110.13632522067857,
                  36.32855198204327
                ],
                [
                  110.13992456313301,
                  36.33473643968587
                ],
                [
                  110.14350569238488,
                  36.34092701068742
                ],
                [
                  110.14706857256634,
                  36.34712318941043
                ],
                [
                  110.15061316780955,
                  36.3533244702174
                ],
                [
                  110.15413944224672,
                  36.35953034747083
                ],
                [
                  110.15764736000996,
                  36.36574031553323
                ],
                [
                  110.16113688523147,
                  36.3719538687671
                ],
                [
                  110.1646079820434,
                  36.378170501534946
                ],
                [
                  110.16806061457794,
                  36.38438970819928
                ],
                [
                  110.17149474696723,
                  36.39061098312259
                ],
                [
                  110.17491034334346,
                  36.396833820667396
                ],
                [
                  110.17830736783876,
                  36.4030577151962
                ],
                [
                  110.18168578458534,
                  36.40928216107149
                ],
                [
                  110.18504555771534,
                  36.41550665265579
                ],
                [
                  110.18838665136093,
                  36.4217306843116
                ],
                [
                  110.19170902965428,
                  36.427953750401414
                ],
                [
                  110.19501265672756,
                  36.43417534528774
                ],
                [
                  110.19829749671293,
                  36.44039496333309
                ],
                [
                  110.20156351374254,
                  36.44661209889997
                ],
                [
                  110.20481067194861,
                  36.45282624635087
                ],
                [
                  110.20803893546325,
                  36.459036900048304
                ],
                [
                  110.21124826841864,
                  36.46524355435478
                ],
                [
                  110.21443863494697,
                  36.47144570363279
                ],
                [
                  110.2176099991804,
                  36.47764284224485
                ],
                [
                  110.22076232525107,
                  36.48383446455345
                ],
                [
                  110.22389557729117,
                  36.49002006492112
                ],
                [
                  110.22700971943287,
                  36.496199137710335
                ],
                [
                  110.23010471580832,
                  36.502371177283614
                ],
                [
                  110.23318053054969,
                  36.50853567800346
                ],
                [
                  110.23623712778915,
                  36.514692134232384
                ],
                [
                  110.23927447165887,
                  36.52084004033288
                ],
                [
                  110.24229252629101,
                  36.52697889066745
                ],
                [
                  110.24529125581775,
                  36.53310817959861
                ],
                [
                  110.24827062437123,
                  36.53922740148885
                ],
                [
                  110.25123059608364,
                  36.54533605070068
                ],
                [
                  110.25417113508715,
                  36.551433621596615
                ],
                [
                  110.2570922055139,
                  36.55751960853915
                ],
                [
                  110.25999377149608,
                  36.563593505890786
                ],
                [
                  110.26287579716585,
                  36.569654808014036
                ],
                [
                  110.26573824665536,
                  36.57570300927139
                ],
                [
                  110.26858108409681,
                  36.58173760402538
                ],
                [
                  110.27140427362234,
                  36.58775808663847
                ],
                [
                  110.27420777936412,
                  36.59376395147321
                ],
                [
                  110.27699156545432,
                  36.59975469289206
                ],
                [
                  110.27975559602511,
                  36.60572980525755
                ],
                [
                  110.28249983520867,
                  36.611688782932184
                ],
                [
                  110.28522424713712,
                  36.61763112027846
                ],
                [
                  110.28792879594269,
                  36.62355631165888
                ],
                [
                  110.29061344575749,
                  36.62946385143596
                ],
                [
                  110.29327816071371,
                  36.63535323397219
                ],
                [
                  110.29592290494352,
                  36.64122395363008
                ],
                [
                  110.2985476425791,
                  36.64707550477213
                ],
                [
                  110.30115233775258,
                  36.65290738176086
                ],
                [
                  110.30373695459615,
                  36.65871907895876
                ],
                [
                  110.30630145724197,
                  36.664510090728335
                ],
                [
                  110.30884580982222,
                  36.6702799114321
                ],
                [
                  110.31136997646904,
                  36.67602803543254
                ],
                [
                  110.31387392131461,
                  36.68175395709217
                ],
                [
                  110.31635760849112,
                  36.687457170773506
                ],
                [
                  110.31882100213069,
                  36.69313717083903
                ],
                [
                  110.32126406636553,
                  36.69879345165126
                ],
                [
                  110.32368676532778,
                  36.7044255075727
                ],
                [
                  110.32608906314961,
                  36.71003283296585
                ],
                [
                  110.32847092396318,
                  36.71561492219322
                ],
                [
                  110.33083231190069,
                  36.72117126961731
                ],
                [
                  110.33317319109428,
                  36.72670136960062
                ],
                [
                  110.3354935256761,
                  36.732204716505656
                ],
                [
                  110.33779327977835,
                  36.73768080469493
                ],
                [
                  110.3400724175332,
                  36.74312912853094
                ],
                [
                  110.34233090307276,
                  36.748549182376195
                ],
                [
                  110.34456870052927,
                  36.75394046059319
                ],
                [
                  110.34678577403486,
                  36.75930245754444
                ],
                [
                  110.34898208772168,
                  36.764634667592446
                ],
                [
                  110.35115760572192,
                  36.76993658509971
                ],
                [
                  110.35331229216774,
                  36.77520770442873
                ],
                [
                  110.35544611119133,
                  36.78044751994202
                ],
                [
                  110.35755902692482,
                  36.78565552600209
                ],
                [
                  110.35965100350039,
                  36.790831216971426
                ],
                [
                  110.3617220050502,
                  36.79597408721255
                ],
                [
                  110.36377199570643,
                  36.801083631087955
                ],
                [
                  110.36580093960124,
                  36.80615934296014
                ],
                [
                  110.36780880086681,
                  36.81120071719163
                ],
                [
                  110.36979554363528,
                  36.81620724814492
                ],
                [
                  110.37176113203884,
                  36.8211784301825
                ],
                [
                  110.37370553020963,
                  36.82611375766689
                ],
                [
                  110.37562870227984,
                  36.831012724960594
                ],
                [
                  110.37753061238165,
                  36.83587482642611
                ],
                [
                  110.37941122464719,
                  36.84069955642594
                ],
                [
                  110.38127050320864,
                  36.845486409322596
                ],
                [
                  110.38310841219817,
                  36.85023487947858
                ],
                [
                  110.38492491574794,
                  36.854944461256395
                ],
                [
                  110.38671997799013,
                  36.859614649018546
                ],
                [
                  110.3884935630569,
                  36.86424493712754
                ],
                [
                  110.3902456350804,
                  36.868834819945874
                ],
                [
                  110.39197615819283,
                  36.873383791836055
                ],
                [
                  110.39368509652633,
                  36.87789134716059
                ],
                [
                  110.39537241421307,
                  36.88235698028198
                ],
                [
                  110.39703807538523,
                  36.88678018556274
                ],
                [
                  110.39868204417496,
                  36.89116045736536
                ],
                [
                  110.40030428471444,
                  36.89549729005235
                ],
                [
                  110.40190476113582,
                  36.89979017798621
                ],
                [
                  110.40348343757128,
                  36.90403861552946
                ],
                [
                  110.405040278153,
                  36.90824209704458
                ],
                [
                  110.40657524701311,
                  36.91240011689409
                ],
                [
                  110.40808830828381,
                  36.916512169440495
                ],
                [
                  110.40957942609724,
                  36.920577749046295
                ],
                [
                  110.41104856458558,
                  36.92459635007399
                ],
                [
                  110.41235269580187,
                  36.92817507582224
                ]
              ],
              [
                [
                  110.56004053538638,
                  37.171906245150446
                ],
                [
                  110.56766410727586,
                  37.189084287032124
                ]
              ]
            ]
          }
        }
      }
    }
  ]
}
